sample_idx,target_smiles,step,token_id,token_text,entropy,varentropy
0,O=C1CN(S(=O)(=O)c2ccc(C(=O)O)cc2)C(=O)C(Cc2ccccc2)CN1,0,19,O,0.014342684298753738,0.09597738087177277
0,O=C1CN(S(=O)(=O)c2ccc(C(=O)O)cc2)C(=O)C(Cc2ccccc2)CN1,1,22,=,0.0008675985736772418,0.01051559392362833
0,O=C1CN(S(=O)(=O)c2ccc(C(=O)O)cc2)C(=O)C(Cc2ccccc2)CN1,2,16,C,0.022557971999049187,0.15537194907665253
0,O=C1CN(S(=O)(=O)c2ccc(C(=O)O)cc2)C(=O)C(Cc2ccccc2)CN1,3,17,(,0.48897987604141235,1.0778918266296387
0,O=C1CN(S(=O)(=O)c2ccc(C(=O)O)cc2)C(=O)C(Cc2ccccc2)CN1,4,19,O,0.3631528317928314,0.8602117896080017
0,O=C1CN(S(=O)(=O)c2ccc(C(=O)O)cc2)C(=O)C(Cc2ccccc2)CN1,5,18,),0.0033559813164174557,0.0342634841799736
0,O=C1CN(S(=O)(=O)c2ccc(C(=O)O)cc2)C(=O)C(Cc2ccccc2)CN1,6,16,C,0.3988792300224304,0.8087632656097412
0,O=C1CN(S(=O)(=O)c2ccc(C(=O)O)cc2)C(=O)C(Cc2ccccc2)CN1,7,16,C,1.6839998960494995,0.6562590599060059
0,O=C1CN(S(=O)(=O)c2ccc(C(=O)O)cc2)C(=O)C(Cc2ccccc2)CN1,8,20,1,0.5693042874336243,0.6769348978996277
0,O=C1CN(S(=O)(=O)c2ccc(C(=O)O)cc2)C(=O)C(Cc2ccccc2)CN1,9,16,C,0.16771210730075836,0.6421473622322083
0,O=C1CN(S(=O)(=O)c2ccc(C(=O)O)cc2)C(=O)C(Cc2ccccc2)CN1,10,34,S,0.7663809061050415,1.263633370399475
0,O=C1CN(S(=O)(=O)c2ccc(C(=O)O)cc2)C(=O)C(Cc2ccccc2)CN1,11,16,C,0.932583749294281,0.5994780659675598
0,O=C1CN(S(=O)(=O)c2ccc(C(=O)O)cc2)C(=O)C(Cc2ccccc2)CN1,12,17,(,0.47759589552879333,1.1307438611984253
0,O=C1CN(S(=O)(=O)c2ccc(C(=O)O)cc2)C(=O)C(Cc2ccccc2)CN1,13,23,N,1.3155124187469482,0.870400071144104
0,O=C1CN(S(=O)(=O)c2ccc(C(=O)O)cc2)C(=O)C(Cc2ccccc2)CN1,14,16,C,0.03693704679608345,0.24550485610961914
0,O=C1CN(S(=O)(=O)c2ccc(C(=O)O)cc2)C(=O)C(Cc2ccccc2)CN1,15,17,(,0.3303327262401581,0.89513099193573
0,O=C1CN(S(=O)(=O)c2ccc(C(=O)O)cc2)C(=O)C(Cc2ccccc2)CN1,16,22,=,0.002676590345799923,0.026320263743400574
0,O=C1CN(S(=O)(=O)c2ccc(C(=O)O)cc2)C(=O)C(Cc2ccccc2)CN1,17,19,O,0.00114263198338449,0.012751351110637188
0,O=C1CN(S(=O)(=O)c2ccc(C(=O)O)cc2)C(=O)C(Cc2ccccc2)CN1,18,18,),0.0006687708082608879,0.008583770133554935
0,O=C1CN(S(=O)(=O)c2ccc(C(=O)O)cc2)C(=O)C(Cc2ccccc2)CN1,19,15,c,0.03711194545030594,0.19993074238300323
0,O=C1CN(S(=O)(=O)c2ccc(C(=O)O)cc2)C(=O)C(Cc2ccccc2)CN1,20,21,2,0.0010165751446038485,0.012657510116696358
0,O=C1CN(S(=O)(=O)c2ccc(C(=O)O)cc2)C(=O)C(Cc2ccccc2)CN1,21,15,c,0.002081706188619137,0.02222985029220581
0,O=C1CN(S(=O)(=O)c2ccc(C(=O)O)cc2)C(=O)C(Cc2ccccc2)CN1,22,15,c,0.0015297672944143414,0.016883330419659615
0,O=C1CN(S(=O)(=O)c2ccc(C(=O)O)cc2)C(=O)C(Cc2ccccc2)CN1,23,15,c,0.004071797709912062,0.03823081776499748
0,O=C1CN(S(=O)(=O)c2ccc(C(=O)O)cc2)C(=O)C(Cc2ccccc2)CN1,24,17,(,0.028818365186452866,0.15963898599147797
0,O=C1CN(S(=O)(=O)c2ccc(C(=O)O)cc2)C(=O)C(Cc2ccccc2)CN1,25,16,C,0.1662871241569519,0.6792251467704773
0,O=C1CN(S(=O)(=O)c2ccc(C(=O)O)cc2)C(=O)C(Cc2ccccc2)CN1,26,17,(,0.004222401417791843,0.03865370154380798
0,O=C1CN(S(=O)(=O)c2ccc(C(=O)O)cc2)C(=O)C(Cc2ccccc2)CN1,27,22,=,0.0024345049168914557,0.024211518466472626
0,O=C1CN(S(=O)(=O)c2ccc(C(=O)O)cc2)C(=O)C(Cc2ccccc2)CN1,28,19,O,0.0009319427190348506,0.011269539594650269
0,O=C1CN(S(=O)(=O)c2ccc(C(=O)O)cc2)C(=O)C(Cc2ccccc2)CN1,29,18,),0.0005640221061185002,0.007467267569154501
0,O=C1CN(S(=O)(=O)c2ccc(C(=O)O)cc2)C(=O)C(Cc2ccccc2)CN1,30,23,N,0.7140401005744934,0.22116729617118835
0,O=C1CN(S(=O)(=O)c2ccc(C(=O)O)cc2)C(=O)C(Cc2ccccc2)CN1,31,16,C,0.43473660945892334,0.8049108982086182
0,O=C1CN(S(=O)(=O)c2ccc(C(=O)O)cc2)C(=O)C(Cc2ccccc2)CN1,32,15,c,0.32610294222831726,0.9138845801353455
0,O=C1CN(S(=O)(=O)c2ccc(C(=O)O)cc2)C(=O)C(Cc2ccccc2)CN1,33,26,3,0.016077041625976562,0.1505432426929474
0,O=C1CN(S(=O)(=O)c2ccc(C(=O)O)cc2)C(=O)C(Cc2ccccc2)CN1,34,15,c,0.0014598980778828263,0.015486310236155987
0,O=C1CN(S(=O)(=O)c2ccc(C(=O)O)cc2)C(=O)C(Cc2ccccc2)CN1,35,15,c,0.0014531061751767993,0.015552770346403122
0,O=C1CN(S(=O)(=O)c2ccc(C(=O)O)cc2)C(=O)C(Cc2ccccc2)CN1,36,15,c,0.002796486020088196,0.0266062393784523
0,O=C1CN(S(=O)(=O)c2ccc(C(=O)O)cc2)C(=O)C(Cc2ccccc2)CN1,37,15,c,0.002085066167637706,0.020820142701268196
0,O=C1CN(S(=O)(=O)c2ccc(C(=O)O)cc2)C(=O)C(Cc2ccccc2)CN1,38,15,c,0.0012518304865807295,0.012884414754807949
0,O=C1CN(S(=O)(=O)c2ccc(C(=O)O)cc2)C(=O)C(Cc2ccccc2)CN1,39,26,3,0.0030929320491850376,0.02863107994198799
0,O=C1CN(S(=O)(=O)c2ccc(C(=O)O)cc2)C(=O)C(Cc2ccccc2)CN1,40,18,),0.0009647828410379589,0.012004606425762177
0,O=C1CN(S(=O)(=O)c2ccc(C(=O)O)cc2)C(=O)C(Cc2ccccc2)CN1,41,15,c,0.004187953658401966,0.03888523578643799
0,O=C1CN(S(=O)(=O)c2ccc(C(=O)O)cc2)C(=O)C(Cc2ccccc2)CN1,42,15,c,0.002330644754692912,0.02205086126923561
0,O=C1CN(S(=O)(=O)c2ccc(C(=O)O)cc2)C(=O)C(Cc2ccccc2)CN1,43,21,2,0.0032557272352278233,0.03239712119102478
0,O=C1CN(S(=O)(=O)c2ccc(C(=O)O)cc2)C(=O)C(Cc2ccccc2)CN1,44,18,),0.003381923772394657,0.03614817187190056
0,O=C1CN(S(=O)(=O)c2ccc(C(=O)O)cc2)C(=O)C(Cc2ccccc2)CN1,45,16,C,0.7159584164619446,0.17374905943870544
0,O=C1CN(S(=O)(=O)c2ccc(C(=O)O)cc2)C(=O)C(Cc2ccccc2)CN1,46,20,1,0.8308748602867126,1.5740361213684082
0,O=C1CN(S(=O)(=O)c2ccc(C(=O)O)cc2)C(=O)C(Cc2ccccc2)CN1,47,22,=,0.011239418759942055,0.09184499084949493
0,O=C1CN(S(=O)(=O)c2ccc(C(=O)O)cc2)C(=O)C(Cc2ccccc2)CN1,48,19,O,0.004227716475725174,0.04200737550854683
0,O=C1CN(S(=O)(=O)c2ccc(C(=O)O)cc2)C(=O)C(Cc2ccccc2)CN1,49,13,[SEP],0.0008897942025214434,0.010154468938708305
1,c1cc(-c2csnn2)ccc1OCC1CO1,0,15,c,1.0517292022705078,2.3274567127227783
1,c1cc(-c2csnn2)ccc1OCC1CO1,1,20,1,0.018643278628587723,0.15946516394615173
1,c1cc(-c2csnn2)ccc1OCC1CO1,2,15,c,0.17681428790092468,0.5082535147666931
1,c1cc(-c2csnn2)ccc1OCC1CO1,3,15,c,0.049126915633678436,0.2704751789569855
1,c1cc(-c2csnn2)ccc1OCC1CO1,4,15,c,0.6076583862304688,0.35773900151252747
1,c1cc(-c2csnn2)ccc1OCC1CO1,5,17,(,0.032516490668058395,0.16210949420928955
1,c1cc(-c2csnn2)ccc1OCC1CO1,6,31,-,0.5394025444984436,1.6122909784317017
1,c1cc(-c2csnn2)ccc1OCC1CO1,7,15,c,0.02272455021739006,0.15473008155822754
1,c1cc(-c2csnn2)ccc1OCC1CO1,8,21,2,0.004401026293635368,0.0473637618124485
1,c1cc(-c2csnn2)ccc1OCC1CO1,9,15,c,0.7369967699050903,0.2597026824951172
1,c1cc(-c2csnn2)ccc1OCC1CO1,10,25,n,0.7779085040092468,0.7781773805618286
1,c1cc(-c2csnn2)ccc1OCC1CO1,11,25,n,0.6859095692634583,0.9354344606399536
1,c1cc(-c2csnn2)ccc1OCC1CO1,12,42,s,0.04712119698524475,0.28971436619758606
1,c1cc(-c2csnn2)ccc1OCC1CO1,13,21,2,0.0014663657639175653,0.01781071349978447
1,c1cc(-c2csnn2)ccc1OCC1CO1,14,18,),0.0018212412251159549,0.021677300333976746
1,c1cc(-c2csnn2)ccc1OCC1CO1,15,15,c,0.004463838413357735,0.03721388429403305
1,c1cc(-c2csnn2)ccc1OCC1CO1,16,15,c,0.0265990998595953,0.1614888310432434
1,c1cc(-c2csnn2)ccc1OCC1CO1,17,20,1,0.002753708278760314,0.028624096885323524
1,c1cc(-c2csnn2)ccc1OCC1CO1,18,18,),0.7905532121658325,0.5927541851997375
1,c1cc(-c2csnn2)ccc1OCC1CO1,19,16,C,1.3196839094161987,1.915869951248169
1,c1cc(-c2csnn2)ccc1OCC1CO1,20,20,1,1.076190710067749,0.6050422191619873
1,c1cc(-c2csnn2)ccc1OCC1CO1,21,16,C,0.009547241032123566,0.08167561888694763
1,c1cc(-c2csnn2)ccc1OCC1CO1,22,19,O,0.003837709315121174,0.03702769801020622
1,c1cc(-c2csnn2)ccc1OCC1CO1,23,20,1,0.057532522827386856,0.27456045150756836
1,c1cc(-c2csnn2)ccc1OCC1CO1,24,13,[SEP],0.01771196909248829,0.12242215871810913
2,COc1ccc(Cl)cc1Oc1ccc(S(C)(=O)=O)cc1Cl,0,16,C,0.0013146382989361882,0.015247791074216366
2,COc1ccc(Cl)cc1Oc1ccc(S(C)(=O)=O)cc1Cl,1,19,O,0.0019609543960541487,0.02102690376341343
2,COc1ccc(Cl)cc1Oc1ccc(S(C)(=O)=O)cc1Cl,2,15,c,0.0032043347600847483,0.03169120103120804
2,COc1ccc(Cl)cc1Oc1ccc(S(C)(=O)=O)cc1Cl,3,20,1,0.0008104837615974247,0.009987648576498032
2,COc1ccc(Cl)cc1Oc1ccc(S(C)(=O)=O)cc1Cl,4,15,c,0.0007127740536816418,0.008776972070336342
2,COc1ccc(Cl)cc1Oc1ccc(S(C)(=O)=O)cc1Cl,5,15,c,0.0009053764515556395,0.010061686858534813
2,COc1ccc(Cl)cc1Oc1ccc(S(C)(=O)=O)cc1Cl,6,15,c,0.44469594955444336,0.40300068259239197
2,COc1ccc(Cl)cc1Oc1ccc(S(C)(=O)=O)cc1Cl,7,17,(,0.0678190141916275,0.26850685477256775
2,COc1ccc(Cl)cc1Oc1ccc(S(C)(=O)=O)cc1Cl,8,28,Cl,0.3402555584907532,1.0742732286453247
2,COc1ccc(Cl)cc1Oc1ccc(S(C)(=O)=O)cc1Cl,9,18,),0.000630935828667134,0.008155636489391327
2,COc1ccc(Cl)cc1Oc1ccc(S(C)(=O)=O)cc1Cl,10,15,c,0.0008577138651162386,0.009818334132432938
2,COc1ccc(Cl)cc1Oc1ccc(S(C)(=O)=O)cc1Cl,11,15,c,0.031146613880991936,0.15136155486106873
2,COc1ccc(Cl)cc1Oc1ccc(S(C)(=O)=O)cc1Cl,12,20,1,0.0007417724700644612,0.009616669267416
2,COc1ccc(Cl)cc1Oc1ccc(S(C)(=O)=O)cc1Cl,13,19,O,0.012568696402013302,0.10416189581155777
2,COc1ccc(Cl)cc1Oc1ccc(S(C)(=O)=O)cc1Cl,14,15,c,0.0014532627537846565,0.016118116676807404
2,COc1ccc(Cl)cc1Oc1ccc(S(C)(=O)=O)cc1Cl,15,20,1,0.0009390531340613961,0.011844823136925697
2,COc1ccc(Cl)cc1Oc1ccc(S(C)(=O)=O)cc1Cl,16,15,c,0.001089280704036355,0.011432609520852566
2,COc1ccc(Cl)cc1Oc1ccc(S(C)(=O)=O)cc1Cl,17,15,c,0.031031260266900063,0.15158610045909882
2,COc1ccc(Cl)cc1Oc1ccc(S(C)(=O)=O)cc1Cl,18,15,c,0.036588456481695175,0.17244483530521393
2,COc1ccc(Cl)cc1Oc1ccc(S(C)(=O)=O)cc1Cl,19,17,(,0.017145628109574318,0.11632757633924484
2,COc1ccc(Cl)cc1Oc1ccc(S(C)(=O)=O)cc1Cl,20,34,S,0.5017203092575073,0.6392723321914673
2,COc1ccc(Cl)cc1Oc1ccc(S(C)(=O)=O)cc1Cl,21,17,(,0.012656974606215954,0.10159758478403091
2,COc1ccc(Cl)cc1Oc1ccc(S(C)(=O)=O)cc1Cl,22,16,C,0.005413853097707033,0.05107850581407547
2,COc1ccc(Cl)cc1Oc1ccc(S(C)(=O)=O)cc1Cl,23,18,),0.0007320955628529191,0.009501462802290916
2,COc1ccc(Cl)cc1Oc1ccc(S(C)(=O)=O)cc1Cl,24,17,(,0.00280571635812521,0.028760826215147972
2,COc1ccc(Cl)cc1Oc1ccc(S(C)(=O)=O)cc1Cl,25,22,=,0.002373218070715666,0.02503521554172039
2,COc1ccc(Cl)cc1Oc1ccc(S(C)(=O)=O)cc1Cl,26,19,O,0.0018126057693734765,0.02006860263645649
2,COc1ccc(Cl)cc1Oc1ccc(S(C)(=O)=O)cc1Cl,27,18,),0.0005363374366424978,0.007226696237921715
2,COc1ccc(Cl)cc1Oc1ccc(S(C)(=O)=O)cc1Cl,28,22,=,0.002340552397072315,0.025470009073615074
2,COc1ccc(Cl)cc1Oc1ccc(S(C)(=O)=O)cc1Cl,29,19,O,0.010800061747431755,0.08953331410884857
2,COc1ccc(Cl)cc1Oc1ccc(S(C)(=O)=O)cc1Cl,30,18,),0.0005793292657472193,0.007701421156525612
2,COc1ccc(Cl)cc1Oc1ccc(S(C)(=O)=O)cc1Cl,31,15,c,0.04054717719554901,0.2017299234867096
2,COc1ccc(Cl)cc1Oc1ccc(S(C)(=O)=O)cc1Cl,32,15,c,0.1518179327249527,0.5760254263877869
2,COc1ccc(Cl)cc1Oc1ccc(S(C)(=O)=O)cc1Cl,33,20,1,0.001351280603557825,0.01618814840912819
2,COc1ccc(Cl)cc1Oc1ccc(S(C)(=O)=O)cc1Cl,34,28,Cl,0.9154537320137024,0.976335883140564
2,COc1ccc(Cl)cc1Oc1ccc(S(C)(=O)=O)cc1Cl,35,13,[SEP],0.08900409191846848,0.29955703020095825
3,CCCCCCOC(=O)c1cc(Br)cc(C)c1N,0,16,C,0.0009942882461473346,0.011978885158896446
3,CCCCCCOC(=O)c1cc(Br)cc(C)c1N,1,16,C,0.001642783754505217,0.01824832893908024
3,CCCCCCOC(=O)c1cc(Br)cc(C)c1N,2,16,C,0.002657330362126231,0.02720135636627674
3,CCCCCCOC(=O)c1cc(Br)cc(C)c1N,3,16,C,0.0015977645525708795,0.0174657441675663
3,CCCCCCOC(=O)c1cc(Br)cc(C)c1N,4,16,C,0.0018463993910700083,0.019453320652246475
3,CCCCCCOC(=O)c1cc(Br)cc(C)c1N,5,16,C,0.02290947735309601,0.14039279520511627
3,CCCCCCOC(=O)c1cc(Br)cc(C)c1N,6,19,O,0.010416335426270962,0.07233642041683197
3,CCCCCCOC(=O)c1cc(Br)cc(C)c1N,7,16,C,0.5128923654556274,0.3685612678527832
3,CCCCCCOC(=O)c1cc(Br)cc(C)c1N,8,17,(,0.0007482069195248187,0.0090324180200696
3,CCCCCCOC(=O)c1cc(Br)cc(C)c1N,9,22,=,0.016064412891864777,0.10338051617145538
3,CCCCCCOC(=O)c1cc(Br)cc(C)c1N,10,19,O,0.0006966795772314072,0.00865873321890831
3,CCCCCCOC(=O)c1cc(Br)cc(C)c1N,11,18,),0.0005421244422905147,0.007225283421576023
3,CCCCCCOC(=O)c1cc(Br)cc(C)c1N,12,15,c,0.0012658548075705767,0.014572327956557274
3,CCCCCCOC(=O)c1cc(Br)cc(C)c1N,13,20,1,0.000724678160622716,0.009115672670304775
3,CCCCCCOC(=O)c1cc(Br)cc(C)c1N,14,15,c,0.001639636349864304,0.017970584332942963
3,CCCCCCOC(=O)c1cc(Br)cc(C)c1N,15,15,c,0.009135071188211441,0.06464581191539764
3,CCCCCCOC(=O)c1cc(Br)cc(C)c1N,16,17,(,0.0019755330868065357,0.020639706403017044
3,CCCCCCOC(=O)c1cc(Br)cc(C)c1N,17,16,C,0.4896202087402344,0.6239804625511169
3,CCCCCCOC(=O)c1cc(Br)cc(C)c1N,18,18,),0.0032783523201942444,0.03231881558895111
3,CCCCCCOC(=O)c1cc(Br)cc(C)c1N,19,15,c,0.009447120130062103,0.07443875074386597
3,CCCCCCOC(=O)c1cc(Br)cc(C)c1N,20,17,(,0.29803338646888733,0.5572823882102966
3,CCCCCCOC(=O)c1cc(Br)cc(C)c1N,21,23,N,0.8905543088912964,0.4944246709346771
3,CCCCCCOC(=O)c1cc(Br)cc(C)c1N,22,18,),0.0012575990986078978,0.01524882111698389
3,CCCCCCOC(=O)c1cc(Br)cc(C)c1N,23,15,c,0.004197059664875269,0.037987787276506424
3,CCCCCCOC(=O)c1cc(Br)cc(C)c1N,24,17,(,0.007876544259488583,0.06578640639781952
3,CCCCCCOC(=O)c1cc(Br)cc(C)c1N,25,37,Br,0.010263842530548573,0.09639017283916473
3,CCCCCCOC(=O)c1cc(Br)cc(C)c1N,26,18,),0.0005787742557004094,0.007714295294135809
3,CCCCCCOC(=O)c1cc(Br)cc(C)c1N,27,15,c,0.0021929696667939425,0.022392170503735542
3,CCCCCCOC(=O)c1cc(Br)cc(C)c1N,28,20,1,0.001962695037946105,0.02214616909623146
3,CCCCCCOC(=O)c1cc(Br)cc(C)c1N,29,13,[SEP],0.0013676683884114027,0.014400533400475979
4,C[C@@H]1CC[C@@H](NC(=O)CN(C)C)CC1,0,16,C,0.0011586102191358805,0.01361375954002142
4,C[C@@H]1CC[C@@H](NC(=O)CN(C)C)CC1,1,16,C,1.1208633184432983,1.1428108215332031
4,C[C@@H]1CC[C@@H](NC(=O)CN(C)C)CC1,2,17,(,0.42234545946121216,0.923636794090271
4,C[C@@H]1CC[C@@H](NC(=O)CN(C)C)CC1,3,16,C,0.19353874027729034,0.4880921542644501
4,C[C@@H]1CC[C@@H](NC(=O)CN(C)C)CC1,4,18,),0.004252936225384474,0.041077833622694016
4,C[C@@H]1CC[C@@H](NC(=O)CN(C)C)CC1,5,16,C,0.6316432952880859,0.374044269323349
4,C[C@@H]1CC[C@@H](NC(=O)CN(C)C)CC1,6,16,C,0.40101513266563416,1.0542535781860352
4,C[C@@H]1CC[C@@H](NC(=O)CN(C)C)CC1,7,16,C,1.1488276720046997,0.6863066554069519
4,C[C@@H]1CC[C@@H](NC(=O)CN(C)C)CC1,8,17,(,1.0598013401031494,0.770159125328064
4,C[C@@H]1CC[C@@H](NC(=O)CN(C)C)CC1,9,22,=,0.14203649759292603,0.5543650984764099
4,C[C@@H]1CC[C@@H](NC(=O)CN(C)C)CC1,10,19,O,0.00331090297549963,0.030361950397491455
4,C[C@@H]1CC[C@@H](NC(=O)CN(C)C)CC1,11,18,),0.000605426321271807,0.008004987612366676
4,C[C@@H]1CC[C@@H](NC(=O)CN(C)C)CC1,12,23,N,0.001654290477745235,0.018862904980778694
4,C[C@@H]1CC[C@@H](NC(=O)CN(C)C)CC1,13,16,C,0.226676344871521,0.7969138622283936
4,C[C@@H]1CC[C@@H](NC(=O)CN(C)C)CC1,14,20,1,0.012225545942783356,0.09300019592046738
4,C[C@@H]1CC[C@@H](NC(=O)CN(C)C)CC1,15,16,C,0.004970843438059092,0.0446314699947834
4,C[C@@H]1CC[C@@H](NC(=O)CN(C)C)CC1,16,16,C,0.10745619982481003,0.422575443983078
4,C[C@@H]1CC[C@@H](NC(=O)CN(C)C)CC1,17,23,N,0.49179521203041077,0.8646114468574524
4,C[C@@H]1CC[C@@H](NC(=O)CN(C)C)CC1,18,17,(,0.045136019587516785,0.20940189063549042
4,C[C@@H]1CC[C@@H](NC(=O)CN(C)C)CC1,19,16,C,0.0020588214974850416,0.022878430783748627
4,C[C@@H]1CC[C@@H](NC(=O)CN(C)C)CC1,20,18,),0.0015720654046162963,0.018308419734239578
4,C[C@@H]1CC[C@@H](NC(=O)CN(C)C)CC1,21,16,C,0.0023622566368430853,0.025290168821811676
4,C[C@@H]1CC[C@@H](NC(=O)CN(C)C)CC1,22,20,1,0.0069266720674932,0.06275419890880585
4,C[C@@H]1CC[C@@H](NC(=O)CN(C)C)CC1,23,13,[SEP],0.008469429798424244,0.057457391172647476
5,COc1ccc(CO)cc1S(=O)(=O)N(C)C,0,16,C,0.0012680826475843787,0.014832178130745888
5,COc1ccc(CO)cc1S(=O)(=O)N(C)C,1,19,O,0.0026539808604866266,0.02716287411749363
5,COc1ccc(CO)cc1S(=O)(=O)N(C)C,2,15,c,0.0024496857076883316,0.025723382830619812
5,COc1ccc(CO)cc1S(=O)(=O)N(C)C,3,20,1,0.0008542676805518568,0.010646398179233074
5,COc1ccc(CO)cc1S(=O)(=O)N(C)C,4,15,c,0.0011408987920731306,0.011787512339651585
5,COc1ccc(CO)cc1S(=O)(=O)N(C)C,5,15,c,0.0007947897538542747,0.009001580998301506
5,COc1ccc(CO)cc1S(=O)(=O)N(C)C,6,15,c,0.003561908146366477,0.029518483206629753
5,COc1ccc(CO)cc1S(=O)(=O)N(C)C,7,17,(,0.002656875876709819,0.024121485650539398
5,COc1ccc(CO)cc1S(=O)(=O)N(C)C,8,16,C,0.0027391123585402966,0.028133545070886612
5,COc1ccc(CO)cc1S(=O)(=O)N(C)C,9,19,O,0.0067933364771306515,0.06089428439736366
5,COc1ccc(CO)cc1S(=O)(=O)N(C)C,10,18,),0.002406318439170718,0.02821331098675728
5,COc1ccc(CO)cc1S(=O)(=O)N(C)C,11,15,c,0.04527977481484413,0.19018453359603882
5,COc1ccc(CO)cc1S(=O)(=O)N(C)C,12,15,c,0.060871247202157974,0.23622649908065796
5,COc1ccc(CO)cc1S(=O)(=O)N(C)C,13,20,1,0.0008295325096696615,0.01076519675552845
5,COc1ccc(CO)cc1S(=O)(=O)N(C)C,14,34,S,0.012435799464583397,0.0984499379992485
5,COc1ccc(CO)cc1S(=O)(=O)N(C)C,15,17,(,0.002890020841732621,0.02881384640932083
5,COc1ccc(CO)cc1S(=O)(=O)N(C)C,16,22,=,0.01842871494591236,0.11625032126903534
5,COc1ccc(CO)cc1S(=O)(=O)N(C)C,17,19,O,0.0035868778359144926,0.03313571587204933
5,COc1ccc(CO)cc1S(=O)(=O)N(C)C,18,18,),0.0005862225661985576,0.007775386795401573
5,COc1ccc(CO)cc1S(=O)(=O)N(C)C,19,23,N,0.6521748304367065,0.9917617440223694
5,COc1ccc(CO)cc1S(=O)(=O)N(C)C,20,17,(,0.08172957599163055,0.45752131938934326
5,COc1ccc(CO)cc1S(=O)(=O)N(C)C,21,16,C,0.0034844421315938234,0.03644254431128502
5,COc1ccc(CO)cc1S(=O)(=O)N(C)C,22,18,),0.000815549457911402,0.01035511028021574
5,COc1ccc(CO)cc1S(=O)(=O)N(C)C,23,16,C,0.0026203820016235113,0.028782960027456284
5,COc1ccc(CO)cc1S(=O)(=O)N(C)C,24,13,[SEP],0.036698728799819946,0.18488523364067078
6,COc1cncc(-c2c(-c3cn[nH]c3)sc3nc(C)cc(NS(=O)(=O)c4cccc(Cl)c4)c23)c1,0,16,C,0.0016970407450571656,0.019288646057248116
6,COc1cncc(-c2c(-c3cn[nH]c3)sc3nc(C)cc(NS(=O)(=O)c4cccc(Cl)c4)c23)c1,1,19,O,0.03095100447535515,0.20576047897338867
6,COc1cncc(-c2c(-c3cn[nH]c3)sc3nc(C)cc(NS(=O)(=O)c4cccc(Cl)c4)c23)c1,2,15,c,0.022983785718679428,0.1599382609128952
6,COc1cncc(-c2c(-c3cn[nH]c3)sc3nc(C)cc(NS(=O)(=O)c4cccc(Cl)c4)c23)c1,3,20,1,0.0018937321146950126,0.020528048276901245
6,COc1cncc(-c2c(-c3cn[nH]c3)sc3nc(C)cc(NS(=O)(=O)c4cccc(Cl)c4)c23)c1,4,15,c,0.2894544303417206,0.587738573551178
6,COc1cncc(-c2c(-c3cn[nH]c3)sc3nc(C)cc(NS(=O)(=O)c4cccc(Cl)c4)c23)c1,5,25,n,0.34025508165359497,0.5614281892776489
6,COc1cncc(-c2c(-c3cn[nH]c3)sc3nc(C)cc(NS(=O)(=O)c4cccc(Cl)c4)c23)c1,6,15,c,0.0218720193952322,0.12911632657051086
6,COc1cncc(-c2c(-c3cn[nH]c3)sc3nc(C)cc(NS(=O)(=O)c4cccc(Cl)c4)c23)c1,7,15,c,0.18648022413253784,0.633824348449707
6,COc1cncc(-c2c(-c3cn[nH]c3)sc3nc(C)cc(NS(=O)(=O)c4cccc(Cl)c4)c23)c1,8,17,(,0.08504948019981384,0.33611851930618286
6,COc1cncc(-c2c(-c3cn[nH]c3)sc3nc(C)cc(NS(=O)(=O)c4cccc(Cl)c4)c23)c1,9,31,-,0.045942522585392,0.3119349479675293
6,COc1cncc(-c2c(-c3cn[nH]c3)sc3nc(C)cc(NS(=O)(=O)c4cccc(Cl)c4)c23)c1,10,15,c,0.007631626445800066,0.05388149991631508
6,COc1cncc(-c2c(-c3cn[nH]c3)sc3nc(C)cc(NS(=O)(=O)c4cccc(Cl)c4)c23)c1,11,21,2,0.004914813209325075,0.049978598952293396
6,COc1cncc(-c2c(-c3cn[nH]c3)sc3nc(C)cc(NS(=O)(=O)c4cccc(Cl)c4)c23)c1,12,15,c,0.8026553988456726,0.43661582469940186
6,COc1cncc(-c2c(-c3cn[nH]c3)sc3nc(C)cc(NS(=O)(=O)c4cccc(Cl)c4)c23)c1,13,15,c,0.35923251509666443,0.8876780271530151
6,COc1cncc(-c2c(-c3cn[nH]c3)sc3nc(C)cc(NS(=O)(=O)c4cccc(Cl)c4)c23)c1,14,15,c,0.6457095146179199,1.1461158990859985
6,COc1cncc(-c2c(-c3cn[nH]c3)sc3nc(C)cc(NS(=O)(=O)c4cccc(Cl)c4)c23)c1,15,15,c,0.7117112874984741,0.9844474792480469
6,COc1cncc(-c2c(-c3cn[nH]c3)sc3nc(C)cc(NS(=O)(=O)c4cccc(Cl)c4)c23)c1,16,17,(,0.8836581707000732,0.5225082635879517
6,COc1cncc(-c2c(-c3cn[nH]c3)sc3nc(C)cc(NS(=O)(=O)c4cccc(Cl)c4)c23)c1,17,34,S,0.9909173250198364,1.152135968208313
6,COc1cncc(-c2c(-c3cn[nH]c3)sc3nc(C)cc(NS(=O)(=O)c4cccc(Cl)c4)c23)c1,18,17,(,0.08118076622486115,0.35799747705459595
6,COc1cncc(-c2c(-c3cn[nH]c3)sc3nc(C)cc(NS(=O)(=O)c4cccc(Cl)c4)c23)c1,19,22,=,0.013673841953277588,0.0996679738163948
6,COc1cncc(-c2c(-c3cn[nH]c3)sc3nc(C)cc(NS(=O)(=O)c4cccc(Cl)c4)c23)c1,20,19,O,0.0036256741732358932,0.03304760530591011
6,COc1cncc(-c2c(-c3cn[nH]c3)sc3nc(C)cc(NS(=O)(=O)c4cccc(Cl)c4)c23)c1,21,18,),0.0005690073594450951,0.0075285229831933975
6,COc1cncc(-c2c(-c3cn[nH]c3)sc3nc(C)cc(NS(=O)(=O)c4cccc(Cl)c4)c23)c1,22,17,(,0.006811968982219696,0.05756140500307083
6,COc1cncc(-c2c(-c3cn[nH]c3)sc3nc(C)cc(NS(=O)(=O)c4cccc(Cl)c4)c23)c1,23,22,=,0.006743485573679209,0.05957404151558876
6,COc1cncc(-c2c(-c3cn[nH]c3)sc3nc(C)cc(NS(=O)(=O)c4cccc(Cl)c4)c23)c1,24,19,O,0.008395993150770664,0.0644788146018982
6,COc1cncc(-c2c(-c3cn[nH]c3)sc3nc(C)cc(NS(=O)(=O)c4cccc(Cl)c4)c23)c1,25,18,),0.0006602305802516639,0.008577152155339718
6,COc1cncc(-c2c(-c3cn[nH]c3)sc3nc(C)cc(NS(=O)(=O)c4cccc(Cl)c4)c23)c1,26,23,N,0.013638518750667572,0.09684671461582184
6,COc1cncc(-c2c(-c3cn[nH]c3)sc3nc(C)cc(NS(=O)(=O)c4cccc(Cl)c4)c23)c1,27,15,c,0.017779553309082985,0.14249150454998016
6,COc1cncc(-c2c(-c3cn[nH]c3)sc3nc(C)cc(NS(=O)(=O)c4cccc(Cl)c4)c23)c1,28,26,3,0.01709442399442196,0.1484803706407547
6,COc1cncc(-c2c(-c3cn[nH]c3)sc3nc(C)cc(NS(=O)(=O)c4cccc(Cl)c4)c23)c1,29,15,c,0.7164722681045532,0.2369593232870102
6,COc1cncc(-c2c(-c3cn[nH]c3)sc3nc(C)cc(NS(=O)(=O)c4cccc(Cl)c4)c23)c1,30,15,c,0.6672350764274597,1.0291234254837036
6,COc1cncc(-c2c(-c3cn[nH]c3)sc3nc(C)cc(NS(=O)(=O)c4cccc(Cl)c4)c23)c1,31,15,c,0.8285894989967346,0.8400580883026123
6,COc1cncc(-c2c(-c3cn[nH]c3)sc3nc(C)cc(NS(=O)(=O)c4cccc(Cl)c4)c23)c1,32,15,c,0.6681026816368103,1.1413524150848389
6,COc1cncc(-c2c(-c3cn[nH]c3)sc3nc(C)cc(NS(=O)(=O)c4cccc(Cl)c4)c23)c1,33,17,(,0.7230199575424194,1.1497271060943604
6,COc1cncc(-c2c(-c3cn[nH]c3)sc3nc(C)cc(NS(=O)(=O)c4cccc(Cl)c4)c23)c1,34,31,-,0.12807101011276245,0.626436173915863
6,COc1cncc(-c2c(-c3cn[nH]c3)sc3nc(C)cc(NS(=O)(=O)c4cccc(Cl)c4)c23)c1,35,15,c,0.008833266794681549,0.06160992383956909
6,COc1cncc(-c2c(-c3cn[nH]c3)sc3nc(C)cc(NS(=O)(=O)c4cccc(Cl)c4)c23)c1,36,32,4,0.0251361895352602,0.1950109899044037
6,COc1cncc(-c2c(-c3cn[nH]c3)sc3nc(C)cc(NS(=O)(=O)c4cccc(Cl)c4)c23)c1,37,25,n,0.6387512683868408,0.7987219095230103
6,COc1cncc(-c2c(-c3cn[nH]c3)sc3nc(C)cc(NS(=O)(=O)c4cccc(Cl)c4)c23)c1,38,25,n,0.6424975395202637,0.7651317119598389
6,COc1cncc(-c2c(-c3cn[nH]c3)sc3nc(C)cc(NS(=O)(=O)c4cccc(Cl)c4)c23)c1,39,15,c,0.6786840558052063,1.2647314071655273
6,COc1cncc(-c2c(-c3cn[nH]c3)sc3nc(C)cc(NS(=O)(=O)c4cccc(Cl)c4)c23)c1,40,17,(,1.2551661729812622,1.356844425201416
6,COc1cncc(-c2c(-c3cn[nH]c3)sc3nc(C)cc(NS(=O)(=O)c4cccc(Cl)c4)c23)c1,41,16,C,0.1758585274219513,0.6010797023773193
6,COc1cncc(-c2c(-c3cn[nH]c3)sc3nc(C)cc(NS(=O)(=O)c4cccc(Cl)c4)c23)c1,42,18,),0.012202565558254719,0.09892137348651886
6,COc1cncc(-c2c(-c3cn[nH]c3)sc3nc(C)cc(NS(=O)(=O)c4cccc(Cl)c4)c23)c1,43,42,s,0.21344220638275146,0.8047649264335632
6,COc1cncc(-c2c(-c3cn[nH]c3)sc3nc(C)cc(NS(=O)(=O)c4cccc(Cl)c4)c23)c1,44,32,4,0.00498151034116745,0.05130746588110924
6,COc1cncc(-c2c(-c3cn[nH]c3)sc3nc(C)cc(NS(=O)(=O)c4cccc(Cl)c4)c23)c1,45,18,),0.000896887038834393,0.011355050839483738
6,COc1cncc(-c2c(-c3cn[nH]c3)sc3nc(C)cc(NS(=O)(=O)c4cccc(Cl)c4)c23)c1,46,15,c,0.264567494392395,0.4849861264228821
6,COc1cncc(-c2c(-c3cn[nH]c3)sc3nc(C)cc(NS(=O)(=O)c4cccc(Cl)c4)c23)c1,47,26,3,0.0021476917900145054,0.023683536797761917
6,COc1cncc(-c2c(-c3cn[nH]c3)sc3nc(C)cc(NS(=O)(=O)c4cccc(Cl)c4)c23)c1,48,18,),0.45453494787216187,1.2052499055862427
6,COc1cncc(-c2c(-c3cn[nH]c3)sc3nc(C)cc(NS(=O)(=O)c4cccc(Cl)c4)c23)c1,49,15,c,0.6062485575675964,0.4367794692516327
6,COc1cncc(-c2c(-c3cn[nH]c3)sc3nc(C)cc(NS(=O)(=O)c4cccc(Cl)c4)c23)c1,50,21,2,0.03073599375784397,0.20923230051994324
6,COc1cncc(-c2c(-c3cn[nH]c3)sc3nc(C)cc(NS(=O)(=O)c4cccc(Cl)c4)c23)c1,51,18,),0.9206281304359436,0.9216258525848389
6,COc1cncc(-c2c(-c3cn[nH]c3)sc3nc(C)cc(NS(=O)(=O)c4cccc(Cl)c4)c23)c1,52,25,n,0.21829354763031006,0.4540015757083893
6,COc1cncc(-c2c(-c3cn[nH]c3)sc3nc(C)cc(NS(=O)(=O)c4cccc(Cl)c4)c23)c1,53,20,1,0.022084373980760574,0.14588996767997742
6,COc1cncc(-c2c(-c3cn[nH]c3)sc3nc(C)cc(NS(=O)(=O)c4cccc(Cl)c4)c23)c1,54,13,[SEP],0.25557127594947815,0.5159831047058105
7,CC(=O)c1ccc(Cc2nc(C(=O)O)cs2)o1,0,16,C,0.0028186950366944075,0.030944431200623512
7,CC(=O)c1ccc(Cc2nc(C(=O)O)cs2)o1,1,16,C,0.12425226718187332,0.4148818552494049
7,CC(=O)c1ccc(Cc2nc(C(=O)O)cs2)o1,2,17,(,0.0027469557244330645,0.02528121881186962
7,CC(=O)c1ccc(Cc2nc(C(=O)O)cs2)o1,3,22,=,0.008708531968295574,0.06632394343614578
7,CC(=O)c1ccc(Cc2nc(C(=O)O)cs2)o1,4,19,O,0.002225973643362522,0.02285904251039028
7,CC(=O)c1ccc(Cc2nc(C(=O)O)cs2)o1,5,18,),0.0006692064343951643,0.008704989217221737
7,CC(=O)c1ccc(Cc2nc(C(=O)O)cs2)o1,6,15,c,0.033165473490953445,0.24196045100688934
7,CC(=O)c1ccc(Cc2nc(C(=O)O)cs2)o1,7,20,1,0.0010422439081594348,0.01214627269655466
7,CC(=O)c1ccc(Cc2nc(C(=O)O)cs2)o1,8,15,c,0.2881131172180176,0.7876187562942505
7,CC(=O)c1ccc(Cc2nc(C(=O)O)cs2)o1,9,15,c,0.4519304633140564,1.0625029802322388
7,CC(=O)c1ccc(Cc2nc(C(=O)O)cs2)o1,10,15,c,0.47686442732810974,0.8965309262275696
7,CC(=O)c1ccc(Cc2nc(C(=O)O)cs2)o1,11,17,(,0.0038607490714639425,0.03584329038858414
7,CC(=O)c1ccc(Cc2nc(C(=O)O)cs2)o1,12,16,C,0.0348036102950573,0.21416248381137848
7,CC(=O)c1ccc(Cc2nc(C(=O)O)cs2)o1,13,15,c,0.1653587520122528,0.6573815941810608
7,CC(=O)c1ccc(Cc2nc(C(=O)O)cs2)o1,14,21,2,0.01364434976130724,0.12255480885505676
7,CC(=O)c1ccc(Cc2nc(C(=O)O)cs2)o1,15,15,c,0.6320299506187439,0.562615156173706
7,CC(=O)c1ccc(Cc2nc(C(=O)O)cs2)o1,16,15,c,0.09412062913179398,0.4665704369544983
7,CC(=O)c1ccc(Cc2nc(C(=O)O)cs2)o1,17,15,c,0.6994076371192932,0.9098930358886719
7,CC(=O)c1ccc(Cc2nc(C(=O)O)cs2)o1,18,17,(,0.025977615267038345,0.19199001789093018
7,CC(=O)c1ccc(Cc2nc(C(=O)O)cs2)o1,19,16,C,0.04016932100057602,0.28769245743751526
7,CC(=O)c1ccc(Cc2nc(C(=O)O)cs2)o1,20,17,(,0.019455688074231148,0.1279216706752777
7,CC(=O)c1ccc(Cc2nc(C(=O)O)cs2)o1,21,22,=,0.00317693711258471,0.03177306056022644
7,CC(=O)c1ccc(Cc2nc(C(=O)O)cs2)o1,22,19,O,0.018900062888860703,0.14157234132289886
7,CC(=O)c1ccc(Cc2nc(C(=O)O)cs2)o1,23,18,),0.0005984200397506356,0.007913721725344658
7,CC(=O)c1ccc(Cc2nc(C(=O)O)cs2)o1,24,19,O,0.0021630439441651106,0.02347976714372635
7,CC(=O)c1ccc(Cc2nc(C(=O)O)cs2)o1,25,18,),0.0012529280502349138,0.015470637008547783
7,CC(=O)c1ccc(Cc2nc(C(=O)O)cs2)o1,26,44,o,0.7204171419143677,0.6034349203109741
7,CC(=O)c1ccc(Cc2nc(C(=O)O)cs2)o1,27,21,2,0.35948559641838074,0.5800802111625671
7,CC(=O)c1ccc(Cc2nc(C(=O)O)cs2)o1,28,18,),0.0011193648679181933,0.013915203511714935
7,CC(=O)c1ccc(Cc2nc(C(=O)O)cs2)o1,29,42,s,0.6238000392913818,0.46254050731658936
7,CC(=O)c1ccc(Cc2nc(C(=O)O)cs2)o1,30,20,1,0.07232366502285004,0.3603706955909729
7,CC(=O)c1ccc(Cc2nc(C(=O)O)cs2)o1,31,13,[SEP],0.11377593874931335,0.41736412048339844
8,COC(=O)[C@@H]1C[C@H](O)C(=O)[C@@H]2[C@@]3(C)C[C@@H](c4ccoc4)OC(=O)[C@H]3CC[C@]21C,0,16,C,0.003182845190167427,0.0317072756588459
8,COC(=O)[C@@H]1C[C@H](O)C(=O)[C@@H]2[C@@]3(C)C[C@@H](c4ccoc4)OC(=O)[C@H]3CC[C@]21C,1,19,O,0.34494757652282715,0.9123740792274475
8,COC(=O)[C@@H]1C[C@H](O)C(=O)[C@@H]2[C@@]3(C)C[C@@H](c4ccoc4)OC(=O)[C@H]3CC[C@]21C,2,16,C,0.00765528017655015,0.06986844539642334
8,COC(=O)[C@@H]1C[C@H](O)C(=O)[C@@H]2[C@@]3(C)C[C@@H](c4ccoc4)OC(=O)[C@H]3CC[C@]21C,3,17,(,0.006502598989754915,0.05588909611105919
8,COC(=O)[C@@H]1C[C@H](O)C(=O)[C@@H]2[C@@]3(C)C[C@@H](c4ccoc4)OC(=O)[C@H]3CC[C@]21C,4,22,=,0.0013659759424626827,0.0144548574462533
8,COC(=O)[C@@H]1C[C@H](O)C(=O)[C@@H]2[C@@]3(C)C[C@@H](c4ccoc4)OC(=O)[C@H]3CC[C@]21C,5,19,O,0.0012776467483490705,0.014016848057508469
8,COC(=O)[C@@H]1C[C@H](O)C(=O)[C@@H]2[C@@]3(C)C[C@@H](c4ccoc4)OC(=O)[C@H]3CC[C@]21C,6,18,),0.000617089681327343,0.008101786486804485
8,COC(=O)[C@@H]1C[C@H](O)C(=O)[C@@H]2[C@@]3(C)C[C@@H](c4ccoc4)OC(=O)[C@H]3CC[C@]21C,7,16,C,1.1173648834228516,0.6970464587211609
8,COC(=O)[C@@H]1C[C@H](O)C(=O)[C@@H]2[C@@]3(C)C[C@@H](c4ccoc4)OC(=O)[C@H]3CC[C@]21C,8,16,C,1.0224366188049316,1.563782811164856
8,COC(=O)[C@@H]1C[C@H](O)C(=O)[C@@H]2[C@@]3(C)C[C@@H](c4ccoc4)OC(=O)[C@H]3CC[C@]21C,9,16,C,0.717857301235199,1.9597505331039429
8,COC(=O)[C@@H]1C[C@H](O)C(=O)[C@@H]2[C@@]3(C)C[C@@H](c4ccoc4)OC(=O)[C@H]3CC[C@]21C,10,16,C,1.5738495588302612,1.818625807762146
8,COC(=O)[C@@H]1C[C@H](O)C(=O)[C@@H]2[C@@]3(C)C[C@@H](c4ccoc4)OC(=O)[C@H]3CC[C@]21C,11,17,(,0.8859114050865173,0.8984189629554749
8,COC(=O)[C@@H]1C[C@H](O)C(=O)[C@@H]2[C@@]3(C)C[C@@H](c4ccoc4)OC(=O)[C@H]3CC[C@]21C,12,22,=,0.6905672550201416,0.36412253975868225
8,COC(=O)[C@@H]1C[C@H](O)C(=O)[C@@H]2[C@@]3(C)C[C@@H](c4ccoc4)OC(=O)[C@H]3CC[C@]21C,13,19,O,0.03187248855829239,0.1592736691236496
8,COC(=O)[C@@H]1C[C@H](O)C(=O)[C@@H]2[C@@]3(C)C[C@@H](c4ccoc4)OC(=O)[C@H]3CC[C@]21C,14,18,),0.0006346107693389058,0.008249571546912193
8,COC(=O)[C@@H]1C[C@H](O)C(=O)[C@@H]2[C@@]3(C)C[C@@H](c4ccoc4)OC(=O)[C@H]3CC[C@]21C,15,19,O,1.408323884010315,1.446610689163208
8,COC(=O)[C@@H]1C[C@H](O)C(=O)[C@@H]2[C@@]3(C)C[C@@H](c4ccoc4)OC(=O)[C@H]3CC[C@]21C,16,33,[C@H],1.1145739555358887,0.4171309471130371
8,COC(=O)[C@@H]1C[C@H](O)C(=O)[C@@H]2[C@@]3(C)C[C@@H](c4ccoc4)OC(=O)[C@H]3CC[C@]21C,17,20,1,0.37362587451934814,0.49023205041885376
8,COC(=O)[C@@H]1C[C@H](O)C(=O)[C@@H]2[C@@]3(C)C[C@@H](c4ccoc4)OC(=O)[C@H]3CC[C@]21C,18,16,C,0.3758772611618042,0.9146335124969482
8,COC(=O)[C@@H]1C[C@H](O)C(=O)[C@@H]2[C@@]3(C)C[C@@H](c4ccoc4)OC(=O)[C@H]3CC[C@]21C,19,33,[C@H],1.068273901939392,0.7434428930282593
8,COC(=O)[C@@H]1C[C@H](O)C(=O)[C@@H]2[C@@]3(C)C[C@@H](c4ccoc4)OC(=O)[C@H]3CC[C@]21C,20,21,2,0.713356614112854,0.15132106840610504
8,COC(=O)[C@@H]1C[C@H](O)C(=O)[C@@H]2[C@@]3(C)C[C@@H](c4ccoc4)OC(=O)[C@H]3CC[C@]21C,21,35,[C@@H],0.9222154021263123,0.6953170895576477
8,COC(=O)[C@@H]1C[C@H](O)C(=O)[C@@H]2[C@@]3(C)C[C@@H](c4ccoc4)OC(=O)[C@H]3CC[C@]21C,22,17,(,0.3715340495109558,1.1948624849319458
8,COC(=O)[C@@H]1C[C@H](O)C(=O)[C@@H]2[C@@]3(C)C[C@@H](c4ccoc4)OC(=O)[C@H]3CC[C@]21C,23,16,C,1.1585402488708496,0.9915059208869934
8,COC(=O)[C@@H]1C[C@H](O)C(=O)[C@@H]2[C@@]3(C)C[C@@H](c4ccoc4)OC(=O)[C@H]3CC[C@]21C,24,16,C,2.121088981628418,1.0753118991851807
8,COC(=O)[C@@H]1C[C@H](O)C(=O)[C@@H]2[C@@]3(C)C[C@@H](c4ccoc4)OC(=O)[C@H]3CC[C@]21C,25,26,3,1.9391579627990723,0.9902703166007996
8,COC(=O)[C@@H]1C[C@H](O)C(=O)[C@@H]2[C@@]3(C)C[C@@H](c4ccoc4)OC(=O)[C@H]3CC[C@]21C,26,22,=,0.5171263813972473,1.142889380455017
8,COC(=O)[C@@H]1C[C@H](O)C(=O)[C@@H]2[C@@]3(C)C[C@@H](c4ccoc4)OC(=O)[C@H]3CC[C@]21C,27,16,C,0.005432060919702053,0.049877095967531204
8,COC(=O)[C@@H]1C[C@H](O)C(=O)[C@@H]2[C@@]3(C)C[C@@H](c4ccoc4)OC(=O)[C@H]3CC[C@]21C,28,16,C,1.0861012935638428,1.5957955121994019
8,COC(=O)[C@@H]1C[C@H](O)C(=O)[C@@H]2[C@@]3(C)C[C@@H](c4ccoc4)OC(=O)[C@H]3CC[C@]21C,29,16,C,1.8282811641693115,1.28109872341156
8,COC(=O)[C@@H]1C[C@H](O)C(=O)[C@@H]2[C@@]3(C)C[C@@H](c4ccoc4)OC(=O)[C@H]3CC[C@]21C,30,17,(,1.9599745273590088,1.3860589265823364
8,COC(=O)[C@@H]1C[C@H](O)C(=O)[C@@H]2[C@@]3(C)C[C@@H](c4ccoc4)OC(=O)[C@H]3CC[C@]21C,31,22,=,0.21521908044815063,0.6901989579200745
8,COC(=O)[C@@H]1C[C@H](O)C(=O)[C@@H]2[C@@]3(C)C[C@@H](c4ccoc4)OC(=O)[C@H]3CC[C@]21C,32,19,O,0.03867935389280319,0.18513944745063782
8,COC(=O)[C@@H]1C[C@H](O)C(=O)[C@@H]2[C@@]3(C)C[C@@H](c4ccoc4)OC(=O)[C@H]3CC[C@]21C,33,18,),0.000683455029502511,0.008786354213953018
8,COC(=O)[C@@H]1C[C@H](O)C(=O)[C@@H]2[C@@]3(C)C[C@@H](c4ccoc4)OC(=O)[C@H]3CC[C@]21C,34,16,C,0.7593372464179993,1.5389761924743652
8,COC(=O)[C@@H]1C[C@H](O)C(=O)[C@@H]2[C@@]3(C)C[C@@H](c4ccoc4)OC(=O)[C@H]3CC[C@]21C,35,26,3,0.3988654911518097,1.594130516052246
8,COC(=O)[C@@H]1C[C@H](O)C(=O)[C@@H]2[C@@]3(C)C[C@@H](c4ccoc4)OC(=O)[C@H]3CC[C@]21C,36,17,(,1.6706258058547974,1.1409611701965332
8,COC(=O)[C@@H]1C[C@H](O)C(=O)[C@@H]2[C@@]3(C)C[C@@H](c4ccoc4)OC(=O)[C@H]3CC[C@]21C,37,16,C,0.012707374058663845,0.09468697011470795
8,COC(=O)[C@@H]1C[C@H](O)C(=O)[C@@H]2[C@@]3(C)C[C@@H](c4ccoc4)OC(=O)[C@H]3CC[C@]21C,38,18,),0.007247514091432095,0.06619063764810562
8,COC(=O)[C@@H]1C[C@H](O)C(=O)[C@@H]2[C@@]3(C)C[C@@H](c4ccoc4)OC(=O)[C@H]3CC[C@]21C,39,16,C,0.8614535927772522,0.8255569934844971
8,COC(=O)[C@@H]1C[C@H](O)C(=O)[C@@H]2[C@@]3(C)C[C@@H](c4ccoc4)OC(=O)[C@H]3CC[C@]21C,40,18,),0.2234044224023819,0.9574228525161743
8,COC(=O)[C@@H]1C[C@H](O)C(=O)[C@@H]2[C@@]3(C)C[C@@H](c4ccoc4)OC(=O)[C@H]3CC[C@]21C,41,16,C,1.2242896556854248,0.9949142336845398
8,COC(=O)[C@@H]1C[C@H](O)C(=O)[C@@H]2[C@@]3(C)C[C@@H](c4ccoc4)OC(=O)[C@H]3CC[C@]21C,42,17,(,1.3669532537460327,1.4092316627502441
8,COC(=O)[C@@H]1C[C@H](O)C(=O)[C@@H]2[C@@]3(C)C[C@@H](c4ccoc4)OC(=O)[C@H]3CC[C@]21C,43,22,=,0.11448366940021515,0.41228538751602173
8,COC(=O)[C@@H]1C[C@H](O)C(=O)[C@@H]2[C@@]3(C)C[C@@H](c4ccoc4)OC(=O)[C@H]3CC[C@]21C,44,19,O,0.002750676590949297,0.025767745450139046
8,COC(=O)[C@@H]1C[C@H](O)C(=O)[C@@H]2[C@@]3(C)C[C@@H](c4ccoc4)OC(=O)[C@H]3CC[C@]21C,45,18,),0.0005851262249052525,0.007709810044616461
8,COC(=O)[C@@H]1C[C@H](O)C(=O)[C@@H]2[C@@]3(C)C[C@@H](c4ccoc4)OC(=O)[C@H]3CC[C@]21C,46,16,C,1.1693459749221802,0.9987857937812805
8,COC(=O)[C@@H]1C[C@H](O)C(=O)[C@@H]2[C@@]3(C)C[C@@H](c4ccoc4)OC(=O)[C@H]3CC[C@]21C,47,55,[C@],0.5185091495513916,1.8394346237182617
8,COC(=O)[C@@H]1C[C@H](O)C(=O)[C@@H]2[C@@]3(C)C[C@@H](c4ccoc4)OC(=O)[C@H]3CC[C@]21C,48,21,2,0.6880896091461182,0.2468508780002594
8,COC(=O)[C@@H]1C[C@H](O)C(=O)[C@@H]2[C@@]3(C)C[C@@H](c4ccoc4)OC(=O)[C@H]3CC[C@]21C,49,20,1,0.2631543278694153,0.6168410778045654
8,COC(=O)[C@@H]1C[C@H](O)C(=O)[C@@H]2[C@@]3(C)C[C@@H](c4ccoc4)OC(=O)[C@H]3CC[C@]21C,50,16,C,0.04026321321725845,0.19949856400489807
8,COC(=O)[C@@H]1C[C@H](O)C(=O)[C@@H]2[C@@]3(C)C[C@@H](c4ccoc4)OC(=O)[C@H]3CC[C@]21C,51,18,),0.33450984954833984,0.9979611039161682
8,COC(=O)[C@@H]1C[C@H](O)C(=O)[C@@H]2[C@@]3(C)C[C@@H](c4ccoc4)OC(=O)[C@H]3CC[C@]21C,52,19,O,0.10160692036151886,0.55308997631073
8,COC(=O)[C@@H]1C[C@H](O)C(=O)[C@@H]2[C@@]3(C)C[C@@H](c4ccoc4)OC(=O)[C@H]3CC[C@]21C,53,13,[SEP],0.9528099298477173,0.8158606290817261
9,Cc1nc2cnccc2n1-c1ccc2c(c1)CC(C(=O)O)C2,0,16,C,0.0032883763778954744,0.03318958356976509
9,Cc1nc2cnccc2n1-c1ccc2c(c1)CC(C(=O)O)C2,1,15,c,0.4952854812145233,0.7879005670547485
9,Cc1nc2cnccc2n1-c1ccc2c(c1)CC(C(=O)O)C2,2,20,1,0.004359109792858362,0.047543853521347046
9,Cc1nc2cnccc2n1-c1ccc2c(c1)CC(C(=O)O)C2,3,25,n,0.6367930769920349,0.21502690017223358
9,Cc1nc2cnccc2n1-c1ccc2c(c1)CC(C(=O)O)C2,4,15,c,0.05874736234545708,0.252176970243454
9,Cc1nc2cnccc2n1-c1ccc2c(c1)CC(C(=O)O)C2,5,21,2,0.0202935840934515,0.13644053041934967
9,Cc1nc2cnccc2n1-c1ccc2c(c1)CC(C(=O)O)C2,6,15,c,0.01570650190114975,0.09303100407123566
9,Cc1nc2cnccc2n1-c1ccc2c(c1)CC(C(=O)O)C2,7,25,n,0.7295768857002258,0.6538086533546448
9,Cc1nc2cnccc2n1-c1ccc2c(c1)CC(C(=O)O)C2,8,15,c,0.005327606573700905,0.043546322733163834
9,Cc1nc2cnccc2n1-c1ccc2c(c1)CC(C(=O)O)C2,9,15,c,0.0033978456631302834,0.03383771702647209
9,Cc1nc2cnccc2n1-c1ccc2c(c1)CC(C(=O)O)C2,10,15,c,0.011701487004756927,0.08073440939188004
9,Cc1nc2cnccc2n1-c1ccc2c(c1)CC(C(=O)O)C2,11,21,2,0.05582776293158531,0.2739338278770447
9,Cc1nc2cnccc2n1-c1ccc2c(c1)CC(C(=O)O)C2,12,25,n,0.009826909750699997,0.0884181335568428
9,Cc1nc2cnccc2n1-c1ccc2c(c1)CC(C(=O)O)C2,13,20,1,0.012844366952776909,0.10429726541042328
9,Cc1nc2cnccc2n1-c1ccc2c(c1)CC(C(=O)O)C2,14,31,-,0.022641921415925026,0.15889792144298553
9,Cc1nc2cnccc2n1-c1ccc2c(c1)CC(C(=O)O)C2,15,15,c,0.0014165996108204126,0.016812767833471298
9,Cc1nc2cnccc2n1-c1ccc2c(c1)CC(C(=O)O)C2,16,20,1,0.0009396170498803258,0.011574285104870796
9,Cc1nc2cnccc2n1-c1ccc2c(c1)CC(C(=O)O)C2,17,15,c,0.0005849430453963578,0.0072829145938158035
9,Cc1nc2cnccc2n1-c1ccc2c(c1)CC(C(=O)O)C2,18,15,c,0.0027337209321558475,0.024771731346845627
9,Cc1nc2cnccc2n1-c1ccc2c(c1)CC(C(=O)O)C2,19,15,c,0.1768607497215271,0.5405659079551697
9,Cc1nc2cnccc2n1-c1ccc2c(c1)CC(C(=O)O)C2,20,21,2,0.7915710210800171,0.6948229670524597
9,Cc1nc2cnccc2n1-c1ccc2c(c1)CC(C(=O)O)C2,21,15,c,0.001206561573781073,0.013157578185200691
9,Cc1nc2cnccc2n1-c1ccc2c(c1)CC(C(=O)O)C2,22,17,(,0.0063475556671619415,0.05514020472764969
9,Cc1nc2cnccc2n1-c1ccc2c(c1)CC(C(=O)O)C2,23,15,c,0.0017122633289545774,0.018000973388552666
9,Cc1nc2cnccc2n1-c1ccc2c(c1)CC(C(=O)O)C2,24,20,1,0.004977980628609657,0.04797960817813873
9,Cc1nc2cnccc2n1-c1ccc2c(c1)CC(C(=O)O)C2,25,18,),0.0019627476576715708,0.021015584468841553
9,Cc1nc2cnccc2n1-c1ccc2c(c1)CC(C(=O)O)C2,26,16,C,0.05514200031757355,0.32651856541633606
9,Cc1nc2cnccc2n1-c1ccc2c(c1)CC(C(=O)O)C2,27,16,C,0.16192831099033356,0.7688075304031372
9,Cc1nc2cnccc2n1-c1ccc2c(c1)CC(C(=O)O)C2,28,17,(,0.9687843918800354,1.0994247198104858
9,Cc1nc2cnccc2n1-c1ccc2c(c1)CC(C(=O)O)C2,29,16,C,0.005591916851699352,0.05391829460859299
9,Cc1nc2cnccc2n1-c1ccc2c(c1)CC(C(=O)O)C2,30,17,(,0.013705198653042316,0.10206041485071182
9,Cc1nc2cnccc2n1-c1ccc2c(c1)CC(C(=O)O)C2,31,22,=,0.001184637425467372,0.014188416302204132
9,Cc1nc2cnccc2n1-c1ccc2c(c1)CC(C(=O)O)C2,32,19,O,0.0022999481298029423,0.024583162739872932
9,Cc1nc2cnccc2n1-c1ccc2c(c1)CC(C(=O)O)C2,33,18,),0.000579342944547534,0.007706253789365292
9,Cc1nc2cnccc2n1-c1ccc2c(c1)CC(C(=O)O)C2,34,19,O,0.0015348171582445502,0.017819276079535484
9,Cc1nc2cnccc2n1-c1ccc2c(c1)CC(C(=O)O)C2,35,18,),0.0015372849302366376,0.018440239131450653
9,Cc1nc2cnccc2n1-c1ccc2c(c1)CC(C(=O)O)C2,36,16,C,0.005949299782514572,0.05839202553033829
9,Cc1nc2cnccc2n1-c1ccc2c(c1)CC(C(=O)O)C2,37,21,2,0.046778351068496704,0.27642449736595154
9,Cc1nc2cnccc2n1-c1ccc2c(c1)CC(C(=O)O)C2,38,13,[SEP],0.010143579915165901,0.0745256319642067
10,CCOC(=O)c1cc(F)c(C2CNCC2NC(=O)OC(C)(C)C)cc1F,0,16,C,0.0012538087321445346,0.014653559774160385
10,CCOC(=O)c1cc(F)c(C2CNCC2NC(=O)OC(C)(C)C)cc1F,1,16,C,0.25971564650535583,0.7503352761268616
10,CCOC(=O)c1cc(F)c(C2CNCC2NC(=O)OC(C)(C)C)cc1F,2,19,O,0.5626199841499329,0.6378327012062073
10,CCOC(=O)c1cc(F)c(C2CNCC2NC(=O)OC(C)(C)C)cc1F,3,16,C,0.0016213400522246957,0.017976796254515648
10,CCOC(=O)c1cc(F)c(C2CNCC2NC(=O)OC(C)(C)C)cc1F,4,17,(,0.0015438562259078026,0.016594363376498222
10,CCOC(=O)c1cc(F)c(C2CNCC2NC(=O)OC(C)(C)C)cc1F,5,22,=,0.0008222879841923714,0.00988037046045065
10,CCOC(=O)c1cc(F)c(C2CNCC2NC(=O)OC(C)(C)C)cc1F,6,19,O,0.0005880017997696996,0.0074911536648869514
10,CCOC(=O)c1cc(F)c(C2CNCC2NC(=O)OC(C)(C)C)cc1F,7,18,),0.0005457781371660531,0.007209070958197117
10,CCOC(=O)c1cc(F)c(C2CNCC2NC(=O)OC(C)(C)C)cc1F,8,15,c,0.4301539361476898,1.1980888843536377
10,CCOC(=O)c1cc(F)c(C2CNCC2NC(=O)OC(C)(C)C)cc1F,9,20,1,0.0008506446611136198,0.010821976698935032
10,CCOC(=O)c1cc(F)c(C2CNCC2NC(=O)OC(C)(C)C)cc1F,10,15,c,0.0008292830898426473,0.010036134161055088
10,CCOC(=O)c1cc(F)c(C2CNCC2NC(=O)OC(C)(C)C)cc1F,11,15,c,0.001188725815154612,0.012527909129858017
10,CCOC(=O)c1cc(F)c(C2CNCC2NC(=O)OC(C)(C)C)cc1F,12,17,(,0.002304130233824253,0.024814235046505928
10,CCOC(=O)c1cc(F)c(C2CNCC2NC(=O)OC(C)(C)C)cc1F,13,27,F,0.004245598800480366,0.04286520183086395
10,CCOC(=O)c1cc(F)c(C2CNCC2NC(=O)OC(C)(C)C)cc1F,14,18,),0.0006087420042604208,0.00789177231490612
10,CCOC(=O)c1cc(F)c(C2CNCC2NC(=O)OC(C)(C)C)cc1F,15,15,c,0.0008509389590471983,0.009453590959310532
10,CCOC(=O)c1cc(F)c(C2CNCC2NC(=O)OC(C)(C)C)cc1F,16,17,(,0.005123701877892017,0.042409252375364304
10,CCOC(=O)c1cc(F)c(C2CNCC2NC(=O)OC(C)(C)C)cc1F,17,16,C,1.1931891441345215,0.5715498328208923
10,CCOC(=O)c1cc(F)c(C2CNCC2NC(=O)OC(C)(C)C)cc1F,18,21,2,0.3989928066730499,1.248639464378357
10,CCOC(=O)c1cc(F)c(C2CNCC2NC(=O)OC(C)(C)C)cc1F,19,16,C,0.02313840389251709,0.16545478999614716
10,CCOC(=O)c1cc(F)c(C2CNCC2NC(=O)OC(C)(C)C)cc1F,20,23,N,0.05987586826086044,0.3417137563228607
10,CCOC(=O)c1cc(F)c(C2CNCC2NC(=O)OC(C)(C)C)cc1F,21,16,C,0.18695607781410217,0.6563345789909363
10,CCOC(=O)c1cc(F)c(C2CNCC2NC(=O)OC(C)(C)C)cc1F,22,16,C,0.3986999988555908,1.2550244331359863
10,CCOC(=O)c1cc(F)c(C2CNCC2NC(=O)OC(C)(C)C)cc1F,23,21,2,0.3056318759918213,1.173128604888916
10,CCOC(=O)c1cc(F)c(C2CNCC2NC(=O)OC(C)(C)C)cc1F,24,18,),0.48397061228752136,1.4519076347351074
10,CCOC(=O)c1cc(F)c(C2CNCC2NC(=O)OC(C)(C)C)cc1F,25,15,c,0.012329665943980217,0.07758056372404099
10,CCOC(=O)c1cc(F)c(C2CNCC2NC(=O)OC(C)(C)C)cc1F,26,15,c,0.021577967330813408,0.1306651532649994
10,CCOC(=O)c1cc(F)c(C2CNCC2NC(=O)OC(C)(C)C)cc1F,27,20,1,0.0036677070893347263,0.03311297297477722
10,CCOC(=O)c1cc(F)c(C2CNCC2NC(=O)OC(C)(C)C)cc1F,28,27,F,0.028490593656897545,0.19346505403518677
10,CCOC(=O)c1cc(F)c(C2CNCC2NC(=O)OC(C)(C)C)cc1F,29,18,),0.09748546034097672,0.33442309498786926
10,CCOC(=O)c1cc(F)c(C2CNCC2NC(=O)OC(C)(C)C)cc1F,30,16,C,0.48190832138061523,1.5918962955474854
10,CCOC(=O)c1cc(F)c(C2CNCC2NC(=O)OC(C)(C)C)cc1F,31,17,(,0.4374963343143463,1.422348976135254
10,CCOC(=O)c1cc(F)c(C2CNCC2NC(=O)OC(C)(C)C)cc1F,32,22,=,0.08797428011894226,0.4146682620048523
10,CCOC(=O)c1cc(F)c(C2CNCC2NC(=O)OC(C)(C)C)cc1F,33,19,O,0.002603912493214011,0.025406915694475174
10,CCOC(=O)c1cc(F)c(C2CNCC2NC(=O)OC(C)(C)C)cc1F,34,18,),0.0007119352812878788,0.008963222615420818
10,CCOC(=O)c1cc(F)c(C2CNCC2NC(=O)OC(C)(C)C)cc1F,35,23,N,0.7028682827949524,0.10765886306762695
10,CCOC(=O)c1cc(F)c(C2CNCC2NC(=O)OC(C)(C)C)cc1F,36,16,C,0.25627443194389343,0.9102980494499207
10,CCOC(=O)c1cc(F)c(C2CNCC2NC(=O)OC(C)(C)C)cc1F,37,17,(,0.04532618075609207,0.27347221970558167
10,CCOC(=O)c1cc(F)c(C2CNCC2NC(=O)OC(C)(C)C)cc1F,38,16,C,0.03920723870396614,0.20033985376358032
10,CCOC(=O)c1cc(F)c(C2CNCC2NC(=O)OC(C)(C)C)cc1F,39,18,),0.0013513826997950673,0.016118919476866722
10,CCOC(=O)c1cc(F)c(C2CNCC2NC(=O)OC(C)(C)C)cc1F,40,17,(,0.027311110869050026,0.1671157330274582
10,CCOC(=O)c1cc(F)c(C2CNCC2NC(=O)OC(C)(C)C)cc1F,41,16,C,0.0011675331043079495,0.013628091663122177
10,CCOC(=O)c1cc(F)c(C2CNCC2NC(=O)OC(C)(C)C)cc1F,42,18,),0.0011466719442978501,0.013641557656228542
10,CCOC(=O)c1cc(F)c(C2CNCC2NC(=O)OC(C)(C)C)cc1F,43,16,C,0.010408577509224415,0.08069290965795517
10,CCOC(=O)c1cc(F)c(C2CNCC2NC(=O)OC(C)(C)C)cc1F,44,13,[SEP],0.11498043686151505,0.524316668510437
11,CCC(C)(C)N=C=Nc1cc(Cl)cc(Cl)c1,0,16,C,0.0017577139660716057,0.02059308812022209
11,CCC(C)(C)N=C=Nc1cc(Cl)cc(Cl)c1,1,16,C,0.00445345276966691,0.04179684817790985
11,CCC(C)(C)N=C=Nc1cc(Cl)cc(Cl)c1,2,16,C,0.018041420727968216,0.1423204243183136
11,CCC(C)(C)N=C=Nc1cc(Cl)cc(Cl)c1,3,17,(,0.30662137269973755,0.5771300792694092
11,CCC(C)(C)N=C=Nc1cc(Cl)cc(Cl)c1,4,16,C,0.004019101150333881,0.03926195949316025
11,CCC(C)(C)N=C=Nc1cc(Cl)cc(Cl)c1,5,18,),0.00144959706813097,0.01652611792087555
11,CCC(C)(C)N=C=Nc1cc(Cl)cc(Cl)c1,6,17,(,0.0016134385950863361,0.017605401575565338
11,CCC(C)(C)N=C=Nc1cc(Cl)cc(Cl)c1,7,16,C,0.011653310619294643,0.0833895355463028
11,CCC(C)(C)N=C=Nc1cc(Cl)cc(Cl)c1,8,18,),0.005528892390429974,0.04806986078619957
11,CCC(C)(C)N=C=Nc1cc(Cl)cc(Cl)c1,9,23,N,0.014385463669896126,0.11570100486278534
11,CCC(C)(C)N=C=Nc1cc(Cl)cc(Cl)c1,10,22,=,0.003692431841045618,0.03621852397918701
11,CCC(C)(C)N=C=Nc1cc(Cl)cc(Cl)c1,11,16,C,0.5649202466011047,0.6969956159591675
11,CCC(C)(C)N=C=Nc1cc(Cl)cc(Cl)c1,12,22,=,0.033758532255887985,0.2135884016752243
11,CCC(C)(C)N=C=Nc1cc(Cl)cc(Cl)c1,13,23,N,0.5268553495407104,1.1584821939468384
11,CCC(C)(C)N=C=Nc1cc(Cl)cc(Cl)c1,14,15,c,0.12119372934103012,0.5288515686988831
11,CCC(C)(C)N=C=Nc1cc(Cl)cc(Cl)c1,15,20,1,0.0012833052314817905,0.014543609693646431
11,CCC(C)(C)N=C=Nc1cc(Cl)cc(Cl)c1,16,15,c,0.0016120235668495297,0.017368990927934647
11,CCC(C)(C)N=C=Nc1cc(Cl)cc(Cl)c1,17,15,c,0.10606362670660019,0.33369046449661255
11,CCC(C)(C)N=C=Nc1cc(Cl)cc(Cl)c1,18,17,(,0.01531107909977436,0.0909389927983284
11,CCC(C)(C)N=C=Nc1cc(Cl)cc(Cl)c1,19,28,Cl,0.0027495184913277626,0.031139535829424858
11,CCC(C)(C)N=C=Nc1cc(Cl)cc(Cl)c1,20,18,),0.0005852051544934511,0.007725542411208153
11,CCC(C)(C)N=C=Nc1cc(Cl)cc(Cl)c1,21,15,c,0.0015808402094990015,0.01722857914865017
11,CCC(C)(C)N=C=Nc1cc(Cl)cc(Cl)c1,22,15,c,0.0017380905337631702,0.018915051594376564
11,CCC(C)(C)N=C=Nc1cc(Cl)cc(Cl)c1,23,17,(,0.008776955306529999,0.05995843559503555
11,CCC(C)(C)N=C=Nc1cc(Cl)cc(Cl)c1,24,28,Cl,0.007105745375156403,0.0712941437959671
11,CCC(C)(C)N=C=Nc1cc(Cl)cc(Cl)c1,25,18,),0.0006998039316385984,0.009124502539634705
11,CCC(C)(C)N=C=Nc1cc(Cl)cc(Cl)c1,26,15,c,0.0007831541588529944,0.009247351437807083
11,CCC(C)(C)N=C=Nc1cc(Cl)cc(Cl)c1,27,20,1,0.0014684866182506084,0.017593808472156525
11,CCC(C)(C)N=C=Nc1cc(Cl)cc(Cl)c1,28,13,[SEP],0.13527455925941467,0.5722244381904602
12,CC(O)CCCCn1cnc2c1c(=O)n(C)c(=O)n2C,0,16,C,0.0014943021815270185,0.01654345728456974
12,CC(O)CCCCn1cnc2c1c(=O)n(C)c(=O)n2C,1,16,C,0.8709025979042053,1.0008779764175415
12,CC(O)CCCCn1cnc2c1c(=O)n(C)c(=O)n2C,2,17,(,0.0033637257292866707,0.03260928392410278
12,CC(O)CCCCn1cnc2c1c(=O)n(C)c(=O)n2C,3,19,O,0.010411996394395828,0.07973073422908783
12,CC(O)CCCCn1cnc2c1c(=O)n(C)c(=O)n2C,4,18,),0.002050669165328145,0.023178022354841232
12,CC(O)CCCCn1cnc2c1c(=O)n(C)c(=O)n2C,5,16,C,0.0019122976809740067,0.021387970075011253
12,CC(O)CCCCn1cnc2c1c(=O)n(C)c(=O)n2C,6,16,C,0.03045285865664482,0.19187024235725403
12,CC(O)CCCCn1cnc2c1c(=O)n(C)c(=O)n2C,7,16,C,0.06910870969295502,0.3466191291809082
12,CC(O)CCCCn1cnc2c1c(=O)n(C)c(=O)n2C,8,16,C,0.04292595386505127,0.24421384930610657
12,CC(O)CCCCn1cnc2c1c(=O)n(C)c(=O)n2C,9,25,n,0.6925150156021118,0.33332040905952454
12,CC(O)CCCCn1cnc2c1c(=O)n(C)c(=O)n2C,10,20,1,0.003025909187272191,0.02597491629421711
12,CC(O)CCCCn1cnc2c1c(=O)n(C)c(=O)n2C,11,15,c,0.014932935126125813,0.11309166997671127
12,CC(O)CCCCn1cnc2c1c(=O)n(C)c(=O)n2C,12,25,n,0.048281747847795486,0.2536410093307495
12,CC(O)CCCCn1cnc2c1c(=O)n(C)c(=O)n2C,13,15,c,0.010291961953043938,0.06637461483478546
12,CC(O)CCCCn1cnc2c1c(=O)n(C)c(=O)n2C,14,21,2,0.02085469663143158,0.13787835836410522
12,CC(O)CCCCn1cnc2c1c(=O)n(C)c(=O)n2C,15,15,c,0.009781810455024242,0.0736093521118164
12,CC(O)CCCCn1cnc2c1c(=O)n(C)c(=O)n2C,16,20,1,0.4470512568950653,0.49735143780708313
12,CC(O)CCCCn1cnc2c1c(=O)n(C)c(=O)n2C,17,15,c,0.09465058147907257,0.4931025505065918
12,CC(O)CCCCn1cnc2c1c(=O)n(C)c(=O)n2C,18,17,(,0.009709194302558899,0.08430888503789902
12,CC(O)CCCCn1cnc2c1c(=O)n(C)c(=O)n2C,19,22,=,0.0032632118090987206,0.034236133098602295
12,CC(O)CCCCn1cnc2c1c(=O)n(C)c(=O)n2C,20,19,O,0.0028742593713104725,0.027239840477705002
12,CC(O)CCCCn1cnc2c1c(=O)n(C)c(=O)n2C,21,18,),0.0005649694940075278,0.007489713840186596
12,CC(O)CCCCn1cnc2c1c(=O)n(C)c(=O)n2C,22,25,n,0.009919462725520134,0.09042555838823318
12,CC(O)CCCCn1cnc2c1c(=O)n(C)c(=O)n2C,23,17,(,0.18768541514873505,0.5244477391242981
12,CC(O)CCCCn1cnc2c1c(=O)n(C)c(=O)n2C,24,16,C,0.0020498274825513363,0.02260614186525345
12,CC(O)CCCCn1cnc2c1c(=O)n(C)c(=O)n2C,25,18,),0.0012342329137027264,0.015034789219498634
12,CC(O)CCCCn1cnc2c1c(=O)n(C)c(=O)n2C,26,15,c,0.22932356595993042,0.5472863912582397
12,CC(O)CCCCn1cnc2c1c(=O)n(C)c(=O)n2C,27,17,(,0.1945190280675888,0.5567057728767395
12,CC(O)CCCCn1cnc2c1c(=O)n(C)c(=O)n2C,28,22,=,0.004687601234763861,0.044168051332235336
12,CC(O)CCCCn1cnc2c1c(=O)n(C)c(=O)n2C,29,19,O,0.0017887989524751902,0.020286064594984055
12,CC(O)CCCCn1cnc2c1c(=O)n(C)c(=O)n2C,30,18,),0.0006221212679520249,0.008104754611849785
12,CC(O)CCCCn1cnc2c1c(=O)n(C)c(=O)n2C,31,25,n,0.0022546970285475254,0.02545173466205597
12,CC(O)CCCCn1cnc2c1c(=O)n(C)c(=O)n2C,32,21,2,0.007235639728605747,0.07150863856077194
12,CC(O)CCCCn1cnc2c1c(=O)n(C)c(=O)n2C,33,16,C,0.04414394870400429,0.30862054228782654
12,CC(O)CCCCn1cnc2c1c(=O)n(C)c(=O)n2C,34,13,[SEP],0.021713968366384506,0.13064339756965637
13,O=C(O)c1cc2c(Oc3cc(F)cc(F)c3)cccc2[nH]1,0,19,O,0.011854883283376694,0.08333681523799896
13,O=C(O)c1cc2c(Oc3cc(F)cc(F)c3)cccc2[nH]1,1,22,=,0.0050735692493617535,0.04700713977217674
13,O=C(O)c1cc2c(Oc3cc(F)cc(F)c3)cccc2[nH]1,2,16,C,0.003661134047433734,0.03420631214976311
13,O=C(O)c1cc2c(Oc3cc(F)cc(F)c3)cccc2[nH]1,3,17,(,0.004161946475505829,0.039308782666921616
13,O=C(O)c1cc2c(Oc3cc(F)cc(F)c3)cccc2[nH]1,4,19,O,0.0044489516876637936,0.040237363427877426
13,O=C(O)c1cc2c(Oc3cc(F)cc(F)c3)cccc2[nH]1,5,18,),0.0010222754208371043,0.012796095572412014
13,O=C(O)c1cc2c(Oc3cc(F)cc(F)c3)cccc2[nH]1,6,15,c,0.03203517571091652,0.18780530989170074
13,O=C(O)c1cc2c(Oc3cc(F)cc(F)c3)cccc2[nH]1,7,20,1,0.0009221092914231122,0.011121436953544617
13,O=C(O)c1cc2c(Oc3cc(F)cc(F)c3)cccc2[nH]1,8,15,c,0.035487446933984756,0.19994859397411346
13,O=C(O)c1cc2c(Oc3cc(F)cc(F)c3)cccc2[nH]1,9,25,n,1.0416260957717896,0.5877528190612793
13,O=C(O)c1cc2c(Oc3cc(F)cc(F)c3)cccc2[nH]1,10,40,[nH],0.8877068161964417,1.460790753364563
13,O=C(O)c1cc2c(Oc3cc(F)cc(F)c3)cccc2[nH]1,11,15,c,0.0062963031232357025,0.059114158153533936
13,O=C(O)c1cc2c(Oc3cc(F)cc(F)c3)cccc2[nH]1,12,20,1,0.030046414583921432,0.17181262373924255
13,O=C(O)c1cc2c(Oc3cc(F)cc(F)c3)cccc2[nH]1,13,31,-,0.42979103326797485,0.9985868334770203
13,O=C(O)c1cc2c(Oc3cc(F)cc(F)c3)cccc2[nH]1,14,15,c,0.0015382585115730762,0.01680261269211769
13,O=C(O)c1cc2c(Oc3cc(F)cc(F)c3)cccc2[nH]1,15,20,1,0.0011613571550697088,0.014043077826499939
13,O=C(O)c1cc2c(Oc3cc(F)cc(F)c3)cccc2[nH]1,16,15,c,0.0032465930562466383,0.03332067281007767
13,O=C(O)c1cc2c(Oc3cc(F)cc(F)c3)cccc2[nH]1,17,15,c,0.12789593636989594,0.37143319845199585
13,O=C(O)c1cc2c(Oc3cc(F)cc(F)c3)cccc2[nH]1,18,15,c,0.14887312054634094,0.43744421005249023
13,O=C(O)c1cc2c(Oc3cc(F)cc(F)c3)cccc2[nH]1,19,17,(,0.5082822442054749,0.4435112178325653
13,O=C(O)c1cc2c(Oc3cc(F)cc(F)c3)cccc2[nH]1,20,19,O,0.8703855872154236,0.6859338283538818
13,O=C(O)c1cc2c(Oc3cc(F)cc(F)c3)cccc2[nH]1,21,18,),0.09969562292098999,0.41674044728279114
13,O=C(O)c1cc2c(Oc3cc(F)cc(F)c3)cccc2[nH]1,22,15,c,0.0008331361459568143,0.009785235859453678
13,O=C(O)c1cc2c(Oc3cc(F)cc(F)c3)cccc2[nH]1,23,15,c,0.0803510919213295,0.2928183376789093
13,O=C(O)c1cc2c(Oc3cc(F)cc(F)c3)cccc2[nH]1,24,20,1,0.0018794119823724031,0.020145120099186897
13,O=C(O)c1cc2c(Oc3cc(F)cc(F)c3)cccc2[nH]1,25,27,F,0.18969884514808655,0.6330732107162476
13,O=C(O)c1cc2c(Oc3cc(F)cc(F)c3)cccc2[nH]1,26,18,),0.6539145112037659,0.1645495593547821
13,O=C(O)c1cc2c(Oc3cc(F)cc(F)c3)cccc2[nH]1,27,15,c,0.10921510308980942,0.39760056138038635
13,O=C(O)c1cc2c(Oc3cc(F)cc(F)c3)cccc2[nH]1,28,15,c,0.34084630012512207,0.7526684999465942
13,O=C(O)c1cc2c(Oc3cc(F)cc(F)c3)cccc2[nH]1,29,17,(,1.156067132949829,0.35160133242607117
13,O=C(O)c1cc2c(Oc3cc(F)cc(F)c3)cccc2[nH]1,30,27,F,0.006016070954501629,0.056518979370594025
13,O=C(O)c1cc2c(Oc3cc(F)cc(F)c3)cccc2[nH]1,31,18,),0.03429052233695984,0.16393591463565826
13,O=C(O)c1cc2c(Oc3cc(F)cc(F)c3)cccc2[nH]1,32,15,c,0.0019522382644936442,0.019483225420117378
13,O=C(O)c1cc2c(Oc3cc(F)cc(F)c3)cccc2[nH]1,33,15,c,0.6155320405960083,0.4496663212776184
13,O=C(O)c1cc2c(Oc3cc(F)cc(F)c3)cccc2[nH]1,34,20,1,0.004194450564682484,0.03884919360280037
13,O=C(O)c1cc2c(Oc3cc(F)cc(F)c3)cccc2[nH]1,35,13,[SEP],0.007537100929766893,0.06909672170877457
14,NC(=O)C12CCC(N)(CC1)CC2,0,23,N,0.012358397245407104,0.08281250298023224
14,NC(=O)C12CCC(N)(CC1)CC2,1,16,C,0.8259522914886475,0.5854515433311462
14,NC(=O)C12CCC(N)(CC1)CC2,2,17,(,0.03322527930140495,0.2011401355266571
14,NC(=O)C12CCC(N)(CC1)CC2,3,22,=,0.015303769148886204,0.11004315316677094
14,NC(=O)C12CCC(N)(CC1)CC2,4,19,O,0.0015709141734987497,0.01772627979516983
14,NC(=O)C12CCC(N)(CC1)CC2,5,18,),0.0007077081245370209,0.009162483736872673
14,NC(=O)C12CCC(N)(CC1)CC2,6,23,N,0.8579241037368774,1.007826805114746
14,NC(=O)C12CCC(N)(CC1)CC2,7,16,C,0.08533681184053421,0.5597028136253357
14,NC(=O)C12CCC(N)(CC1)CC2,8,20,1,0.006046982016414404,0.05356255918741226
14,NC(=O)C12CCC(N)(CC1)CC2,9,16,C,0.6877800226211548,0.43749380111694336
14,NC(=O)C12CCC(N)(CC1)CC2,10,16,C,0.7606973052024841,0.42105039954185486
14,NC(=O)C12CCC(N)(CC1)CC2,11,21,2,0.8172773718833923,0.5829919576644897
14,NC(=O)C12CCC(N)(CC1)CC2,12,16,C,0.08548584580421448,0.33998432755470276
14,NC(=O)C12CCC(N)(CC1)CC2,13,16,C,0.00233328971080482,0.024660615250468254
14,NC(=O)C12CCC(N)(CC1)CC2,14,16,C,0.03018977865576744,0.2111417055130005
14,NC(=O)C12CCC(N)(CC1)CC2,15,17,(,1.068447232246399,0.7548943758010864
14,NC(=O)C12CCC(N)(CC1)CC2,16,16,C,0.0043795183300971985,0.043211422860622406
14,NC(=O)C12CCC(N)(CC1)CC2,17,21,2,1.0500166416168213,0.44867223501205444
14,NC(=O)C12CCC(N)(CC1)CC2,18,18,),0.0007837875746190548,0.010038699023425579
14,NC(=O)C12CCC(N)(CC1)CC2,19,16,C,0.008774514310061932,0.0803379938006401
14,NC(=O)C12CCC(N)(CC1)CC2,20,20,1,0.7020823955535889,0.09413230419158936
14,NC(=O)C12CCC(N)(CC1)CC2,21,13,[SEP],0.02145913429558277,0.1468687802553177
15,CN(C)S(=O)(=O)CC(=O)c1ccc(Cl)cc1,0,16,C,0.08469625562429428,0.31597989797592163
15,CN(C)S(=O)(=O)CC(=O)c1ccc(Cl)cc1,1,23,N,0.013027137145400047,0.10892198234796524
15,CN(C)S(=O)(=O)CC(=O)c1ccc(Cl)cc1,2,17,(,0.025729352608323097,0.1798228770494461
15,CN(C)S(=O)(=O)CC(=O)c1ccc(Cl)cc1,3,16,C,0.003381395945325494,0.03392369672656059
15,CN(C)S(=O)(=O)CC(=O)c1ccc(Cl)cc1,4,18,),0.0022346507757902145,0.02375827543437481
15,CN(C)S(=O)(=O)CC(=O)c1ccc(Cl)cc1,5,34,S,0.17011100053787231,0.8391669392585754
15,CN(C)S(=O)(=O)CC(=O)c1ccc(Cl)cc1,6,17,(,0.0038216975517570972,0.03644496574997902
15,CN(C)S(=O)(=O)CC(=O)c1ccc(Cl)cc1,7,22,=,0.0035602706484496593,0.032011136412620544
15,CN(C)S(=O)(=O)CC(=O)c1ccc(Cl)cc1,8,19,O,0.0010671017225831747,0.012873741798102856
15,CN(C)S(=O)(=O)CC(=O)c1ccc(Cl)cc1,9,18,),0.0005526825552806258,0.0073827290907502174
15,CN(C)S(=O)(=O)CC(=O)c1ccc(Cl)cc1,10,17,(,0.054937515407800674,0.29349133372306824
15,CN(C)S(=O)(=O)CC(=O)c1ccc(Cl)cc1,11,22,=,0.000846388575155288,0.01042066141963005
15,CN(C)S(=O)(=O)CC(=O)c1ccc(Cl)cc1,12,19,O,0.00120251951739192,0.014148068614304066
15,CN(C)S(=O)(=O)CC(=O)c1ccc(Cl)cc1,13,18,),0.0005754588055424392,0.007678590714931488
15,CN(C)S(=O)(=O)CC(=O)c1ccc(Cl)cc1,14,16,C,0.2357872575521469,0.4955298602581024
15,CN(C)S(=O)(=O)CC(=O)c1ccc(Cl)cc1,15,16,C,0.4550715982913971,0.7379817962646484
15,CN(C)S(=O)(=O)CC(=O)c1ccc(Cl)cc1,16,16,C,0.5587547421455383,0.5539675354957581
15,CN(C)S(=O)(=O)CC(=O)c1ccc(Cl)cc1,17,17,(,0.0019875275902450085,0.022542137652635574
15,CN(C)S(=O)(=O)CC(=O)c1ccc(Cl)cc1,18,22,=,0.004541633650660515,0.045220524072647095
15,CN(C)S(=O)(=O)CC(=O)c1ccc(Cl)cc1,19,19,O,0.004321038722991943,0.043290991336107254
15,CN(C)S(=O)(=O)CC(=O)c1ccc(Cl)cc1,20,18,),0.0006360290572047234,0.008371539413928986
15,CN(C)S(=O)(=O)CC(=O)c1ccc(Cl)cc1,21,15,c,0.0211673341691494,0.16071124374866486
15,CN(C)S(=O)(=O)CC(=O)c1ccc(Cl)cc1,22,20,1,0.0014346255920827389,0.015929080545902252
15,CN(C)S(=O)(=O)CC(=O)c1ccc(Cl)cc1,23,15,c,0.0011937494855374098,0.014358238317072392
15,CN(C)S(=O)(=O)CC(=O)c1ccc(Cl)cc1,24,15,c,0.0014953394420444965,0.01650947704911232
15,CN(C)S(=O)(=O)CC(=O)c1ccc(Cl)cc1,25,15,c,0.0056305197067558765,0.04828088730573654
15,CN(C)S(=O)(=O)CC(=O)c1ccc(Cl)cc1,26,17,(,0.27151116728782654,0.5161370635032654
15,CN(C)S(=O)(=O)CC(=O)c1ccc(Cl)cc1,27,28,Cl,0.006675725802779198,0.0686190202832222
15,CN(C)S(=O)(=O)CC(=O)c1ccc(Cl)cc1,28,18,),0.0006546925869770348,0.008594583719968796
15,CN(C)S(=O)(=O)CC(=O)c1ccc(Cl)cc1,29,15,c,0.0015604256186634302,0.016866236925125122
15,CN(C)S(=O)(=O)CC(=O)c1ccc(Cl)cc1,30,15,c,0.003704177215695381,0.03667039796710014
15,CN(C)S(=O)(=O)CC(=O)c1ccc(Cl)cc1,31,20,1,0.00235956534743309,0.02658485621213913
15,CN(C)S(=O)(=O)CC(=O)c1ccc(Cl)cc1,32,13,[SEP],0.003707987954840064,0.03736196830868721
16,O=C1CCCc2nc3ccccc3c(NCCCC(c3ccc(F)cc3)c3ccc(F)cc3)c21,0,19,O,0.01348106935620308,0.08809670060873032
16,O=C1CCCc2nc3ccccc3c(NCCCC(c3ccc(F)cc3)c3ccc(F)cc3)c21,1,22,=,0.0008620794396847486,0.010565743781626225
16,O=C1CCCc2nc3ccccc3c(NCCCC(c3ccc(F)cc3)c3ccc(F)cc3)c21,2,16,C,0.005032907240092754,0.043775953352451324
16,O=C1CCCc2nc3ccccc3c(NCCCC(c3ccc(F)cc3)c3ccc(F)cc3)c21,3,20,1,0.21043840050697327,0.548371434211731
16,O=C1CCCc2nc3ccccc3c(NCCCC(c3ccc(F)cc3)c3ccc(F)cc3)c21,4,15,c,0.7918756008148193,0.4924442768096924
16,O=C1CCCc2nc3ccccc3c(NCCCC(c3ccc(F)cc3)c3ccc(F)cc3)c21,5,21,2,0.010660411790013313,0.08834655582904816
16,O=C1CCCc2nc3ccccc3c(NCCCC(c3ccc(F)cc3)c3ccc(F)cc3)c21,6,15,c,0.00311257760040462,0.02961946465075016
16,O=C1CCCc2nc3ccccc3c(NCCCC(c3ccc(F)cc3)c3ccc(F)cc3)c21,7,15,c,0.014130797237157822,0.09759344905614853
16,O=C1CCCc2nc3ccccc3c(NCCCC(c3ccc(F)cc3)c3ccc(F)cc3)c21,8,15,c,0.0033784133847802877,0.02951817959547043
16,O=C1CCCc2nc3ccccc3c(NCCCC(c3ccc(F)cc3)c3ccc(F)cc3)c21,9,15,c,0.011578685604035854,0.0788094773888588
16,O=C1CCCc2nc3ccccc3c(NCCCC(c3ccc(F)cc3)c3ccc(F)cc3)c21,10,15,c,0.0016203188570216298,0.017444904893636703
16,O=C1CCCc2nc3ccccc3c(NCCCC(c3ccc(F)cc3)c3ccc(F)cc3)c21,11,21,2,0.0014259242452681065,0.016577376052737236
16,O=C1CCCc2nc3ccccc3c(NCCCC(c3ccc(F)cc3)c3ccc(F)cc3)c21,12,16,C,1.2203071117401123,1.4768365621566772
16,O=C1CCCc2nc3ccccc3c(NCCCC(c3ccc(F)cc3)c3ccc(F)cc3)c21,13,17,(,0.8392227292060852,0.9604048132896423
16,O=C1CCCc2nc3ccccc3c(NCCCC(c3ccc(F)cc3)c3ccc(F)cc3)c21,14,22,=,0.8265880942344666,0.6858593821525574
16,O=C1CCCc2nc3ccccc3c(NCCCC(c3ccc(F)cc3)c3ccc(F)cc3)c21,15,16,C,0.30112749338150024,1.0197677612304688
16,O=C1CCCc2nc3ccccc3c(NCCCC(c3ccc(F)cc3)c3ccc(F)cc3)c21,16,16,C,0.9045925140380859,1.2274161577224731
16,O=C1CCCc2nc3ccccc3c(NCCCC(c3ccc(F)cc3)c3ccc(F)cc3)c21,17,16,C,0.5938050746917725,1.1752450466156006
16,O=C1CCCc2nc3ccccc3c(NCCCC(c3ccc(F)cc3)c3ccc(F)cc3)c21,18,16,C,0.766852617263794,1.404854655265808
16,O=C1CCCc2nc3ccccc3c(NCCCC(c3ccc(F)cc3)c3ccc(F)cc3)c21,19,16,C,0.6414938569068909,1.138770580291748
16,O=C1CCCc2nc3ccccc3c(NCCCC(c3ccc(F)cc3)c3ccc(F)cc3)c21,20,23,N,1.4003362655639648,0.8405416011810303
16,O=C1CCCc2nc3ccccc3c(NCCCC(c3ccc(F)cc3)c3ccc(F)cc3)c21,21,15,c,0.13373087346553802,0.5041981935501099
16,O=C1CCCc2nc3ccccc3c(NCCCC(c3ccc(F)cc3)c3ccc(F)cc3)c21,22,21,2,0.0008817413472570479,0.011151038110256195
16,O=C1CCCc2nc3ccccc3c(NCCCC(c3ccc(F)cc3)c3ccc(F)cc3)c21,23,15,c,0.3278396427631378,0.6040558815002441
16,O=C1CCCc2nc3ccccc3c(NCCCC(c3ccc(F)cc3)c3ccc(F)cc3)c21,24,17,(,1.0374681949615479,0.8907376527786255
16,O=C1CCCc2nc3ccccc3c(NCCCC(c3ccc(F)cc3)c3ccc(F)cc3)c21,25,16,C,1.3035202026367188,1.5165566205978394
16,O=C1CCCc2nc3ccccc3c(NCCCC(c3ccc(F)cc3)c3ccc(F)cc3)c21,26,26,3,0.6127815246582031,1.795621395111084
16,O=C1CCCc2nc3ccccc3c(NCCCC(c3ccc(F)cc3)c3ccc(F)cc3)c21,27,16,C,0.13171562552452087,0.499569833278656
16,O=C1CCCc2nc3ccccc3c(NCCCC(c3ccc(F)cc3)c3ccc(F)cc3)c21,28,16,C,0.021868957206606865,0.14292748272418976
16,O=C1CCCc2nc3ccccc3c(NCCCC(c3ccc(F)cc3)c3ccc(F)cc3)c21,29,16,C,0.9040308594703674,1.0249526500701904
16,O=C1CCCc2nc3ccccc3c(NCCCC(c3ccc(F)cc3)c3ccc(F)cc3)c21,30,15,c,1.3113807439804077,0.7867911458015442
16,O=C1CCCc2nc3ccccc3c(NCCCC(c3ccc(F)cc3)c3ccc(F)cc3)c21,31,32,4,0.0013881120830774307,0.01697678491473198
16,O=C1CCCc2nc3ccccc3c(NCCCC(c3ccc(F)cc3)c3ccc(F)cc3)c21,32,15,c,0.003866511397063732,0.03280462324619293
16,O=C1CCCc2nc3ccccc3c(NCCCC(c3ccc(F)cc3)c3ccc(F)cc3)c21,33,15,c,0.011476322077214718,0.08539517968893051
16,O=C1CCCc2nc3ccccc3c(NCCCC(c3ccc(F)cc3)c3ccc(F)cc3)c21,34,15,c,0.020130189135670662,0.11613216996192932
16,O=C1CCCc2nc3ccccc3c(NCCCC(c3ccc(F)cc3)c3ccc(F)cc3)c21,35,17,(,0.01718282327055931,0.10111148655414581
16,O=C1CCCc2nc3ccccc3c(NCCCC(c3ccc(F)cc3)c3ccc(F)cc3)c21,36,27,F,0.704401433467865,0.8042963147163391
16,O=C1CCCc2nc3ccccc3c(NCCCC(c3ccc(F)cc3)c3ccc(F)cc3)c21,37,18,),0.0006424957537092268,0.008342820219695568
16,O=C1CCCc2nc3ccccc3c(NCCCC(c3ccc(F)cc3)c3ccc(F)cc3)c21,38,15,c,0.0016394845442846417,0.01520136184990406
16,O=C1CCCc2nc3ccccc3c(NCCCC(c3ccc(F)cc3)c3ccc(F)cc3)c21,39,15,c,0.0011322905775159597,0.011980243027210236
16,O=C1CCCc2nc3ccccc3c(NCCCC(c3ccc(F)cc3)c3ccc(F)cc3)c21,40,32,4,0.00841155368834734,0.06949620693922043
16,O=C1CCCc2nc3ccccc3c(NCCCC(c3ccc(F)cc3)c3ccc(F)cc3)c21,41,18,),0.3940390646457672,0.6730839610099792
16,O=C1CCCc2nc3ccccc3c(NCCCC(c3ccc(F)cc3)c3ccc(F)cc3)c21,42,25,n,0.26752713322639465,0.9784259796142578
16,O=C1CCCc2nc3ccccc3c(NCCCC(c3ccc(F)cc3)c3ccc(F)cc3)c21,43,40,[nH],0.9853113889694214,1.0011595487594604
16,O=C1CCCc2nc3ccccc3c(NCCCC(c3ccc(F)cc3)c3ccc(F)cc3)c21,44,15,c,0.006892151199281216,0.07008770853281021
16,O=C1CCCc2nc3ccccc3c(NCCCC(c3ccc(F)cc3)c3ccc(F)cc3)c21,45,21,2,0.5738007426261902,1.1801111698150635
16,O=C1CCCc2nc3ccccc3c(NCCCC(c3ccc(F)cc3)c3ccc(F)cc3)c21,46,26,3,0.020717870444059372,0.1695787012577057
16,O=C1CCCc2nc3ccccc3c(NCCCC(c3ccc(F)cc3)c3ccc(F)cc3)c21,47,18,),0.0012172552524134517,0.014747836627066135
16,O=C1CCCc2nc3ccccc3c(NCCCC(c3ccc(F)cc3)c3ccc(F)cc3)c21,48,15,c,0.028569061309099197,0.17033013701438904
16,O=C1CCCc2nc3ccccc3c(NCCCC(c3ccc(F)cc3)c3ccc(F)cc3)c21,49,21,2,0.07354652136564255,0.29611673951148987
16,O=C1CCCc2nc3ccccc3c(NCCCC(c3ccc(F)cc3)c3ccc(F)cc3)c21,50,15,c,0.0029055692721158266,0.02968049794435501
16,O=C1CCCc2nc3ccccc3c(NCCCC(c3ccc(F)cc3)c3ccc(F)cc3)c21,51,15,c,0.0020265276543796062,0.021263696253299713
16,O=C1CCCc2nc3ccccc3c(NCCCC(c3ccc(F)cc3)c3ccc(F)cc3)c21,52,15,c,0.011308686807751656,0.08139032125473022
16,O=C1CCCc2nc3ccccc3c(NCCCC(c3ccc(F)cc3)c3ccc(F)cc3)c21,53,17,(,0.7235973477363586,0.19821812212467194
16,O=C1CCCc2nc3ccccc3c(NCCCC(c3ccc(F)cc3)c3ccc(F)cc3)c21,54,27,F,0.003558096708729863,0.03792600333690643
16,O=C1CCCc2nc3ccccc3c(NCCCC(c3ccc(F)cc3)c3ccc(F)cc3)c21,55,18,),0.0006885426118969917,0.008954811841249466
16,O=C1CCCc2nc3ccccc3c(NCCCC(c3ccc(F)cc3)c3ccc(F)cc3)c21,56,15,c,0.0025386472698301077,0.02321055345237255
16,O=C1CCCc2nc3ccccc3c(NCCCC(c3ccc(F)cc3)c3ccc(F)cc3)c21,57,15,c,0.00728693837299943,0.06971339881420135
16,O=C1CCCc2nc3ccccc3c(NCCCC(c3ccc(F)cc3)c3ccc(F)cc3)c21,58,20,1,0.6261878609657288,0.6446300745010376
16,O=C1CCCc2nc3ccccc3c(NCCCC(c3ccc(F)cc3)c3ccc(F)cc3)c21,59,21,2,0.7127508521080017,0.5184659957885742
16,O=C1CCCc2nc3ccccc3c(NCCCC(c3ccc(F)cc3)c3ccc(F)cc3)c21,60,13,[SEP],0.0008247368969023228,0.009475784376263618
17,O=C1NCC(COc2cccc3c2CCC3=O)O1,0,19,O,0.0052045295014977455,0.04232565313577652
17,O=C1NCC(COc2cccc3c2CCC3=O)O1,1,22,=,0.0006471092929132283,0.008143458515405655
17,O=C1NCC(COc2cccc3c2CCC3=O)O1,2,16,C,0.0016500656493008137,0.017836136743426323
17,O=C1NCC(COc2cccc3c2CCC3=O)O1,3,20,1,0.0143783213570714,0.11685366928577423
17,O=C1NCC(COc2cccc3c2CCC3=O)O1,4,16,C,0.12590688467025757,0.4892392158508301
17,O=C1NCC(COc2cccc3c2CCC3=O)O1,5,16,C,0.0022157931234687567,0.02287897653877735
17,O=C1NCC(COc2cccc3c2CCC3=O)O1,6,15,c,0.10193304717540741,0.514708399772644
17,O=C1NCC(COc2cccc3c2CCC3=O)O1,7,21,2,0.0008469023159705102,0.010290025733411312
17,O=C1NCC(COc2cccc3c2CCC3=O)O1,8,15,c,0.00781332328915596,0.06466426700353622
17,O=C1NCC(COc2cccc3c2CCC3=O)O1,9,17,(,0.2593984305858612,0.7213472723960876
17,O=C1NCC(COc2cccc3c2CCC3=O)O1,10,15,c,0.21295611560344696,0.9674736261367798
17,O=C1NCC(COc2cccc3c2CCC3=O)O1,11,15,c,0.003094925545156002,0.0325416661798954
17,O=C1NCC(COc2cccc3c2CCC3=O)O1,12,15,c,0.007915067486464977,0.06686414778232574
17,O=C1NCC(COc2cccc3c2CCC3=O)O1,13,15,c,0.023526359349489212,0.14616581797599792
17,O=C1NCC(COc2cccc3c2CCC3=O)O1,14,21,2,0.01101153064519167,0.08545882254838943
17,O=C1NCC(COc2cccc3c2CCC3=O)O1,15,19,O,1.3820973634719849,1.593191146850586
17,O=C1NCC(COc2cccc3c2CCC3=O)O1,16,16,C,0.46086227893829346,0.8437291383743286
17,O=C1NCC(COc2cccc3c2CCC3=O)O1,17,21,2,0.8453454971313477,1.0872892141342163
17,O=C1NCC(COc2cccc3c2CCC3=O)O1,18,16,C,0.0036072134971618652,0.035673316568136215
17,O=C1NCC(COc2cccc3c2CCC3=O)O1,19,23,N,0.5637187361717224,0.37796106934547424
17,O=C1NCC(COc2cccc3c2CCC3=O)O1,20,16,C,0.0068061924539506435,0.055366940796375275
17,O=C1NCC(COc2cccc3c2CCC3=O)O1,21,17,(,0.01783585734665394,0.1157451868057251
17,O=C1NCC(COc2cccc3c2CCC3=O)O1,22,22,=,0.0016463306965306401,0.017317235469818115
17,O=C1NCC(COc2cccc3c2CCC3=O)O1,23,19,O,0.001998073188588023,0.020363550633192062
17,O=C1NCC(COc2cccc3c2CCC3=O)O1,24,18,),0.0005507255555130541,0.0073896776884794235
17,O=C1NCC(COc2cccc3c2CCC3=O)O1,25,19,O,0.4317800998687744,0.584400475025177
17,O=C1NCC(COc2cccc3c2CCC3=O)O1,26,21,2,0.021233011037111282,0.13592512905597687
17,O=C1NCC(COc2cccc3c2CCC3=O)O1,27,18,),0.0009644167148508132,0.011747948825359344
17,O=C1NCC(COc2cccc3c2CCC3=O)O1,28,16,C,0.17360414564609528,0.6370763182640076
17,O=C1NCC(COc2cccc3c2CCC3=O)O1,29,23,N,0.5692403316497803,0.897460401058197
17,O=C1NCC(COc2cccc3c2CCC3=O)O1,30,20,1,0.0023590410128235817,0.02643067203462124
17,O=C1NCC(COc2cccc3c2CCC3=O)O1,31,13,[SEP],0.00040867255302146077,0.005557979457080364
18,CCCCc1nc(Cl)c(CC(=O)O)c(Cc2ccc(-c3ccccc3C(=O)O)cc2)n1,0,16,C,0.002007474424317479,0.022076936438679695
18,CCCCc1nc(Cl)c(CC(=O)O)c(Cc2ccc(-c3ccccc3C(=O)O)cc2)n1,1,16,C,0.0016423582565039396,0.01896468922495842
18,CCCCc1nc(Cl)c(CC(=O)O)c(Cc2ccc(-c3ccccc3C(=O)O)cc2)n1,2,16,C,0.0013530491851270199,0.0158133115619421
18,CCCCc1nc(Cl)c(CC(=O)O)c(Cc2ccc(-c3ccccc3C(=O)O)cc2)n1,3,16,C,0.02369195967912674,0.13410420715808868
18,CCCCc1nc(Cl)c(CC(=O)O)c(Cc2ccc(-c3ccccc3C(=O)O)cc2)n1,4,15,c,0.05392275005578995,0.2529224753379822
18,CCCCc1nc(Cl)c(CC(=O)O)c(Cc2ccc(-c3ccccc3C(=O)O)cc2)n1,5,20,1,0.000716195092536509,0.008700355887413025
18,CCCCc1nc(Cl)c(CC(=O)O)c(Cc2ccc(-c3ccccc3C(=O)O)cc2)n1,6,25,n,0.2126636654138565,0.6437652707099915
18,CCCCc1nc(Cl)c(CC(=O)O)c(Cc2ccc(-c3ccccc3C(=O)O)cc2)n1,7,15,c,0.30369943380355835,0.6743741631507874
18,CCCCc1nc(Cl)c(CC(=O)O)c(Cc2ccc(-c3ccccc3C(=O)O)cc2)n1,8,17,(,0.3862687051296234,0.7543032765388489
18,CCCCc1nc(Cl)c(CC(=O)O)c(Cc2ccc(-c3ccccc3C(=O)O)cc2)n1,9,16,C,0.30510902404785156,0.9617074728012085
18,CCCCc1nc(Cl)c(CC(=O)O)c(Cc2ccc(-c3ccccc3C(=O)O)cc2)n1,10,15,c,0.22681379318237305,0.8516994714736938
18,CCCCc1nc(Cl)c(CC(=O)O)c(Cc2ccc(-c3ccccc3C(=O)O)cc2)n1,11,21,2,0.0036497709807008505,0.036983639001846313
18,CCCCc1nc(Cl)c(CC(=O)O)c(Cc2ccc(-c3ccccc3C(=O)O)cc2)n1,12,15,c,0.006885850336402655,0.05811818689107895
18,CCCCc1nc(Cl)c(CC(=O)O)c(Cc2ccc(-c3ccccc3C(=O)O)cc2)n1,13,15,c,0.005474293138831854,0.04317685216665268
18,CCCCc1nc(Cl)c(CC(=O)O)c(Cc2ccc(-c3ccccc3C(=O)O)cc2)n1,14,15,c,0.008930200710892677,0.06308348476886749
18,CCCCc1nc(Cl)c(CC(=O)O)c(Cc2ccc(-c3ccccc3C(=O)O)cc2)n1,15,17,(,0.13535675406455994,0.38272735476493835
18,CCCCc1nc(Cl)c(CC(=O)O)c(Cc2ccc(-c3ccccc3C(=O)O)cc2)n1,16,31,-,0.7145032286643982,0.9756128787994385
18,CCCCc1nc(Cl)c(CC(=O)O)c(Cc2ccc(-c3ccccc3C(=O)O)cc2)n1,17,15,c,0.004237141460180283,0.04239927604794502
18,CCCCc1nc(Cl)c(CC(=O)O)c(Cc2ccc(-c3ccccc3C(=O)O)cc2)n1,18,26,3,0.0020175345707684755,0.023054681718349457
18,CCCCc1nc(Cl)c(CC(=O)O)c(Cc2ccc(-c3ccccc3C(=O)O)cc2)n1,19,15,c,0.008245951496064663,0.06744316220283508
18,CCCCc1nc(Cl)c(CC(=O)O)c(Cc2ccc(-c3ccccc3C(=O)O)cc2)n1,20,15,c,0.005818304605782032,0.05008087679743767
18,CCCCc1nc(Cl)c(CC(=O)O)c(Cc2ccc(-c3ccccc3C(=O)O)cc2)n1,21,15,c,0.0035290580708533525,0.031084835529327393
18,CCCCc1nc(Cl)c(CC(=O)O)c(Cc2ccc(-c3ccccc3C(=O)O)cc2)n1,22,15,c,0.05313330143690109,0.22016654908657074
18,CCCCc1nc(Cl)c(CC(=O)O)c(Cc2ccc(-c3ccccc3C(=O)O)cc2)n1,23,15,c,0.001657219952903688,0.018289489671587944
18,CCCCc1nc(Cl)c(CC(=O)O)c(Cc2ccc(-c3ccccc3C(=O)O)cc2)n1,24,26,3,0.00799273606389761,0.07048016786575317
18,CCCCc1nc(Cl)c(CC(=O)O)c(Cc2ccc(-c3ccccc3C(=O)O)cc2)n1,25,16,C,0.027956295758485794,0.1986319124698639
18,CCCCc1nc(Cl)c(CC(=O)O)c(Cc2ccc(-c3ccccc3C(=O)O)cc2)n1,26,17,(,0.04099437966942787,0.20340830087661743
18,CCCCc1nc(Cl)c(CC(=O)O)c(Cc2ccc(-c3ccccc3C(=O)O)cc2)n1,27,22,=,0.001370819634757936,0.015887726098299026
18,CCCCc1nc(Cl)c(CC(=O)O)c(Cc2ccc(-c3ccccc3C(=O)O)cc2)n1,28,19,O,0.0017277392325922847,0.01912601664662361
18,CCCCc1nc(Cl)c(CC(=O)O)c(Cc2ccc(-c3ccccc3C(=O)O)cc2)n1,29,18,),0.0009408459882251918,0.011611335910856724
18,CCCCc1nc(Cl)c(CC(=O)O)c(Cc2ccc(-c3ccccc3C(=O)O)cc2)n1,30,19,O,0.08506506681442261,0.4147208333015442
18,CCCCc1nc(Cl)c(CC(=O)O)c(Cc2ccc(-c3ccccc3C(=O)O)cc2)n1,31,18,),0.015483961440622807,0.10587029904127121
18,CCCCc1nc(Cl)c(CC(=O)O)c(Cc2ccc(-c3ccccc3C(=O)O)cc2)n1,32,15,c,0.008960994891822338,0.06833945959806442
18,CCCCc1nc(Cl)c(CC(=O)O)c(Cc2ccc(-c3ccccc3C(=O)O)cc2)n1,33,15,c,0.018647877499461174,0.10651899129152298
18,CCCCc1nc(Cl)c(CC(=O)O)c(Cc2ccc(-c3ccccc3C(=O)O)cc2)n1,34,21,2,0.002647566609084606,0.02583436109125614
18,CCCCc1nc(Cl)c(CC(=O)O)c(Cc2ccc(-c3ccccc3C(=O)O)cc2)n1,35,18,),0.045386262238025665,0.23860380053520203
18,CCCCc1nc(Cl)c(CC(=O)O)c(Cc2ccc(-c3ccccc3C(=O)O)cc2)n1,36,25,n,0.4992241859436035,0.9481818675994873
18,CCCCc1nc(Cl)c(CC(=O)O)c(Cc2ccc(-c3ccccc3C(=O)O)cc2)n1,37,44,o,0.02265710011124611,0.14834727346897125
18,CCCCc1nc(Cl)c(CC(=O)O)c(Cc2ccc(-c3ccccc3C(=O)O)cc2)n1,38,20,1,0.05191705748438835,0.25177115201950073
18,CCCCc1nc(Cl)c(CC(=O)O)c(Cc2ccc(-c3ccccc3C(=O)O)cc2)n1,39,18,),0.37612199783325195,0.7328348755836487
18,CCCCc1nc(Cl)c(CC(=O)O)c(Cc2ccc(-c3ccccc3C(=O)O)cc2)n1,40,15,c,1.2775723934173584,1.1716374158859253
18,CCCCc1nc(Cl)c(CC(=O)O)c(Cc2ccc(-c3ccccc3C(=O)O)cc2)n1,41,17,(,0.11525911837816238,0.5242957472801208
18,CCCCc1nc(Cl)c(CC(=O)O)c(Cc2ccc(-c3ccccc3C(=O)O)cc2)n1,42,16,C,0.8284025192260742,0.7683465480804443
18,CCCCc1nc(Cl)c(CC(=O)O)c(Cc2ccc(-c3ccccc3C(=O)O)cc2)n1,43,16,C,0.30503252148628235,1.0853642225265503
18,CCCCc1nc(Cl)c(CC(=O)O)c(Cc2ccc(-c3ccccc3C(=O)O)cc2)n1,44,17,(,0.003483871230855584,0.03483052924275398
18,CCCCc1nc(Cl)c(CC(=O)O)c(Cc2ccc(-c3ccccc3C(=O)O)cc2)n1,45,22,=,0.0029157830867916346,0.02936917170882225
18,CCCCc1nc(Cl)c(CC(=O)O)c(Cc2ccc(-c3ccccc3C(=O)O)cc2)n1,46,19,O,0.0016904146177694201,0.019148970022797585
18,CCCCc1nc(Cl)c(CC(=O)O)c(Cc2ccc(-c3ccccc3C(=O)O)cc2)n1,47,18,),0.0005116850952617824,0.006935490295290947
18,CCCCc1nc(Cl)c(CC(=O)O)c(Cc2ccc(-c3ccccc3C(=O)O)cc2)n1,48,19,O,0.037068139761686325,0.2018609642982483
18,CCCCc1nc(Cl)c(CC(=O)O)c(Cc2ccc(-c3ccccc3C(=O)O)cc2)n1,49,18,),0.0027495892718434334,0.029827188700437546
18,CCCCc1nc(Cl)c(CC(=O)O)c(Cc2ccc(-c3ccccc3C(=O)O)cc2)n1,50,28,Cl,0.7438395023345947,1.5170668363571167
18,CCCCc1nc(Cl)c(CC(=O)O)c(Cc2ccc(-c3ccccc3C(=O)O)cc2)n1,51,13,[SEP],0.00032875261968001723,0.004572734236717224
19,CC[C@H](C=O)NC(c1ccccc1)(c1ccccc1)c1ccccc1,0,16,C,0.0017052878392860293,0.018473923206329346
19,CC[C@H](C=O)NC(c1ccccc1)(c1ccccc1)c1ccccc1,1,16,C,0.004827657714486122,0.043417852371931076
19,CC[C@H](C=O)NC(c1ccccc1)(c1ccccc1)c1ccccc1,2,35,[C@@H],1.112076997756958,0.20733141899108887
19,CC[C@H](C=O)NC(c1ccccc1)(c1ccccc1)c1ccccc1,3,17,(,0.16274921596050262,0.4385770261287689
19,CC[C@H](C=O)NC(c1ccccc1)(c1ccccc1)c1ccccc1,4,16,C,0.20955006778240204,0.6052341461181641
19,CC[C@H](C=O)NC(c1ccccc1)(c1ccccc1)c1ccccc1,5,22,=,0.0083597581833601,0.07138727605342865
19,CC[C@H](C=O)NC(c1ccccc1)(c1ccccc1)c1ccccc1,6,19,O,0.011248871684074402,0.08958946168422699
19,CC[C@H](C=O)NC(c1ccccc1)(c1ccccc1)c1ccccc1,7,18,),0.0010033498983830214,0.012301723472774029
19,CC[C@H](C=O)NC(c1ccccc1)(c1ccccc1)c1ccccc1,8,23,N,0.008099902421236038,0.0748436227440834
19,CC[C@H](C=O)NC(c1ccccc1)(c1ccccc1)c1ccccc1,9,16,C,0.4209407567977905,1.1000030040740967
19,CC[C@H](C=O)NC(c1ccccc1)(c1ccccc1)c1ccccc1,10,17,(,0.005837291944772005,0.05270731449127197
19,CC[C@H](C=O)NC(c1ccccc1)(c1ccccc1)c1ccccc1,11,15,c,0.0017956699011847377,0.01978139765560627
19,CC[C@H](C=O)NC(c1ccccc1)(c1ccccc1)c1ccccc1,12,20,1,0.001922668656334281,0.019199129194021225
19,CC[C@H](C=O)NC(c1ccccc1)(c1ccccc1)c1ccccc1,13,15,c,0.001362002920359373,0.013713107444345951
19,CC[C@H](C=O)NC(c1ccccc1)(c1ccccc1)c1ccccc1,14,15,c,0.0024409890174865723,0.022401252761483192
19,CC[C@H](C=O)NC(c1ccccc1)(c1ccccc1)c1ccccc1,15,15,c,0.0018493534298613667,0.018281228840351105
19,CC[C@H](C=O)NC(c1ccccc1)(c1ccccc1)c1ccccc1,16,15,c,0.002831374993547797,0.024384304881095886
19,CC[C@H](C=O)NC(c1ccccc1)(c1ccccc1)c1ccccc1,17,15,c,0.0018985960632562637,0.018009483814239502
19,CC[C@H](C=O)NC(c1ccccc1)(c1ccccc1)c1ccccc1,18,20,1,0.0009139811736531556,0.010882867500185966
19,CC[C@H](C=O)NC(c1ccccc1)(c1ccccc1)c1ccccc1,19,18,),0.0037310924381017685,0.034828927367925644
19,CC[C@H](C=O)NC(c1ccccc1)(c1ccccc1)c1ccccc1,20,17,(,0.37507694959640503,0.6196956634521484
19,CC[C@H](C=O)NC(c1ccccc1)(c1ccccc1)c1ccccc1,21,15,c,0.0014088081661611795,0.015883183106780052
19,CC[C@H](C=O)NC(c1ccccc1)(c1ccccc1)c1ccccc1,22,20,1,0.0011857684003189206,0.01451078150421381
19,CC[C@H](C=O)NC(c1ccccc1)(c1ccccc1)c1ccccc1,23,15,c,0.0018626716919243336,0.017508113756775856
19,CC[C@H](C=O)NC(c1ccccc1)(c1ccccc1)c1ccccc1,24,15,c,0.0013321319129317999,0.013982295989990234
19,CC[C@H](C=O)NC(c1ccccc1)(c1ccccc1)c1ccccc1,25,15,c,0.0015683085657656193,0.016514070332050323
19,CC[C@H](C=O)NC(c1ccccc1)(c1ccccc1)c1ccccc1,26,15,c,0.0009692729800008237,0.010725444182753563
19,CC[C@H](C=O)NC(c1ccccc1)(c1ccccc1)c1ccccc1,27,15,c,0.0011750422418117523,0.01252650935202837
19,CC[C@H](C=O)NC(c1ccccc1)(c1ccccc1)c1ccccc1,28,20,1,0.00200820155441761,0.019929511472582817
19,CC[C@H](C=O)NC(c1ccccc1)(c1ccccc1)c1ccccc1,29,18,),0.0007624693098478019,0.00977304670959711
19,CC[C@H](C=O)NC(c1ccccc1)(c1ccccc1)c1ccccc1,30,15,c,0.005483506713062525,0.05190678685903549
19,CC[C@H](C=O)NC(c1ccccc1)(c1ccccc1)c1ccccc1,31,20,1,0.0020360166672617197,0.023555127903819084
19,CC[C@H](C=O)NC(c1ccccc1)(c1ccccc1)c1ccccc1,32,15,c,0.0254875086247921,0.15049465000629425
19,CC[C@H](C=O)NC(c1ccccc1)(c1ccccc1)c1ccccc1,33,15,c,0.062562495470047,0.3386009931564331
19,CC[C@H](C=O)NC(c1ccccc1)(c1ccccc1)c1ccccc1,34,15,c,0.15598663687705994,0.6865469217300415
19,CC[C@H](C=O)NC(c1ccccc1)(c1ccccc1)c1ccccc1,35,15,c,0.313460111618042,0.6570882797241211
19,CC[C@H](C=O)NC(c1ccccc1)(c1ccccc1)c1ccccc1,36,15,c,0.30642253160476685,0.5400304794311523
19,CC[C@H](C=O)NC(c1ccccc1)(c1ccccc1)c1ccccc1,37,20,1,0.0013356581330299377,0.015172535553574562
19,CC[C@H](C=O)NC(c1ccccc1)(c1ccccc1)c1ccccc1,38,13,[SEP],0.001192342722788453,0.0138314887881279
20,CCOC(=O)c1cccc2c1C(=O)C(c1ccc(Cl)cc1)C(c1ccc(CN(CC)CC)cc1)N2,0,16,C,0.0011191113153472543,0.013234276324510574
20,CCOC(=O)c1cccc2c1C(=O)C(c1ccc(Cl)cc1)C(c1ccc(CN(CC)CC)cc1)N2,1,16,C,0.001550959306769073,0.01696734130382538
20,CCOC(=O)c1cccc2c1C(=O)C(c1ccc(Cl)cc1)C(c1ccc(CN(CC)CC)cc1)N2,2,19,O,0.008207691833376884,0.06497414410114288
20,CCOC(=O)c1cccc2c1C(=O)C(c1ccc(Cl)cc1)C(c1ccc(CN(CC)CC)cc1)N2,3,16,C,0.001472442876547575,0.016426334157586098
20,CCOC(=O)c1cccc2c1C(=O)C(c1ccc(Cl)cc1)C(c1ccc(CN(CC)CC)cc1)N2,4,17,(,0.0009392895735800266,0.010712590999901295
20,CCOC(=O)c1cccc2c1C(=O)C(c1ccc(Cl)cc1)C(c1ccc(CN(CC)CC)cc1)N2,5,22,=,0.0009039131109602749,0.010395496152341366
20,CCOC(=O)c1cccc2c1C(=O)C(c1ccc(Cl)cc1)C(c1ccc(CN(CC)CC)cc1)N2,6,19,O,0.0008525365847162902,0.009883156977593899
20,CCOC(=O)c1cccc2c1C(=O)C(c1ccc(Cl)cc1)C(c1ccc(CN(CC)CC)cc1)N2,7,18,),0.0005317589384503663,0.007089829538017511
20,CCOC(=O)c1cccc2c1C(=O)C(c1ccc(Cl)cc1)C(c1ccc(CN(CC)CC)cc1)N2,8,15,c,0.007857165299355984,0.05661701411008835
20,CCOC(=O)c1cccc2c1C(=O)C(c1ccc(Cl)cc1)C(c1ccc(CN(CC)CC)cc1)N2,9,20,1,0.0007065326790325344,0.00871219951659441
20,CCOC(=O)c1cccc2c1C(=O)C(c1ccc(Cl)cc1)C(c1ccc(CN(CC)CC)cc1)N2,10,15,c,0.005969745572656393,0.051083359867334366
20,CCOC(=O)c1cccc2c1C(=O)C(c1ccc(Cl)cc1)C(c1ccc(CN(CC)CC)cc1)N2,11,15,c,0.028440779075026512,0.14917469024658203
20,CCOC(=O)c1cccc2c1C(=O)C(c1ccc(Cl)cc1)C(c1ccc(CN(CC)CC)cc1)N2,12,15,c,0.007504583336412907,0.05873424559831619
20,CCOC(=O)c1cccc2c1C(=O)C(c1ccc(Cl)cc1)C(c1ccc(CN(CC)CC)cc1)N2,13,15,c,0.09008663147687912,0.37407010793685913
20,CCOC(=O)c1cccc2c1C(=O)C(c1ccc(Cl)cc1)C(c1ccc(CN(CC)CC)cc1)N2,14,21,2,0.02731674537062645,0.15335893630981445
20,CCOC(=O)c1cccc2c1C(=O)C(c1ccc(Cl)cc1)C(c1ccc(CN(CC)CC)cc1)N2,15,15,c,0.006085739471018314,0.052446428686380386
20,CCOC(=O)c1cccc2c1C(=O)C(c1ccc(Cl)cc1)C(c1ccc(CN(CC)CC)cc1)N2,16,20,1,0.0014995327219367027,0.016799500212073326
20,CCOC(=O)c1cccc2c1C(=O)C(c1ccc(Cl)cc1)C(c1ccc(CN(CC)CC)cc1)N2,17,16,C,0.08818572759628296,0.3877546191215515
20,CCOC(=O)c1cccc2c1C(=O)C(c1ccc(Cl)cc1)C(c1ccc(CN(CC)CC)cc1)N2,18,17,(,0.8212136030197144,0.8461057543754578
20,CCOC(=O)c1cccc2c1C(=O)C(c1ccc(Cl)cc1)C(c1ccc(CN(CC)CC)cc1)N2,19,22,=,1.0289969444274902,1.0093685388565063
20,CCOC(=O)c1cccc2c1C(=O)C(c1ccc(Cl)cc1)C(c1ccc(CN(CC)CC)cc1)N2,20,19,O,0.1541622430086136,0.4421965181827545
20,CCOC(=O)c1cccc2c1C(=O)C(c1ccc(Cl)cc1)C(c1ccc(CN(CC)CC)cc1)N2,21,18,),0.0005824454710818827,0.007656951434910297
20,CCOC(=O)c1cccc2c1C(=O)C(c1ccc(Cl)cc1)C(c1ccc(CN(CC)CC)cc1)N2,22,16,C,0.19843819737434387,0.6950455904006958
20,CCOC(=O)c1cccc2c1C(=O)C(c1ccc(Cl)cc1)C(c1ccc(CN(CC)CC)cc1)N2,23,15,c,1.0814628601074219,1.2469682693481445
20,CCOC(=O)c1cccc2c1C(=O)C(c1ccc(Cl)cc1)C(c1ccc(CN(CC)CC)cc1)N2,24,20,1,0.0012988231610506773,0.015681780874729156
20,CCOC(=O)c1cccc2c1C(=O)C(c1ccc(Cl)cc1)C(c1ccc(CN(CC)CC)cc1)N2,25,15,c,0.0011360130738466978,0.012362964451313019
20,CCOC(=O)c1cccc2c1C(=O)C(c1ccc(Cl)cc1)C(c1ccc(CN(CC)CC)cc1)N2,26,15,c,0.0040012383833527565,0.03414083272218704
20,CCOC(=O)c1cccc2c1C(=O)C(c1ccc(Cl)cc1)C(c1ccc(CN(CC)CC)cc1)N2,27,15,c,0.09532307088375092,0.31996166706085205
20,CCOC(=O)c1cccc2c1C(=O)C(c1ccc(Cl)cc1)C(c1ccc(CN(CC)CC)cc1)N2,28,17,(,0.2964962422847748,0.4865953326225281
20,CCOC(=O)c1cccc2c1C(=O)C(c1ccc(Cl)cc1)C(c1ccc(CN(CC)CC)cc1)N2,29,16,C,0.2411845624446869,0.9313241839408875
20,CCOC(=O)c1cccc2c1C(=O)C(c1ccc(Cl)cc1)C(c1ccc(CN(CC)CC)cc1)N2,30,23,N,0.8779377341270447,0.9763997793197632
20,CCOC(=O)c1cccc2c1C(=O)C(c1ccc(Cl)cc1)C(c1ccc(CN(CC)CC)cc1)N2,31,17,(,0.3099023699760437,1.0235415697097778
20,CCOC(=O)c1cccc2c1C(=O)C(c1ccc(Cl)cc1)C(c1ccc(CN(CC)CC)cc1)N2,32,16,C,0.0316433347761631,0.1886594295501709
20,CCOC(=O)c1cccc2c1C(=O)C(c1ccc(Cl)cc1)C(c1ccc(CN(CC)CC)cc1)N2,33,16,C,0.014257607981562614,0.11012935638427734
20,CCOC(=O)c1cccc2c1C(=O)C(c1ccc(Cl)cc1)C(c1ccc(CN(CC)CC)cc1)N2,34,18,),0.009680623188614845,0.08037034422159195
20,CCOC(=O)c1cccc2c1C(=O)C(c1ccc(Cl)cc1)C(c1ccc(CN(CC)CC)cc1)N2,35,16,C,0.010027767159044743,0.08494915068149567
20,CCOC(=O)c1cccc2c1C(=O)C(c1ccc(Cl)cc1)C(c1ccc(CN(CC)CC)cc1)N2,36,16,C,0.010973740369081497,0.08889774978160858
20,CCOC(=O)c1cccc2c1C(=O)C(c1ccc(Cl)cc1)C(c1ccc(CN(CC)CC)cc1)N2,37,18,),0.004741450771689415,0.045889075845479965
20,CCOC(=O)c1cccc2c1C(=O)C(c1ccc(Cl)cc1)C(c1ccc(CN(CC)CC)cc1)N2,38,15,c,0.004124314524233341,0.03593133017420769
20,CCOC(=O)c1cccc2c1C(=O)C(c1ccc(Cl)cc1)C(c1ccc(CN(CC)CC)cc1)N2,39,15,c,0.044027164578437805,0.1906644105911255
20,CCOC(=O)c1cccc2c1C(=O)C(c1ccc(Cl)cc1)C(c1ccc(CN(CC)CC)cc1)N2,40,20,1,0.0012404826702550054,0.013994400389492512
20,CCOC(=O)c1cccc2c1C(=O)C(c1ccc(Cl)cc1)C(c1ccc(CN(CC)CC)cc1)N2,41,16,C,0.8719215989112854,0.9427881836891174
20,CCOC(=O)c1cccc2c1C(=O)C(c1ccc(Cl)cc1)C(c1ccc(CN(CC)CC)cc1)N2,42,21,2,0.6218400597572327,0.5394337177276611
20,CCOC(=O)c1cccc2c1C(=O)C(c1ccc(Cl)cc1)C(c1ccc(CN(CC)CC)cc1)N2,43,23,N,0.12467359751462936,0.6673953533172607
20,CCOC(=O)c1cccc2c1C(=O)C(c1ccc(Cl)cc1)C(c1ccc(CN(CC)CC)cc1)N2,44,15,c,0.015167001634836197,0.11113128066062927
20,CCOC(=O)c1cccc2c1C(=O)C(c1ccc(Cl)cc1)C(c1ccc(CN(CC)CC)cc1)N2,45,20,1,0.0006104225176386535,0.00796312466263771
20,CCOC(=O)c1cccc2c1C(=O)C(c1ccc(Cl)cc1)C(c1ccc(CN(CC)CC)cc1)N2,46,15,c,0.0007631226908415556,0.009142707102000713
20,CCOC(=O)c1cccc2c1C(=O)C(c1ccc(Cl)cc1)C(c1ccc(CN(CC)CC)cc1)N2,47,15,c,0.041752029210329056,0.1861838847398758
20,CCOC(=O)c1cccc2c1C(=O)C(c1ccc(Cl)cc1)C(c1ccc(CN(CC)CC)cc1)N2,48,15,c,0.01603831723332405,0.09382898360490799
20,CCOC(=O)c1cccc2c1C(=O)C(c1ccc(Cl)cc1)C(c1ccc(CN(CC)CC)cc1)N2,49,17,(,0.2880253493785858,0.4765995740890503
20,CCOC(=O)c1cccc2c1C(=O)C(c1ccc(Cl)cc1)C(c1ccc(CN(CC)CC)cc1)N2,50,28,Cl,0.004721908364444971,0.04635351151227951
20,CCOC(=O)c1cccc2c1C(=O)C(c1ccc(Cl)cc1)C(c1ccc(CN(CC)CC)cc1)N2,51,18,),0.0006015151157043874,0.007883373647928238
20,CCOC(=O)c1cccc2c1C(=O)C(c1ccc(Cl)cc1)C(c1ccc(CN(CC)CC)cc1)N2,52,15,c,0.0009563978528603911,0.010849157348275185
20,CCOC(=O)c1cccc2c1C(=O)C(c1ccc(Cl)cc1)C(c1ccc(CN(CC)CC)cc1)N2,53,15,c,0.001076020416803658,0.011837520636618137
20,CCOC(=O)c1cccc2c1C(=O)C(c1ccc(Cl)cc1)C(c1ccc(CN(CC)CC)cc1)N2,54,20,1,0.0014050602912902832,0.015899959951639175
20,CCOC(=O)c1cccc2c1C(=O)C(c1ccc(Cl)cc1)C(c1ccc(CN(CC)CC)cc1)N2,55,13,[SEP],0.04734799265861511,0.23753347992897034
21,CCOC(=O)C(C#N)=C(Cl)c1cccnc1Cl,0,16,C,0.0012060775188729167,0.014200801961123943
21,CCOC(=O)C(C#N)=C(Cl)c1cccnc1Cl,1,16,C,0.0014944199938327074,0.01709071174263954
21,CCOC(=O)C(C#N)=C(Cl)c1cccnc1Cl,2,19,O,0.0011917665833607316,0.014325568452477455
21,CCOC(=O)C(C#N)=C(Cl)c1cccnc1Cl,3,16,C,0.0028407140634953976,0.02863158844411373
21,CCOC(=O)C(C#N)=C(Cl)c1cccnc1Cl,4,17,(,0.0007484184461645782,0.00891923625022173
21,CCOC(=O)C(C#N)=C(Cl)c1cccnc1Cl,5,22,=,0.0008744215010665357,0.010723181068897247
21,CCOC(=O)C(C#N)=C(Cl)c1cccnc1Cl,6,19,O,0.001642729970626533,0.017253583297133446
21,CCOC(=O)C(C#N)=C(Cl)c1cccnc1Cl,7,18,),0.0006295386701822281,0.008275694213807583
21,CCOC(=O)C(C#N)=C(Cl)c1cccnc1Cl,8,16,C,0.12713170051574707,0.4564763009548187
21,CCOC(=O)C(C#N)=C(Cl)c1cccnc1Cl,9,17,(,0.27447718381881714,0.5338433980941772
21,CCOC(=O)C(C#N)=C(Cl)c1cccnc1Cl,10,16,C,0.2827433943748474,0.8672446012496948
21,CCOC(=O)C(C#N)=C(Cl)c1cccnc1Cl,11,38,#,0.004877524916082621,0.05053611844778061
21,CCOC(=O)C(C#N)=C(Cl)c1cccnc1Cl,12,23,N,0.002028085058555007,0.022237712517380714
21,CCOC(=O)C(C#N)=C(Cl)c1cccnc1Cl,13,18,),0.0006063891341909766,0.00799574051052332
21,CCOC(=O)C(C#N)=C(Cl)c1cccnc1Cl,14,22,=,0.002362571656703949,0.025051550939679146
21,CCOC(=O)C(C#N)=C(Cl)c1cccnc1Cl,15,16,C,0.006600646302103996,0.05762100964784622
21,CCOC(=O)C(C#N)=C(Cl)c1cccnc1Cl,16,17,(,0.8038447499275208,0.76829993724823
21,CCOC(=O)C(C#N)=C(Cl)c1cccnc1Cl,17,28,Cl,0.010167190805077553,0.09266991913318634
21,CCOC(=O)C(C#N)=C(Cl)c1cccnc1Cl,18,18,),0.0005785046960227191,0.0076291910372674465
21,CCOC(=O)C(C#N)=C(Cl)c1cccnc1Cl,19,15,c,0.18093779683113098,0.7894978523254395
21,CCOC(=O)C(C#N)=C(Cl)c1cccnc1Cl,20,20,1,0.0010833588894456625,0.01261034607887268
21,CCOC(=O)C(C#N)=C(Cl)c1cccnc1Cl,21,25,n,0.21802735328674316,0.4979761838912964
21,CCOC(=O)C(C#N)=C(Cl)c1cccnc1Cl,22,15,c,0.0024685924872756004,0.026297541335225105
21,CCOC(=O)C(C#N)=C(Cl)c1cccnc1Cl,23,15,c,0.010566036216914654,0.08401334285736084
21,CCOC(=O)C(C#N)=C(Cl)c1cccnc1Cl,24,15,c,0.0016259154072031379,0.01855248399078846
21,CCOC(=O)C(C#N)=C(Cl)c1cccnc1Cl,25,15,c,0.002660859376192093,0.026604922488331795
21,CCOC(=O)C(C#N)=C(Cl)c1cccnc1Cl,26,20,1,0.0019928202964365482,0.02233699895441532
21,CCOC(=O)C(C#N)=C(Cl)c1cccnc1Cl,27,28,Cl,0.9849597811698914,2.0769243240356445
21,CCOC(=O)C(C#N)=C(Cl)c1cccnc1Cl,28,13,[SEP],0.00024439929984509945,0.0034925220534205437
22,Cc1c(NCC(C)(C)NC(=O)NC2CCCCC2)c(N)c2nnnn2c1C,0,16,C,0.002455788664519787,0.025103826075792313
22,Cc1c(NCC(C)(C)NC(=O)NC2CCCCC2)c(N)c2nnnn2c1C,1,15,c,0.5067223906517029,0.8901606202125549
22,Cc1c(NCC(C)(C)NC(=O)NC2CCCCC2)c(N)c2nnnn2c1C,2,20,1,0.005420776084065437,0.052640702575445175
22,Cc1c(NCC(C)(C)NC(=O)NC2CCCCC2)c(N)c2nnnn2c1C,3,25,n,0.6771183609962463,0.22079992294311523
22,Cc1c(NCC(C)(C)NC(=O)NC2CCCCC2)c(N)c2nnnn2c1C,4,25,n,0.7093146443367004,0.4734252989292145
22,Cc1c(NCC(C)(C)NC(=O)NC2CCCCC2)c(N)c2nnnn2c1C,5,15,c,0.8315245509147644,0.640495777130127
22,Cc1c(NCC(C)(C)NC(=O)NC2CCCCC2)c(N)c2nnnn2c1C,6,17,(,0.09538749605417252,0.42461538314819336
22,Cc1c(NCC(C)(C)NC(=O)NC2CCCCC2)c(N)c2nnnn2c1C,7,23,N,0.7780208587646484,0.5008664131164551
22,Cc1c(NCC(C)(C)NC(=O)NC2CCCCC2)c(N)c2nnnn2c1C,8,18,),0.8453630208969116,0.7568055391311646
22,Cc1c(NCC(C)(C)NC(=O)NC2CCCCC2)c(N)c2nnnn2c1C,9,15,c,0.6354859471321106,0.21667355298995972
22,Cc1c(NCC(C)(C)NC(=O)NC2CCCCC2)c(N)c2nnnn2c1C,10,17,(,0.18015123903751373,0.6116068959236145
22,Cc1c(NCC(C)(C)NC(=O)NC2CCCCC2)c(N)c2nnnn2c1C,11,23,N,0.07118222117424011,0.34682613611221313
22,Cc1c(NCC(C)(C)NC(=O)NC2CCCCC2)c(N)c2nnnn2c1C,12,16,C,0.4757343828678131,0.8115791082382202
22,Cc1c(NCC(C)(C)NC(=O)NC2CCCCC2)c(N)c2nnnn2c1C,13,21,2,1.0440095663070679,1.0717852115631104
22,Cc1c(NCC(C)(C)NC(=O)NC2CCCCC2)c(N)c2nnnn2c1C,14,16,C,0.01920437254011631,0.1297430694103241
22,Cc1c(NCC(C)(C)NC(=O)NC2CCCCC2)c(N)c2nnnn2c1C,15,16,C,0.02473798766732216,0.1686079055070877
22,Cc1c(NCC(C)(C)NC(=O)NC2CCCCC2)c(N)c2nnnn2c1C,16,16,C,0.032227739691734314,0.2144404947757721
22,Cc1c(NCC(C)(C)NC(=O)NC2CCCCC2)c(N)c2nnnn2c1C,17,16,C,0.014060791581869125,0.10458256304264069
22,Cc1c(NCC(C)(C)NC(=O)NC2CCCCC2)c(N)c2nnnn2c1C,18,16,C,0.009925739839673042,0.08123119920492172
22,Cc1c(NCC(C)(C)NC(=O)NC2CCCCC2)c(N)c2nnnn2c1C,19,21,2,0.6011520028114319,0.4673413038253784
22,Cc1c(NCC(C)(C)NC(=O)NC2CCCCC2)c(N)c2nnnn2c1C,20,18,),0.001844816724769771,0.020494617521762848
22,Cc1c(NCC(C)(C)NC(=O)NC2CCCCC2)c(N)c2nnnn2c1C,21,15,c,0.09895952045917511,0.3222540318965912
22,Cc1c(NCC(C)(C)NC(=O)NC2CCCCC2)c(N)c2nnnn2c1C,22,20,1,0.0350697860121727,0.1996513158082962
22,Cc1c(NCC(C)(C)NC(=O)NC2CCCCC2)c(N)c2nnnn2c1C,23,23,N,0.6302568912506104,0.5296568870544434
22,Cc1c(NCC(C)(C)NC(=O)NC2CCCCC2)c(N)c2nnnn2c1C,24,16,C,0.5137850642204285,1.3221039772033691
22,Cc1c(NCC(C)(C)NC(=O)NC2CCCCC2)c(N)c2nnnn2c1C,25,17,(,1.1613091230392456,0.8958379030227661
22,Cc1c(NCC(C)(C)NC(=O)NC2CCCCC2)c(N)c2nnnn2c1C,26,22,=,0.47652724385261536,0.8602038025856018
22,Cc1c(NCC(C)(C)NC(=O)NC2CCCCC2)c(N)c2nnnn2c1C,27,19,O,0.012736652046442032,0.08895035088062286
22,Cc1c(NCC(C)(C)NC(=O)NC2CCCCC2)c(N)c2nnnn2c1C,28,18,),0.000585922272875905,0.007720857858657837
22,Cc1c(NCC(C)(C)NC(=O)NC2CCCCC2)c(N)c2nnnn2c1C,29,23,N,0.24555569887161255,0.841018557548523
22,Cc1c(NCC(C)(C)NC(=O)NC2CCCCC2)c(N)c2nnnn2c1C,30,16,C,0.010720085352659225,0.08880657702684402
22,Cc1c(NCC(C)(C)NC(=O)NC2CCCCC2)c(N)c2nnnn2c1C,31,16,C,1.3205630779266357,0.831111490726471
22,Cc1c(NCC(C)(C)NC(=O)NC2CCCCC2)c(N)c2nnnn2c1C,32,17,(,0.0229333583265543,0.1602511703968048
22,Cc1c(NCC(C)(C)NC(=O)NC2CCCCC2)c(N)c2nnnn2c1C,33,16,C,0.0036840534303337336,0.033634528517723083
22,Cc1c(NCC(C)(C)NC(=O)NC2CCCCC2)c(N)c2nnnn2c1C,34,18,),0.0015003826702013612,0.017110876739025116
22,Cc1c(NCC(C)(C)NC(=O)NC2CCCCC2)c(N)c2nnnn2c1C,35,17,(,0.011107665486633778,0.08996105194091797
22,Cc1c(NCC(C)(C)NC(=O)NC2CCCCC2)c(N)c2nnnn2c1C,36,16,C,0.002371933776885271,0.024535156786441803
22,Cc1c(NCC(C)(C)NC(=O)NC2CCCCC2)c(N)c2nnnn2c1C,37,18,),0.0018270156579092145,0.020133594051003456
22,Cc1c(NCC(C)(C)NC(=O)NC2CCCCC2)c(N)c2nnnn2c1C,38,23,N,0.010969218797981739,0.07808326929807663
22,Cc1c(NCC(C)(C)NC(=O)NC2CCCCC2)c(N)c2nnnn2c1C,39,13,[SEP],0.05620454624295235,0.365412175655365
23,NCc1ccc(-c2cncc3ccc(C(N)=O)nc23)cc1,0,23,N,0.011233909986913204,0.08358951658010483
23,NCc1ccc(-c2cncc3ccc(C(N)=O)nc23)cc1,1,16,C,0.008890067227184772,0.07788952440023422
23,NCc1ccc(-c2cncc3ccc(C(N)=O)nc23)cc1,2,15,c,0.00713479146361351,0.057726193219423294
23,NCc1ccc(-c2cncc3ccc(C(N)=O)nc23)cc1,3,20,1,0.001611973624676466,0.017940403893589973
23,NCc1ccc(-c2cncc3ccc(C(N)=O)nc23)cc1,4,15,c,0.001389706856571138,0.014722811058163643
23,NCc1ccc(-c2cncc3ccc(C(N)=O)nc23)cc1,5,15,c,0.002703096717596054,0.025448530912399292
23,NCc1ccc(-c2cncc3ccc(C(N)=O)nc23)cc1,6,15,c,0.0036547300405800343,0.03378663212060928
23,NCc1ccc(-c2cncc3ccc(C(N)=O)nc23)cc1,7,17,(,0.014500929042696953,0.09652052074670792
23,NCc1ccc(-c2cncc3ccc(C(N)=O)nc23)cc1,8,31,-,0.01796369068324566,0.12028245627880096
23,NCc1ccc(-c2cncc3ccc(C(N)=O)nc23)cc1,9,15,c,0.0008320848573930562,0.009942753240466118
23,NCc1ccc(-c2cncc3ccc(C(N)=O)nc23)cc1,10,21,2,0.001547261024825275,0.017781294882297516
23,NCc1ccc(-c2cncc3ccc(C(N)=O)nc23)cc1,11,15,c,0.02746746689081192,0.13682836294174194
23,NCc1ccc(-c2cncc3ccc(C(N)=O)nc23)cc1,12,25,n,0.022724498063325882,0.12135030329227448
23,NCc1ccc(-c2cncc3ccc(C(N)=O)nc23)cc1,13,15,c,0.002571095246821642,0.024936333298683167
23,NCc1ccc(-c2cncc3ccc(C(N)=O)nc23)cc1,14,15,c,0.1942858099937439,0.5994454622268677
23,NCc1ccc(-c2cncc3ccc(C(N)=O)nc23)cc1,15,26,3,0.014547687023878098,0.11329250782728195
23,NCc1ccc(-c2cncc3ccc(C(N)=O)nc23)cc1,16,15,c,0.013825441710650921,0.0955396369099617
23,NCc1ccc(-c2cncc3ccc(C(N)=O)nc23)cc1,17,15,c,0.018181968480348587,0.1234583631157875
23,NCc1ccc(-c2cncc3ccc(C(N)=O)nc23)cc1,18,15,c,0.04995835945010185,0.22183758020401
23,NCc1ccc(-c2cncc3ccc(C(N)=O)nc23)cc1,19,17,(,0.024867242202162743,0.16384468972682953
23,NCc1ccc(-c2cncc3ccc(C(N)=O)nc23)cc1,20,16,C,0.1093011200428009,0.4818010628223419
23,NCc1ccc(-c2cncc3ccc(C(N)=O)nc23)cc1,21,17,(,0.16809818148612976,0.6678176522254944
23,NCc1ccc(-c2cncc3ccc(C(N)=O)nc23)cc1,22,23,N,0.006668787449598312,0.05666893720626831
23,NCc1ccc(-c2cncc3ccc(C(N)=O)nc23)cc1,23,18,),0.0007398870075121522,0.009678525850176811
23,NCc1ccc(-c2cncc3ccc(C(N)=O)nc23)cc1,24,22,=,0.0010759765282273293,0.013555503450334072
23,NCc1ccc(-c2cncc3ccc(C(N)=O)nc23)cc1,25,19,O,0.004214262589812279,0.039223477244377136
23,NCc1ccc(-c2cncc3ccc(C(N)=O)nc23)cc1,26,18,),0.0005746253300458193,0.007712865713983774
23,NCc1ccc(-c2cncc3ccc(C(N)=O)nc23)cc1,27,25,n,0.03836013749241829,0.1750822216272354
23,NCc1ccc(-c2cncc3ccc(C(N)=O)nc23)cc1,28,15,c,0.005671186838299036,0.04803135246038437
23,NCc1ccc(-c2cncc3ccc(C(N)=O)nc23)cc1,29,21,2,0.008058587089180946,0.06279490143060684
23,NCc1ccc(-c2cncc3ccc(C(N)=O)nc23)cc1,30,26,3,0.04368061572313309,0.2518545985221863
23,NCc1ccc(-c2cncc3ccc(C(N)=O)nc23)cc1,31,18,),0.0007144404808059335,0.009397011250257492
23,NCc1ccc(-c2cncc3ccc(C(N)=O)nc23)cc1,32,15,c,0.0030837124213576317,0.02591637521982193
23,NCc1ccc(-c2cncc3ccc(C(N)=O)nc23)cc1,33,15,c,0.00730181485414505,0.049851275980472565
23,NCc1ccc(-c2cncc3ccc(C(N)=O)nc23)cc1,34,20,1,0.0032509262673556805,0.0292469784617424
23,NCc1ccc(-c2cncc3ccc(C(N)=O)nc23)cc1,35,13,[SEP],0.03679275885224342,0.1915195733308792
24,O=C1NCCc2cc(F)c(O)cc21,0,19,O,0.0024460977874696255,0.02447115257382393
24,O=C1NCCc2cc(F)c(O)cc21,1,22,=,0.08101058751344681,0.3506101965904236
24,O=C1NCCc2cc(F)c(O)cc21,2,16,C,0.00453874422237277,0.04244612157344818
24,O=C1NCCc2cc(F)c(O)cc21,3,20,1,0.004320322535932064,0.04314225912094116
24,O=C1NCCc2cc(F)c(O)cc21,4,23,N,0.014387782663106918,0.11060229688882828
24,O=C1NCCc2cc(F)c(O)cc21,5,16,C,0.002302648965269327,0.025031423196196556
24,O=C1NCCc2cc(F)c(O)cc21,6,16,C,0.0037791298236697912,0.03866135701537132
24,O=C1NCCc2cc(F)c(O)cc21,7,15,c,0.005976573098450899,0.05123228579759598
24,O=C1NCCc2cc(F)c(O)cc21,8,21,2,0.0009519385057501495,0.011812305077910423
24,O=C1NCCc2cc(F)c(O)cc21,9,15,c,0.0019272349309176207,0.02035214565694332
24,O=C1NCCc2cc(F)c(O)cc21,10,15,c,0.009120550937950611,0.07548844069242477
24,O=C1NCCc2cc(F)c(O)cc21,11,17,(,0.006553936284035444,0.049720171838998795
24,O=C1NCCc2cc(F)c(O)cc21,12,27,F,0.010835676454007626,0.07930583506822586
24,O=C1NCCc2cc(F)c(O)cc21,13,18,),0.0006582778878509998,0.00861311610788107
24,O=C1NCCc2cc(F)c(O)cc21,14,15,c,0.0031548107508569956,0.030063865706324577
24,O=C1NCCc2cc(F)c(O)cc21,15,17,(,0.20715519785881042,0.5880961418151855
24,O=C1NCCc2cc(F)c(O)cc21,16,19,O,0.004355307202786207,0.04335738718509674
24,O=C1NCCc2cc(F)c(O)cc21,17,18,),0.0017195967957377434,0.02047901786863804
24,O=C1NCCc2cc(F)c(O)cc21,18,15,c,0.0011006098939105868,0.012078874744474888
24,O=C1NCCc2cc(F)c(O)cc21,19,15,c,0.0030918761622160673,0.028558185324072838
24,O=C1NCCc2cc(F)c(O)cc21,20,21,2,0.005040204152464867,0.05053047463297844
24,O=C1NCCc2cc(F)c(O)cc21,21,20,1,0.005436989013105631,0.05702953413128853
24,O=C1NCCc2cc(F)c(O)cc21,22,13,[SEP],0.0011155352694913745,0.012740748934447765
25,COCOc1ccc(Br)nc1C(=O)OC,0,16,C,0.001631766208447516,0.018310582265257835
25,COCOc1ccc(Br)nc1C(=O)OC,1,19,O,0.005112627521157265,0.04934472218155861
25,COCOc1ccc(Br)nc1C(=O)OC,2,16,C,0.14376427233219147,0.643600344657898
25,COCOc1ccc(Br)nc1C(=O)OC,3,19,O,0.04796409234404564,0.31941086053848267
25,COCOc1ccc(Br)nc1C(=O)OC,4,15,c,0.5253260135650635,1.096027135848999
25,COCOc1ccc(Br)nc1C(=O)OC,5,20,1,0.002577865496277809,0.02523813210427761
25,COCOc1ccc(Br)nc1C(=O)OC,6,15,c,0.19969704747200012,0.4852611720561981
25,COCOc1ccc(Br)nc1C(=O)OC,7,15,c,0.33109673857688904,0.9400799870491028
25,COCOc1ccc(Br)nc1C(=O)OC,8,15,c,0.028088858351111412,0.17899088561534882
25,COCOc1ccc(Br)nc1C(=O)OC,9,17,(,0.01359104085713625,0.10384192317724228
25,COCOc1ccc(Br)nc1C(=O)OC,10,37,Br,0.29401424527168274,0.9672894477844238
25,COCOc1ccc(Br)nc1C(=O)OC,11,18,),0.0007777116261422634,0.009956150315701962
25,COCOc1ccc(Br)nc1C(=O)OC,12,25,n,0.030850838869810104,0.16599632799625397
25,COCOc1ccc(Br)nc1C(=O)OC,13,15,c,0.049152955412864685,0.2612437605857849
25,COCOc1ccc(Br)nc1C(=O)OC,14,20,1,0.005564778111875057,0.052927181124687195
25,COCOc1ccc(Br)nc1C(=O)OC,15,16,C,0.5166739821434021,2.029040813446045
25,COCOc1ccc(Br)nc1C(=O)OC,16,22,=,0.2772076427936554,1.0652313232421875
25,COCOc1ccc(Br)nc1C(=O)OC,17,19,O,1.1288328170776367,0.8995352983474731
25,COCOc1ccc(Br)nc1C(=O)OC,18,13,[SEP],0.0002616459387354553,0.0037022167816758156
26,O=C(CCS)NC1(C(=O)O)CCCC1,0,19,O,0.09011411666870117,0.36986371874809265
26,O=C(CCS)NC1(C(=O)O)CCCC1,1,22,=,0.0008521268609911203,0.010211808606982231
26,O=C(CCS)NC1(C(=O)O)CCCC1,2,16,C,0.002381154801696539,0.02520361728966236
26,O=C(CCS)NC1(C(=O)O)CCCC1,3,17,(,0.05243063345551491,0.29618337750434875
26,O=C(CCS)NC1(C(=O)O)CCCC1,4,19,O,0.11609476804733276,0.4118593633174896
26,O=C(CCS)NC1(C(=O)O)CCCC1,5,18,),0.002102426253259182,0.023802712559700012
26,O=C(CCS)NC1(C(=O)O)CCCC1,6,16,C,0.0017197997076436877,0.018807899206876755
26,O=C(CCS)NC1(C(=O)O)CCCC1,7,16,C,0.003146030008792877,0.03215924650430679
26,O=C(CCS)NC1(C(=O)O)CCCC1,8,16,C,0.78476881980896,0.5199838876724243
26,O=C(CCS)NC1(C(=O)O)CCCC1,9,34,S,1.0478875637054443,1.2602505683898926
26,O=C(CCS)NC1(C(=O)O)CCCC1,10,16,C,0.32102975249290466,0.8478848934173584
26,O=C(CCS)NC1(C(=O)O)CCCC1,11,20,1,0.9569868445396423,1.7139005661010742
26,O=C(CCS)NC1(C(=O)O)CCCC1,12,22,=,0.9906685948371887,0.59263676404953
26,O=C(CCS)NC1(C(=O)O)CCCC1,13,23,N,0.04589983820915222,0.24243077635765076
26,O=C(CCS)NC1(C(=O)O)CCCC1,14,16,C,0.13982325792312622,0.6542863249778748
26,O=C(CCS)NC1(C(=O)O)CCCC1,15,21,2,1.0618842840194702,1.0743159055709839
26,O=C(CCS)NC1(C(=O)O)CCCC1,16,17,(,0.008475660346448421,0.06848819553852081
26,O=C(CCS)NC1(C(=O)O)CCCC1,17,16,C,0.06180761381983757,0.3712950646877289
26,O=C(CCS)NC1(C(=O)O)CCCC1,18,16,C,0.0234809760004282,0.17264054715633392
26,O=C(CCS)NC1(C(=O)O)CCCC1,19,16,C,1.0451672077178955,0.48876380920410156
26,O=C(CCS)NC1(C(=O)O)CCCC1,20,20,1,1.0011751651763916,0.6246159076690674
26,O=C(CCS)NC1(C(=O)O)CCCC1,21,18,),0.012406100519001484,0.09300914406776428
26,O=C(CCS)NC1(C(=O)O)CCCC1,22,16,C,0.5742518305778503,0.519704282283783
26,O=C(CCS)NC1(C(=O)O)CCCC1,23,16,C,0.7227544784545898,1.4528250694274902
26,O=C(CCS)NC1(C(=O)O)CCCC1,24,21,2,0.0093271154910326,0.08026275783777237
26,O=C(CCS)NC1(C(=O)O)CCCC1,25,13,[SEP],0.03766828030347824,0.26948851346969604
27,COc1cc2nc(Cl)c(C=O)cc2cc1Cl,0,16,C,0.01264063362032175,0.08968118578195572
27,COc1cc2nc(Cl)c(C=O)cc2cc1Cl,1,19,O,0.0079305125400424,0.06974391639232635
27,COc1cc2nc(Cl)c(C=O)cc2cc1Cl,2,15,c,0.017863048240542412,0.12588824331760406
27,COc1cc2nc(Cl)c(C=O)cc2cc1Cl,3,20,1,0.0012364861322566867,0.014159534126520157
27,COc1cc2nc(Cl)c(C=O)cc2cc1Cl,4,15,c,0.048345938324928284,0.21752242743968964
27,COc1cc2nc(Cl)c(C=O)cc2cc1Cl,5,15,c,0.562718391418457,0.39914795756340027
27,COc1cc2nc(Cl)c(C=O)cc2cc1Cl,6,21,2,0.206041157245636,0.6620029807090759
27,COc1cc2nc(Cl)c(C=O)cc2cc1Cl,7,15,c,0.3902422785758972,0.46588826179504395
27,COc1cc2nc(Cl)c(C=O)cc2cc1Cl,8,15,c,0.6323766112327576,0.49849069118499756
27,COc1cc2nc(Cl)c(C=O)cc2cc1Cl,9,17,(,0.04888731241226196,0.25542134046554565
27,COc1cc2nc(Cl)c(C=O)cc2cc1Cl,10,16,C,0.5392394661903381,0.5916479229927063
27,COc1cc2nc(Cl)c(C=O)cc2cc1Cl,11,22,=,0.044615134596824646,0.25242939591407776
27,COc1cc2nc(Cl)c(C=O)cc2cc1Cl,12,19,O,0.008360602892935276,0.0758473128080368
27,COc1cc2nc(Cl)c(C=O)cc2cc1Cl,13,18,),0.000697559502441436,0.009109186939895153
27,COc1cc2nc(Cl)c(C=O)cc2cc1Cl,14,15,c,0.22721487283706665,0.5157299637794495
27,COc1cc2nc(Cl)c(C=O)cc2cc1Cl,15,17,(,0.4301883280277252,0.8555363416671753
27,COc1cc2nc(Cl)c(C=O)cc2cc1Cl,16,28,Cl,0.021677637472748756,0.1719447821378708
27,COc1cc2nc(Cl)c(C=O)cc2cc1Cl,17,18,),0.0006950790993869305,0.009024311788380146
27,COc1cc2nc(Cl)c(C=O)cc2cc1Cl,18,25,n,0.12384037673473358,0.3824268877506256
27,COc1cc2nc(Cl)c(C=O)cc2cc1Cl,19,15,c,0.021637974306941032,0.1388491690158844
27,COc1cc2nc(Cl)c(C=O)cc2cc1Cl,20,21,2,0.13224107027053833,0.47242215275764465
27,COc1cc2nc(Cl)c(C=O)cc2cc1Cl,21,15,c,0.12722593545913696,0.46381208300590515
27,COc1cc2nc(Cl)c(C=O)cc2cc1Cl,22,25,n,0.4412371516227722,0.5141139030456543
27,COc1cc2nc(Cl)c(C=O)cc2cc1Cl,23,20,1,0.0028242000844329596,0.030956508591771126
27,COc1cc2nc(Cl)c(C=O)cc2cc1Cl,24,13,[SEP],0.0333065465092659,0.21450702846050262
28,CCCCCCc1ccc(-c2ccc(Br)s2)s1,0,16,C,0.0012817573733627796,0.014991835691034794
28,CCCCCCc1ccc(-c2ccc(Br)s2)s1,1,16,C,0.001799936406314373,0.0203632153570652
28,CCCCCCc1ccc(-c2ccc(Br)s2)s1,2,16,C,0.00237250211648643,0.025197140872478485
28,CCCCCCc1ccc(-c2ccc(Br)s2)s1,3,16,C,0.0033659597393125296,0.03163639456033707
28,CCCCCCc1ccc(-c2ccc(Br)s2)s1,4,16,C,0.010245008394122124,0.07472619414329529
28,CCCCCCc1ccc(-c2ccc(Br)s2)s1,5,16,C,0.19754989445209503,0.5001246333122253
28,CCCCCCc1ccc(-c2ccc(Br)s2)s1,6,15,c,0.05376280099153519,0.2633521556854248
28,CCCCCCc1ccc(-c2ccc(Br)s2)s1,7,20,1,0.0007903401856310666,0.009562470950186253
28,CCCCCCc1ccc(-c2ccc(Br)s2)s1,8,15,c,0.0027773980982601643,0.026572225615382195
28,CCCCCCc1ccc(-c2ccc(Br)s2)s1,9,15,c,0.004184371791779995,0.03815838322043419
28,CCCCCCc1ccc(-c2ccc(Br)s2)s1,10,15,c,0.3653644919395447,0.5795037746429443
28,CCCCCCc1ccc(-c2ccc(Br)s2)s1,11,17,(,0.016061559319496155,0.11144251376390457
28,CCCCCCc1ccc(-c2ccc(Br)s2)s1,12,31,-,0.6321457028388977,1.2595816850662231
28,CCCCCCc1ccc(-c2ccc(Br)s2)s1,13,15,c,0.0304657481610775,0.19294129312038422
28,CCCCCCc1ccc(-c2ccc(Br)s2)s1,14,21,2,0.006785078905522823,0.06500151753425598
28,CCCCCCc1ccc(-c2ccc(Br)s2)s1,15,15,c,0.13627852499485016,0.5296782851219177
28,CCCCCCc1ccc(-c2ccc(Br)s2)s1,16,15,c,0.013438122346997261,0.10928098112344742
28,CCCCCCc1ccc(-c2ccc(Br)s2)s1,17,15,c,0.09907778352499008,0.49626460671424866
28,CCCCCCc1ccc(-c2ccc(Br)s2)s1,18,17,(,0.017559200525283813,0.12180793285369873
28,CCCCCCc1ccc(-c2ccc(Br)s2)s1,19,37,Br,0.014535038731992245,0.12895417213439941
28,CCCCCCc1ccc(-c2ccc(Br)s2)s1,20,18,),0.0007588264415971935,0.009771512821316719
28,CCCCCCc1ccc(-c2ccc(Br)s2)s1,21,42,s,0.0026993907522410154,0.029497859999537468
28,CCCCCCc1ccc(-c2ccc(Br)s2)s1,22,21,2,0.0017469922313466668,0.019023574888706207
28,CCCCCCc1ccc(-c2ccc(Br)s2)s1,23,18,),0.0010891214478760958,0.01329195499420166
28,CCCCCCc1ccc(-c2ccc(Br)s2)s1,24,42,s,0.04259144514799118,0.25700613856315613
28,CCCCCCc1ccc(-c2ccc(Br)s2)s1,25,20,1,0.003421407425776124,0.034264300018548965
28,CCCCCCc1ccc(-c2ccc(Br)s2)s1,26,13,[SEP],0.016461081802845,0.10147053003311157
29,CN(CCN(C)C(=O)OC(C)(C)C)Cc1ccnn1C1CCC2(CC1)CC(C)(C)CO2,0,16,C,0.0015842219581827521,0.01735667884349823
29,CN(CCN(C)C(=O)OC(C)(C)C)Cc1ccnn1C1CCC2(CC1)CC(C)(C)CO2,1,23,N,0.8677363395690918,1.1379220485687256
29,CN(CCN(C)C(=O)OC(C)(C)C)Cc1ccnn1C1CCC2(CC1)CC(C)(C)CO2,2,17,(,0.28356024622917175,0.6157012581825256
29,CN(CCN(C)C(=O)OC(C)(C)C)Cc1ccnn1C1CCC2(CC1)CC(C)(C)CO2,3,16,C,0.003609701758250594,0.03355127200484276
29,CN(CCN(C)C(=O)OC(C)(C)C)Cc1ccnn1C1CCC2(CC1)CC(C)(C)CO2,4,16,C,0.46416082978248596,1.2660716772079468
29,CN(CCN(C)C(=O)OC(C)(C)C)Cc1ccnn1C1CCC2(CC1)CC(C)(C)CO2,5,23,N,1.0453212261199951,1.0494561195373535
29,CN(CCN(C)C(=O)OC(C)(C)C)Cc1ccnn1C1CCC2(CC1)CC(C)(C)CO2,6,20,1,0.6612678170204163,0.5348964333534241
29,CN(CCN(C)C(=O)OC(C)(C)C)Cc1ccnn1C1CCC2(CC1)CC(C)(C)CO2,7,16,C,0.09650108963251114,0.38074246048927307
29,CN(CCN(C)C(=O)OC(C)(C)C)Cc1ccnn1C1CCC2(CC1)CC(C)(C)CO2,8,16,C,0.4038134515285492,1.333923101425171
29,CN(CCN(C)C(=O)OC(C)(C)C)Cc1ccnn1C1CCC2(CC1)CC(C)(C)CO2,9,16,C,0.20006677508354187,0.9006364941596985
29,CN(CCN(C)C(=O)OC(C)(C)C)Cc1ccnn1C1CCC2(CC1)CC(C)(C)CO2,10,16,C,0.2834101617336273,1.0776556730270386
29,CN(CCN(C)C(=O)OC(C)(C)C)Cc1ccnn1C1CCC2(CC1)CC(C)(C)CO2,11,20,1,0.47403356432914734,1.187760829925537
29,CN(CCN(C)C(=O)OC(C)(C)C)Cc1ccnn1C1CCC2(CC1)CC(C)(C)CO2,12,18,),0.06452248245477676,0.3744681775569916
29,CN(CCN(C)C(=O)OC(C)(C)C)Cc1ccnn1C1CCC2(CC1)CC(C)(C)CO2,13,16,C,0.06275530159473419,0.35035568475723267
29,CN(CCN(C)C(=O)OC(C)(C)C)Cc1ccnn1C1CCC2(CC1)CC(C)(C)CO2,14,15,c,0.7222837209701538,1.4986498355865479
29,CN(CCN(C)C(=O)OC(C)(C)C)Cc1ccnn1C1CCC2(CC1)CC(C)(C)CO2,15,20,1,0.00109393079765141,0.01292306836694479
29,CN(CCN(C)C(=O)OC(C)(C)C)Cc1ccnn1C1CCC2(CC1)CC(C)(C)CO2,16,15,c,0.01574242115020752,0.11174730211496353
29,CN(CCN(C)C(=O)OC(C)(C)C)Cc1ccnn1C1CCC2(CC1)CC(C)(C)CO2,17,15,c,0.00712582329288125,0.06378991901874542
29,CN(CCN(C)C(=O)OC(C)(C)C)Cc1ccnn1C1CCC2(CC1)CC(C)(C)CO2,18,25,n,0.01528948824852705,0.11961226910352707
29,CN(CCN(C)C(=O)OC(C)(C)C)Cc1ccnn1C1CCC2(CC1)CC(C)(C)CO2,19,25,n,0.025312121957540512,0.16876864433288574
29,CN(CCN(C)C(=O)OC(C)(C)C)Cc1ccnn1C1CCC2(CC1)CC(C)(C)CO2,20,20,1,0.0029733972623944283,0.03183337673544884
29,CN(CCN(C)C(=O)OC(C)(C)C)Cc1ccnn1C1CCC2(CC1)CC(C)(C)CO2,21,16,C,0.19580785930156708,0.7527111768722534
29,CN(CCN(C)C(=O)OC(C)(C)C)Cc1ccnn1C1CCC2(CC1)CC(C)(C)CO2,22,20,1,0.3383508026599884,1.123496651649475
29,CN(CCN(C)C(=O)OC(C)(C)C)Cc1ccnn1C1CCC2(CC1)CC(C)(C)CO2,23,22,=,1.1582798957824707,0.8305884599685669
29,CN(CCN(C)C(=O)OC(C)(C)C)Cc1ccnn1C1CCC2(CC1)CC(C)(C)CO2,24,16,C,0.0028185222763568163,0.0279880128800869
29,CN(CCN(C)C(=O)OC(C)(C)C)Cc1ccnn1C1CCC2(CC1)CC(C)(C)CO2,25,16,C,0.09991808235645294,0.5049093961715698
29,CN(CCN(C)C(=O)OC(C)(C)C)Cc1ccnn1C1CCC2(CC1)CC(C)(C)CO2,26,17,(,1.4680728912353516,1.4245249032974243
29,CN(CCN(C)C(=O)OC(C)(C)C)Cc1ccnn1C1CCC2(CC1)CC(C)(C)CO2,27,19,O,0.937711775302887,0.6811717748641968
29,CN(CCN(C)C(=O)OC(C)(C)C)Cc1ccnn1C1CCC2(CC1)CC(C)(C)CO2,28,16,C,0.07057254761457443,0.44460153579711914
29,CN(CCN(C)C(=O)OC(C)(C)C)Cc1ccnn1C1CCC2(CC1)CC(C)(C)CO2,29,17,(,1.1842199563980103,0.6743391156196594
29,CN(CCN(C)C(=O)OC(C)(C)C)Cc1ccnn1C1CCC2(CC1)CC(C)(C)CO2,30,16,C,0.14696495234966278,0.484087735414505
29,CN(CCN(C)C(=O)OC(C)(C)C)Cc1ccnn1C1CCC2(CC1)CC(C)(C)CO2,31,18,),0.002092620125040412,0.023265311494469643
29,CN(CCN(C)C(=O)OC(C)(C)C)Cc1ccnn1C1CCC2(CC1)CC(C)(C)CO2,32,17,(,0.0034937027376145124,0.030629092827439308
29,CN(CCN(C)C(=O)OC(C)(C)C)Cc1ccnn1C1CCC2(CC1)CC(C)(C)CO2,33,16,C,0.0017508587334305048,0.018733471632003784
29,CN(CCN(C)C(=O)OC(C)(C)C)Cc1ccnn1C1CCC2(CC1)CC(C)(C)CO2,34,18,),0.000666384119540453,0.008671247400343418
29,CN(CCN(C)C(=O)OC(C)(C)C)Cc1ccnn1C1CCC2(CC1)CC(C)(C)CO2,35,16,C,0.008191813714802265,0.06590422987937927
29,CN(CCN(C)C(=O)OC(C)(C)C)Cc1ccnn1C1CCC2(CC1)CC(C)(C)CO2,36,18,),0.017722653225064278,0.13054494559764862
29,CN(CCN(C)C(=O)OC(C)(C)C)Cc1ccnn1C1CCC2(CC1)CC(C)(C)CO2,37,16,C,0.914739191532135,0.9573116898536682
29,CN(CCN(C)C(=O)OC(C)(C)C)Cc1ccnn1C1CCC2(CC1)CC(C)(C)CO2,38,16,C,0.647053062915802,1.2533403635025024
29,CN(CCN(C)C(=O)OC(C)(C)C)Cc1ccnn1C1CCC2(CC1)CC(C)(C)CO2,39,20,1,0.9635675549507141,0.7101326584815979
29,CN(CCN(C)C(=O)OC(C)(C)C)Cc1ccnn1C1CCC2(CC1)CC(C)(C)CO2,40,17,(,0.40873679518699646,1.1602294445037842
29,CN(CCN(C)C(=O)OC(C)(C)C)Cc1ccnn1C1CCC2(CC1)CC(C)(C)CO2,41,16,C,0.13668835163116455,0.43276286125183105
29,CN(CCN(C)C(=O)OC(C)(C)C)Cc1ccnn1C1CCC2(CC1)CC(C)(C)CO2,42,18,),0.0024344956036657095,0.027168158441781998
29,CN(CCN(C)C(=O)OC(C)(C)C)Cc1ccnn1C1CCC2(CC1)CC(C)(C)CO2,43,16,C,0.4759773910045624,0.4954189658164978
29,CN(CCN(C)C(=O)OC(C)(C)C)Cc1ccnn1C1CCC2(CC1)CC(C)(C)CO2,44,13,[SEP],1.1337538957595825,1.3927037715911865
30,COCCCOc1cc(Br)ccc1OCCCOCc1ccccc1,0,16,C,0.003968549892306328,0.03922749310731888
30,COCCCOc1cc(Br)ccc1OCCCOCc1ccccc1,1,19,O,0.0036718002520501614,0.03794102370738983
30,COCCCOc1cc(Br)ccc1OCCCOCc1ccccc1,2,16,C,0.004102574195712805,0.04087420552968979
30,COCCCOc1cc(Br)ccc1OCCCOCc1ccccc1,3,16,C,0.033503226935863495,0.17697003483772278
30,COCCCOc1cc(Br)ccc1OCCCOCc1ccccc1,4,16,C,0.25511249899864197,0.7444990277290344
30,COCCCOc1cc(Br)ccc1OCCCOCc1ccccc1,5,19,O,0.02818678878247738,0.19485041499137878
30,COCCCOc1cc(Br)ccc1OCCCOCc1ccccc1,6,16,C,0.6429091095924377,0.1902749240398407
30,COCCCOc1cc(Br)ccc1OCCCOCc1ccccc1,7,15,c,0.6756656765937805,0.1971573829650879
30,COCCCOc1cc(Br)ccc1OCCCOCc1ccccc1,8,20,1,0.0008728910470381379,0.010803831741213799
30,COCCCOc1cc(Br)ccc1OCCCOCc1ccccc1,9,15,c,0.001257675001397729,0.013647491112351418
30,COCCCOc1cc(Br)ccc1OCCCOCc1ccccc1,10,15,c,0.0035649207420647144,0.035091012716293335
30,COCCCOc1cc(Br)ccc1OCCCOCc1ccccc1,11,15,c,0.26029321551322937,0.5074905753135681
30,COCCCOc1cc(Br)ccc1OCCCOCc1ccccc1,12,17,(,0.7121923565864563,0.13478818535804749
30,COCCCOc1cc(Br)ccc1OCCCOCc1ccccc1,13,19,O,0.5728653073310852,0.9135975241661072
30,COCCCOc1cc(Br)ccc1OCCCOCc1ccccc1,14,16,C,0.0017825131071731448,0.01943635195493698
30,COCCCOc1cc(Br)ccc1OCCCOCc1ccccc1,15,16,C,0.00777580076828599,0.06501516699790955
30,COCCCOc1cc(Br)ccc1OCCCOCc1ccccc1,16,16,C,0.002965595806017518,0.02979493886232376
30,COCCCOc1cc(Br)ccc1OCCCOCc1ccccc1,17,37,Br,0.3511103093624115,0.646088719367981
30,COCCCOc1cc(Br)ccc1OCCCOCc1ccccc1,18,18,),0.0009874835377559066,0.012063954025506973
30,COCCCOc1cc(Br)ccc1OCCCOCc1ccccc1,19,15,c,0.0011593227973207831,0.012251417152583599
30,COCCCOc1cc(Br)ccc1OCCCOCc1ccccc1,20,15,c,0.4136367738246918,0.6163783669471741
30,COCCCOc1cc(Br)ccc1OCCCOCc1ccccc1,21,20,1,0.0011246369685977697,0.012928344309329987
30,COCCCOc1cc(Br)ccc1OCCCOCc1ccccc1,22,18,),0.6410101056098938,1.3697919845581055
30,COCCCOc1cc(Br)ccc1OCCCOCc1ccccc1,23,15,c,0.033449385315179825,0.23933887481689453
30,COCCCOc1cc(Br)ccc1OCCCOCc1ccccc1,24,20,1,0.5846324563026428,0.9967868328094482
30,COCCCOc1cc(Br)ccc1OCCCOCc1ccccc1,25,15,c,0.0013782037422060966,0.015351863577961922
30,COCCCOc1cc(Br)ccc1OCCCOCc1ccccc1,26,15,c,0.003142931731417775,0.03268878161907196
30,COCCCOc1cc(Br)ccc1OCCCOCc1ccccc1,27,15,c,0.17222891747951508,0.6888830065727234
30,COCCCOc1cc(Br)ccc1OCCCOCc1ccccc1,28,15,c,0.06074592098593712,0.3010847270488739
30,COCCCOc1cc(Br)ccc1OCCCOCc1ccccc1,29,15,c,0.11816585808992386,0.3907923996448517
30,COCCCOc1cc(Br)ccc1OCCCOCc1ccccc1,30,20,1,0.0011311123380437493,0.013939978554844856
30,COCCCOc1cc(Br)ccc1OCCCOCc1ccccc1,31,13,[SEP],0.0005705663934350014,0.007635347079485655
31,COC(=O)c1ccc2c(c1)[nH]c1cc[nH]c(=O)c12,0,16,C,0.0038080692756921053,0.03484479337930679
31,COC(=O)c1ccc2c(c1)[nH]c1cc[nH]c(=O)c12,1,19,O,0.0033376014325767756,0.03450101241469383
31,COC(=O)c1ccc2c(c1)[nH]c1cc[nH]c(=O)c12,2,16,C,0.03468642756342888,0.19745661318302155
31,COC(=O)c1ccc2c(c1)[nH]c1cc[nH]c(=O)c12,3,17,(,0.0033975462429225445,0.03122846595942974
31,COC(=O)c1ccc2c(c1)[nH]c1cc[nH]c(=O)c12,4,22,=,0.0008445315761491656,0.010594790801405907
31,COC(=O)c1ccc2c(c1)[nH]c1cc[nH]c(=O)c12,5,19,O,0.0014451062306761742,0.01566585898399353
31,COC(=O)c1ccc2c(c1)[nH]c1cc[nH]c(=O)c12,6,18,),0.0005769185372628272,0.0076865763403475285
31,COC(=O)c1ccc2c(c1)[nH]c1cc[nH]c(=O)c12,7,15,c,0.002706419210880995,0.026073502376675606
31,COC(=O)c1ccc2c(c1)[nH]c1cc[nH]c(=O)c12,8,20,1,0.0007376773282885551,0.00933846551924944
31,COC(=O)c1ccc2c(c1)[nH]c1cc[nH]c(=O)c12,9,15,c,0.0021156962029635906,0.021923625841736794
31,COC(=O)c1ccc2c(c1)[nH]c1cc[nH]c(=O)c12,10,15,c,0.029835663735866547,0.16379918158054352
31,COC(=O)c1ccc2c(c1)[nH]c1cc[nH]c(=O)c12,11,15,c,0.013661367818713188,0.0955180674791336
31,COC(=O)c1ccc2c(c1)[nH]c1cc[nH]c(=O)c12,12,21,2,0.021490594372153282,0.1529332399368286
31,COC(=O)c1ccc2c(c1)[nH]c1cc[nH]c(=O)c12,13,15,c,0.08044099807739258,0.31434664130210876
31,COC(=O)c1ccc2c(c1)[nH]c1cc[nH]c(=O)c12,14,17,(,0.08067817986011505,0.39667025208473206
31,COC(=O)c1ccc2c(c1)[nH]c1cc[nH]c(=O)c12,15,15,c,0.5341852903366089,1.3576551675796509
31,COC(=O)c1ccc2c(c1)[nH]c1cc[nH]c(=O)c12,16,20,1,0.02482565864920616,0.17985838651657104
31,COC(=O)c1ccc2c(c1)[nH]c1cc[nH]c(=O)c12,17,18,),0.0014135368401184678,0.016741059720516205
31,COC(=O)c1ccc2c(c1)[nH]c1cc[nH]c(=O)c12,18,16,C,1.2891534566879272,1.161039113998413
31,COC(=O)c1ccc2c(c1)[nH]c1cc[nH]c(=O)c12,19,22,=,0.18384674191474915,0.8714614510536194
31,COC(=O)c1ccc2c(c1)[nH]c1cc[nH]c(=O)c12,20,16,C,0.030167192220687866,0.18328577280044556
31,COC(=O)c1ccc2c(c1)[nH]c1cc[nH]c(=O)c12,21,23,N,1.4339954853057861,1.4934300184249878
31,COC(=O)c1ccc2c(c1)[nH]c1cc[nH]c(=O)c12,22,16,C,0.5051087737083435,1.3779065608978271
31,COC(=O)c1ccc2c(c1)[nH]c1cc[nH]c(=O)c12,23,21,2,0.49573516845703125,0.8776809573173523
31,COC(=O)c1ccc2c(c1)[nH]c1cc[nH]c(=O)c12,24,22,=,0.05627170205116272,0.3762919306755066
31,COC(=O)c1ccc2c(c1)[nH]c1cc[nH]c(=O)c12,25,19,O,0.22448326647281647,0.740067720413208
31,COC(=O)c1ccc2c(c1)[nH]c1cc[nH]c(=O)c12,26,13,[SEP],0.006864496041089296,0.048429593443870544
32,CN1CC2(CCN(Cc3ccc(C(=O)O)cc3)CC2)c2ccccc21,0,16,C,0.16886702179908752,0.4569501578807831
32,CN1CC2(CCN(Cc3ccc(C(=O)O)cc3)CC2)c2ccccc21,1,23,N,0.038017649203538895,0.2221064269542694
32,CN1CC2(CCN(Cc3ccc(C(=O)O)cc3)CC2)c2ccccc21,2,20,1,0.22644920647144318,0.6695649027824402
32,CN1CC2(CCN(Cc3ccc(C(=O)O)cc3)CC2)c2ccccc21,3,16,C,0.7036048173904419,0.14870595932006836
32,CN1CC2(CCN(Cc3ccc(C(=O)O)cc3)CC2)c2ccccc21,4,16,C,0.7721146941184998,0.7212202548980713
32,CN1CC2(CCN(Cc3ccc(C(=O)O)cc3)CC2)c2ccccc21,5,16,C,0.7900590896606445,0.6793582439422607
32,CN1CC2(CCN(Cc3ccc(C(=O)O)cc3)CC2)c2ccccc21,6,21,2,0.11523661017417908,0.42043501138687134
32,CN1CC2(CCN(Cc3ccc(C(=O)O)cc3)CC2)c2ccccc21,7,17,(,0.00275425729341805,0.027782317250967026
32,CN1CC2(CCN(Cc3ccc(C(=O)O)cc3)CC2)c2ccccc21,8,16,C,0.0032026967965066433,0.030992116779088974
32,CN1CC2(CCN(Cc3ccc(C(=O)O)cc3)CC2)c2ccccc21,9,16,C,0.003016113303601742,0.029882347211241722
32,CN1CC2(CCN(Cc3ccc(C(=O)O)cc3)CC2)c2ccccc21,10,20,1,0.03399205952882767,0.19945202767848969
32,CN1CC2(CCN(Cc3ccc(C(=O)O)cc3)CC2)c2ccccc21,11,18,),0.000941477541346103,0.011573739349842072
32,CN1CC2(CCN(Cc3ccc(C(=O)O)cc3)CC2)c2ccccc21,12,16,C,0.26014238595962524,0.5038096904754639
32,CN1CC2(CCN(Cc3ccc(C(=O)O)cc3)CC2)c2ccccc21,13,23,N,0.6571932435035706,0.7553631067276001
32,CN1CC2(CCN(Cc3ccc(C(=O)O)cc3)CC2)c2ccccc21,14,17,(,0.023220306262373924,0.1577737182378769
32,CN1CC2(CCN(Cc3ccc(C(=O)O)cc3)CC2)c2ccccc21,15,16,C,0.020570287480950356,0.12094949185848236
32,CN1CC2(CCN(Cc3ccc(C(=O)O)cc3)CC2)c2ccccc21,16,15,c,0.061921194195747375,0.31187254190444946
32,CN1CC2(CCN(Cc3ccc(C(=O)O)cc3)CC2)c2ccccc21,17,20,1,0.0011544947046786547,0.013884634710848331
32,CN1CC2(CCN(Cc3ccc(C(=O)O)cc3)CC2)c2ccccc21,18,15,c,0.0009237959748134017,0.010364685207605362
32,CN1CC2(CCN(Cc3ccc(C(=O)O)cc3)CC2)c2ccccc21,19,15,c,0.00098580087069422,0.011529142037034035
32,CN1CC2(CCN(Cc3ccc(C(=O)O)cc3)CC2)c2ccccc21,20,15,c,0.0018547382205724716,0.01999356970191002
32,CN1CC2(CCN(Cc3ccc(C(=O)O)cc3)CC2)c2ccccc21,21,17,(,0.21881410479545593,0.4615772068500519
32,CN1CC2(CCN(Cc3ccc(C(=O)O)cc3)CC2)c2ccccc21,22,16,C,0.015395584516227245,0.11799424886703491
32,CN1CC2(CCN(Cc3ccc(C(=O)O)cc3)CC2)c2ccccc21,23,17,(,0.014116558246314526,0.09429753571748734
32,CN1CC2(CCN(Cc3ccc(C(=O)O)cc3)CC2)c2ccccc21,24,22,=,0.00107894791290164,0.01320427842438221
32,CN1CC2(CCN(Cc3ccc(C(=O)O)cc3)CC2)c2ccccc21,25,19,O,0.0018818697426468134,0.020283032208681107
32,CN1CC2(CCN(Cc3ccc(C(=O)O)cc3)CC2)c2ccccc21,26,18,),0.0005156970000825822,0.006928697694092989
32,CN1CC2(CCN(Cc3ccc(C(=O)O)cc3)CC2)c2ccccc21,27,19,O,0.0014451590832322836,0.016663813963532448
32,CN1CC2(CCN(Cc3ccc(C(=O)O)cc3)CC2)c2ccccc21,28,18,),0.0010578384390100837,0.013367042876780033
32,CN1CC2(CCN(Cc3ccc(C(=O)O)cc3)CC2)c2ccccc21,29,15,c,0.00074810313526541,0.008434019051492214
32,CN1CC2(CCN(Cc3ccc(C(=O)O)cc3)CC2)c2ccccc21,30,15,c,0.0007253174553625286,0.008380139246582985
32,CN1CC2(CCN(Cc3ccc(C(=O)O)cc3)CC2)c2ccccc21,31,20,1,0.004276760853827,0.03516945615410805
32,CN1CC2(CCN(Cc3ccc(C(=O)O)cc3)CC2)c2ccccc21,32,18,),0.0008592604426667094,0.010817335918545723
32,CN1CC2(CCN(Cc3ccc(C(=O)O)cc3)CC2)c2ccccc21,33,15,c,0.6198240518569946,0.23269979655742645
32,CN1CC2(CCN(Cc3ccc(C(=O)O)cc3)CC2)c2ccccc21,34,20,1,0.001298121060244739,0.015087662264704704
32,CN1CC2(CCN(Cc3ccc(C(=O)O)cc3)CC2)c2ccccc21,35,15,c,0.0012947317445650697,0.013657492585480213
32,CN1CC2(CCN(Cc3ccc(C(=O)O)cc3)CC2)c2ccccc21,36,15,c,0.0015261971857398748,0.01612921990454197
32,CN1CC2(CCN(Cc3ccc(C(=O)O)cc3)CC2)c2ccccc21,37,15,c,0.0013332320377230644,0.014557735994458199
32,CN1CC2(CCN(Cc3ccc(C(=O)O)cc3)CC2)c2ccccc21,38,15,c,0.0012211785651743412,0.013245288282632828
32,CN1CC2(CCN(Cc3ccc(C(=O)O)cc3)CC2)c2ccccc21,39,15,c,0.0020112073980271816,0.018933482468128204
32,CN1CC2(CCN(Cc3ccc(C(=O)O)cc3)CC2)c2ccccc21,40,20,1,0.010098258033394814,0.08004753291606903
32,CN1CC2(CCN(Cc3ccc(C(=O)O)cc3)CC2)c2ccccc21,41,21,2,0.04165413975715637,0.28611046075820923
32,CN1CC2(CCN(Cc3ccc(C(=O)O)cc3)CC2)c2ccccc21,42,13,[SEP],0.006941246334463358,0.05042256787419319
33,NC(=O)c1cc(F)cc2c1C(=O)N(C1CCN(C3CCC(F)(F)CC3)CC1)C2,0,19,O,0.13897977769374847,0.5056931376457214
33,NC(=O)c1cc(F)cc2c1C(=O)N(C1CCN(C3CCC(F)(F)CC3)CC1)C2,1,22,=,0.0033392668701708317,0.03180762007832527
33,NC(=O)c1cc(F)cc2c1C(=O)N(C1CCN(C3CCC(F)(F)CC3)CC1)C2,2,16,C,0.0025636448990553617,0.025405559688806534
33,NC(=O)c1cc(F)cc2c1C(=O)N(C1CCN(C3CCC(F)(F)CC3)CC1)C2,3,17,(,0.5722562670707703,0.36469727754592896
33,NC(=O)c1cc(F)cc2c1C(=O)N(C1CCN(C3CCC(F)(F)CC3)CC1)C2,4,15,c,0.8952087759971619,0.8068035840988159
33,NC(=O)c1cc(F)cc2c1C(=O)N(C1CCN(C3CCC(F)(F)CC3)CC1)C2,5,20,1,0.004297968465834856,0.04192383214831352
33,NC(=O)c1cc(F)cc2c1C(=O)N(C1CCN(C3CCC(F)(F)CC3)CC1)C2,6,15,c,0.0031003437470644712,0.029738174751400948
33,NC(=O)c1cc(F)cc2c1C(=O)N(C1CCN(C3CCC(F)(F)CC3)CC1)C2,7,15,c,0.0035961249377578497,0.03412559628486633
33,NC(=O)c1cc(F)cc2c1C(=O)N(C1CCN(C3CCC(F)(F)CC3)CC1)C2,8,17,(,0.010243219323456287,0.08077499270439148
33,NC(=O)c1cc(F)cc2c1C(=O)N(C1CCN(C3CCC(F)(F)CC3)CC1)C2,9,27,F,0.0181961078196764,0.1263478845357895
33,NC(=O)c1cc(F)cc2c1C(=O)N(C1CCN(C3CCC(F)(F)CC3)CC1)C2,10,18,),0.0005832954775542021,0.00762217165902257
33,NC(=O)c1cc(F)cc2c1C(=O)N(C1CCN(C3CCC(F)(F)CC3)CC1)C2,11,15,c,0.03298913314938545,0.18834476172924042
33,NC(=O)c1cc(F)cc2c1C(=O)N(C1CCN(C3CCC(F)(F)CC3)CC1)C2,12,15,c,0.2654159963130951,0.774071455001831
33,NC(=O)c1cc(F)cc2c1C(=O)N(C1CCN(C3CCC(F)(F)CC3)CC1)C2,13,21,2,0.646133542060852,0.34335410594940186
33,NC(=O)c1cc(F)cc2c1C(=O)N(C1CCN(C3CCC(F)(F)CC3)CC1)C2,14,15,c,0.05567464977502823,0.2556162178516388
33,NC(=O)c1cc(F)cc2c1C(=O)N(C1CCN(C3CCC(F)(F)CC3)CC1)C2,15,20,1,0.021529583260416985,0.13464932143688202
33,NC(=O)c1cc(F)cc2c1C(=O)N(C1CCN(C3CCC(F)(F)CC3)CC1)C2,16,16,C,0.9990455508232117,1.6505393981933594
33,NC(=O)c1cc(F)cc2c1C(=O)N(C1CCN(C3CCC(F)(F)CC3)CC1)C2,17,16,C,0.47801268100738525,1.3727970123291016
33,NC(=O)c1cc(F)cc2c1C(=O)N(C1CCN(C3CCC(F)(F)CC3)CC1)C2,18,16,C,0.04668841511011124,0.27852410078048706
33,NC(=O)c1cc(F)cc2c1C(=O)N(C1CCN(C3CCC(F)(F)CC3)CC1)C2,19,16,C,0.886592447757721,0.6510816812515259
33,NC(=O)c1cc(F)cc2c1C(=O)N(C1CCN(C3CCC(F)(F)CC3)CC1)C2,20,23,N,1.0069330930709839,1.0064586400985718
33,NC(=O)c1cc(F)cc2c1C(=O)N(C1CCN(C3CCC(F)(F)CC3)CC1)C2,21,21,2,1.202038288116455,0.9547585248947144
33,NC(=O)c1cc(F)cc2c1C(=O)N(C1CCN(C3CCC(F)(F)CC3)CC1)C2,22,18,),0.7843708992004395,0.531625509262085
33,NC(=O)c1cc(F)cc2c1C(=O)N(C1CCN(C3CCC(F)(F)CC3)CC1)C2,23,23,N,0.01818106696009636,0.13608965277671814
33,NC(=O)c1cc(F)cc2c1C(=O)N(C1CCN(C3CCC(F)(F)CC3)CC1)C2,24,20,1,0.739354133605957,0.35215845704078674
33,NC(=O)c1cc(F)cc2c1C(=O)N(C1CCN(C3CCC(F)(F)CC3)CC1)C2,25,16,C,0.005093967076390982,0.04717092961072922
33,NC(=O)c1cc(F)cc2c1C(=O)N(C1CCN(C3CCC(F)(F)CC3)CC1)C2,26,16,C,0.2276477962732315,0.9543505907058716
33,NC(=O)c1cc(F)cc2c1C(=O)N(C1CCN(C3CCC(F)(F)CC3)CC1)C2,27,16,C,0.020765112712979317,0.14184841513633728
33,NC(=O)c1cc(F)cc2c1C(=O)N(C1CCN(C3CCC(F)(F)CC3)CC1)C2,28,17,(,0.3406639099121094,1.0619522333145142
33,NC(=O)c1cc(F)cc2c1C(=O)N(C1CCN(C3CCC(F)(F)CC3)CC1)C2,29,23,N,0.07667624205350876,0.42465874552726746
33,NC(=O)c1cc(F)cc2c1C(=O)N(C1CCN(C3CCC(F)(F)CC3)CC1)C2,30,21,2,0.7530393600463867,1.1607978343963623
33,NC(=O)c1cc(F)cc2c1C(=O)N(C1CCN(C3CCC(F)(F)CC3)CC1)C2,31,16,C,0.006199849769473076,0.05606084689497948
33,NC(=O)c1cc(F)cc2c1C(=O)N(C1CCN(C3CCC(F)(F)CC3)CC1)C2,32,16,C,0.5243508219718933,0.6076767444610596
33,NC(=O)c1cc(F)cc2c1C(=O)N(C1CCN(C3CCC(F)(F)CC3)CC1)C2,33,16,C,0.015322184190154076,0.1004858911037445
33,NC(=O)c1cc(F)cc2c1C(=O)N(C1CCN(C3CCC(F)(F)CC3)CC1)C2,34,16,C,0.3797816038131714,0.6225407719612122
33,NC(=O)c1cc(F)cc2c1C(=O)N(C1CCN(C3CCC(F)(F)CC3)CC1)C2,35,21,2,0.184431254863739,0.6383678317070007
33,NC(=O)c1cc(F)cc2c1C(=O)N(C1CCN(C3CCC(F)(F)CC3)CC1)C2,36,18,),0.12275282293558121,0.5422316193580627
33,NC(=O)c1cc(F)cc2c1C(=O)N(C1CCN(C3CCC(F)(F)CC3)CC1)C2,37,16,C,0.1572042852640152,0.526935338973999
33,NC(=O)c1cc(F)cc2c1C(=O)N(C1CCN(C3CCC(F)(F)CC3)CC1)C2,38,20,1,0.3588939607143402,0.7294437885284424
33,NC(=O)c1cc(F)cc2c1C(=O)N(C1CCN(C3CCC(F)(F)CC3)CC1)C2,39,22,=,0.02242579311132431,0.14645250141620636
33,NC(=O)c1cc(F)cc2c1C(=O)N(C1CCN(C3CCC(F)(F)CC3)CC1)C2,40,19,O,0.3915989398956299,0.5194422006607056
33,NC(=O)c1cc(F)cc2c1C(=O)N(C1CCN(C3CCC(F)(F)CC3)CC1)C2,41,13,[SEP],0.029303673654794693,0.14651905000209808
34,NCc1ccc(-c2cnc(N)c(C(=O)Nc3ccncc3)c2)cc1,0,23,N,0.029949575662612915,0.17016395926475525
34,NCc1ccc(-c2cnc(N)c(C(=O)Nc3ccncc3)c2)cc1,1,16,C,0.07146841287612915,0.3968876600265503
34,NCc1ccc(-c2cnc(N)c(C(=O)Nc3ccncc3)c2)cc1,2,15,c,0.00890448410063982,0.0714888796210289
34,NCc1ccc(-c2cnc(N)c(C(=O)Nc3ccncc3)c2)cc1,3,20,1,0.0023967036977410316,0.024823743849992752
34,NCc1ccc(-c2cnc(N)c(C(=O)Nc3ccncc3)c2)cc1,4,15,c,0.001791318180039525,0.01773533597588539
34,NCc1ccc(-c2cnc(N)c(C(=O)Nc3ccncc3)c2)cc1,5,15,c,0.042251795530319214,0.18816041946411133
34,NCc1ccc(-c2cnc(N)c(C(=O)Nc3ccncc3)c2)cc1,6,15,c,0.020982559770345688,0.13314136862754822
34,NCc1ccc(-c2cnc(N)c(C(=O)Nc3ccncc3)c2)cc1,7,17,(,0.05339592322707176,0.23275411128997803
34,NCc1ccc(-c2cnc(N)c(C(=O)Nc3ccncc3)c2)cc1,8,31,-,1.0496355295181274,0.37661251425743103
34,NCc1ccc(-c2cnc(N)c(C(=O)Nc3ccncc3)c2)cc1,9,15,c,0.0014894310152158141,0.015049084089696407
34,NCc1ccc(-c2cnc(N)c(C(=O)Nc3ccncc3)c2)cc1,10,21,2,0.0013005626387894154,0.01552791427820921
34,NCc1ccc(-c2cnc(N)c(C(=O)Nc3ccncc3)c2)cc1,11,15,c,0.028019269928336143,0.14913317561149597
34,NCc1ccc(-c2cnc(N)c(C(=O)Nc3ccncc3)c2)cc1,12,25,n,0.46034348011016846,0.509409487247467
34,NCc1ccc(-c2cnc(N)c(C(=O)Nc3ccncc3)c2)cc1,13,15,c,0.008110370486974716,0.06338420510292053
34,NCc1ccc(-c2cnc(N)c(C(=O)Nc3ccncc3)c2)cc1,14,15,c,0.7526585459709167,0.34954798221588135
34,NCc1ccc(-c2cnc(N)c(C(=O)Nc3ccncc3)c2)cc1,15,17,(,0.5169787406921387,1.076643705368042
34,NCc1ccc(-c2cnc(N)c(C(=O)Nc3ccncc3)c2)cc1,16,23,N,0.5101872682571411,0.5096796751022339
34,NCc1ccc(-c2cnc(N)c(C(=O)Nc3ccncc3)c2)cc1,17,16,C,0.06099856272339821,0.3161798417568207
34,NCc1ccc(-c2cnc(N)c(C(=O)Nc3ccncc3)c2)cc1,18,17,(,0.012157759629189968,0.08748035132884979
34,NCc1ccc(-c2cnc(N)c(C(=O)Nc3ccncc3)c2)cc1,19,22,=,0.4130052626132965,0.5636166930198669
34,NCc1ccc(-c2cnc(N)c(C(=O)Nc3ccncc3)c2)cc1,20,19,O,0.004124918952584267,0.0376032292842865
34,NCc1ccc(-c2cnc(N)c(C(=O)Nc3ccncc3)c2)cc1,21,18,),0.0005149467615410686,0.006959876511245966
34,NCc1ccc(-c2cnc(N)c(C(=O)Nc3ccncc3)c2)cc1,22,23,N,0.2968740463256836,0.9068925976753235
34,NCc1ccc(-c2cnc(N)c(C(=O)Nc3ccncc3)c2)cc1,23,18,),0.7489574551582336,1.9795373678207397
34,NCc1ccc(-c2cnc(N)c(C(=O)Nc3ccncc3)c2)cc1,24,25,n,0.06541807949542999,0.24877914786338806
34,NCc1ccc(-c2cnc(N)c(C(=O)Nc3ccncc3)c2)cc1,25,21,2,0.000855055230204016,0.010327097959816456
34,NCc1ccc(-c2cnc(N)c(C(=O)Nc3ccncc3)c2)cc1,26,18,),0.0007706449832767248,0.009928769432008266
34,NCc1ccc(-c2cnc(N)c(C(=O)Nc3ccncc3)c2)cc1,27,15,c,0.0007401149487122893,0.008948109112679958
34,NCc1ccc(-c2cnc(N)c(C(=O)Nc3ccncc3)c2)cc1,28,15,c,0.0029826967511326075,0.02726047858595848
34,NCc1ccc(-c2cnc(N)c(C(=O)Nc3ccncc3)c2)cc1,29,20,1,0.0010688949842005968,0.01224554143846035
34,NCc1ccc(-c2cnc(N)c(C(=O)Nc3ccncc3)c2)cc1,30,13,[SEP],0.36149463057518005,0.5136204361915588
35,CC1(C=O)OCc2ccccc2-n2cccc21,0,16,C,0.0017279364401474595,0.01900162547826767
35,CC1(C=O)OCc2ccccc2-n2cccc21,1,16,C,0.15675438940525055,0.6964215040206909
35,CC1(C=O)OCc2ccccc2-n2cccc21,2,20,1,0.08882477134466171,0.34286558628082275
35,CC1(C=O)OCc2ccccc2-n2cccc21,3,17,(,0.08835075050592422,0.3461788594722748
35,CC1(C=O)OCc2ccccc2-n2cccc21,4,16,C,0.832190990447998,1.1569437980651855
35,CC1(C=O)OCc2ccccc2-n2cccc21,5,22,=,0.04219833016395569,0.27072057127952576
35,CC1(C=O)OCc2ccccc2-n2cccc21,6,19,O,0.003152140649035573,0.03195679187774658
35,CC1(C=O)OCc2ccccc2-n2cccc21,7,18,),0.0008553277002647519,0.010690771974623203
35,CC1(C=O)OCc2ccccc2-n2cccc21,8,19,O,0.5375237464904785,0.974240779876709
35,CC1(C=O)OCc2ccccc2-n2cccc21,9,16,C,0.014385043643414974,0.12230360507965088
35,CC1(C=O)OCc2ccccc2-n2cccc21,10,15,c,0.09014333039522171,0.4640226662158966
35,CC1(C=O)OCc2ccccc2-n2cccc21,11,21,2,0.0008402439416386187,0.010659312829375267
35,CC1(C=O)OCc2ccccc2-n2cccc21,12,15,c,0.004114537499845028,0.03595278412103653
35,CC1(C=O)OCc2ccccc2-n2cccc21,13,15,c,0.7214581370353699,0.3726644814014435
35,CC1(C=O)OCc2ccccc2-n2cccc21,14,15,c,0.014381643384695053,0.10577637702226639
35,CC1(C=O)OCc2ccccc2-n2cccc21,15,15,c,0.44770708680152893,0.41928553581237793
35,CC1(C=O)OCc2ccccc2-n2cccc21,16,15,c,0.019243475049734116,0.12525701522827148
35,CC1(C=O)OCc2ccccc2-n2cccc21,17,21,2,0.002537298481911421,0.027994707226753235
35,CC1(C=O)OCc2ccccc2-n2cccc21,18,31,-,0.06286478042602539,0.39886584877967834
35,CC1(C=O)OCc2ccccc2-n2cccc21,19,25,n,0.030924510210752487,0.17726238071918488
35,CC1(C=O)OCc2ccccc2-n2cccc21,20,21,2,0.002563552698120475,0.027357464656233788
35,CC1(C=O)OCc2ccccc2-n2cccc21,21,15,c,0.003089402336627245,0.028643475845456123
35,CC1(C=O)OCc2ccccc2-n2cccc21,22,15,c,0.002438195049762726,0.024709900841116905
35,CC1(C=O)OCc2ccccc2-n2cccc21,23,15,c,0.026856249198317528,0.15773728489875793
35,CC1(C=O)OCc2ccccc2-n2cccc21,24,15,c,0.3215787410736084,0.47434738278388977
35,CC1(C=O)OCc2ccccc2-n2cccc21,25,21,2,0.009663990698754787,0.07498997449874878
35,CC1(C=O)OCc2ccccc2-n2cccc21,26,20,1,0.004540863446891308,0.04798346385359764
35,CC1(C=O)OCc2ccccc2-n2cccc21,27,13,[SEP],0.0006780674448236823,0.008608555421233177
36,Nc1c(Cl)ccc2c1cnn2Cc1ccccc1,0,23,N,0.0034078320022672415,0.03461065888404846
36,Nc1c(Cl)ccc2c1cnn2Cc1ccccc1,1,15,c,0.06717129796743393,0.3456408381462097
36,Nc1c(Cl)ccc2c1cnn2Cc1ccccc1,2,20,1,0.0007180740358307958,0.009030450135469437
36,Nc1c(Cl)ccc2c1cnn2Cc1ccccc1,3,15,c,0.32332634925842285,0.4919712543487549
36,Nc1c(Cl)ccc2c1cnn2Cc1ccccc1,4,15,c,0.9064139723777771,0.45706987380981445
36,Nc1c(Cl)ccc2c1cnn2Cc1ccccc1,5,15,c,0.25860488414764404,0.7321677207946777
36,Nc1c(Cl)ccc2c1cnn2Cc1ccccc1,6,21,2,0.03906981647014618,0.23073533177375793
36,Nc1c(Cl)ccc2c1cnn2Cc1ccccc1,7,15,c,0.010373401455581188,0.07404087483882904
36,Nc1c(Cl)ccc2c1cnn2Cc1ccccc1,8,17,(,0.4535577595233917,0.5448804497718811
36,Nc1c(Cl)ccc2c1cnn2Cc1ccccc1,9,15,c,0.18172694742679596,0.7137641310691833
36,Nc1c(Cl)ccc2c1cnn2Cc1ccccc1,10,25,n,0.02426626905798912,0.1675032377243042
36,Nc1c(Cl)ccc2c1cnn2Cc1ccccc1,11,25,n,0.0029673483222723007,0.0326768197119236
36,Nc1c(Cl)ccc2c1cnn2Cc1ccccc1,12,21,2,0.0036207460798323154,0.04045315459370613
36,Nc1c(Cl)ccc2c1cnn2Cc1ccccc1,13,16,C,0.0030793894547969103,0.03284328058362007
36,Nc1c(Cl)ccc2c1cnn2Cc1ccccc1,14,15,c,0.0054189166985452175,0.05256429314613342
36,Nc1c(Cl)ccc2c1cnn2Cc1ccccc1,15,21,2,0.0015140670584514737,0.017630750313401222
36,Nc1c(Cl)ccc2c1cnn2Cc1ccccc1,16,15,c,0.0008367812843061984,0.00947209820151329
36,Nc1c(Cl)ccc2c1cnn2Cc1ccccc1,17,15,c,0.003282473422586918,0.027880217880010605
36,Nc1c(Cl)ccc2c1cnn2Cc1ccccc1,18,15,c,0.008943997323513031,0.062129680067300797
36,Nc1c(Cl)ccc2c1cnn2Cc1ccccc1,19,15,c,0.022271186113357544,0.12213379144668579
36,Nc1c(Cl)ccc2c1cnn2Cc1ccccc1,20,15,c,0.002435473958030343,0.021955452859401703
36,Nc1c(Cl)ccc2c1cnn2Cc1ccccc1,21,21,2,0.0042254384607076645,0.034015361219644547
36,Nc1c(Cl)ccc2c1cnn2Cc1ccccc1,22,18,),0.04957792907953262,0.23033960163593292
36,Nc1c(Cl)ccc2c1cnn2Cc1ccccc1,23,15,c,0.002000068547204137,0.021541403606534004
36,Nc1c(Cl)ccc2c1cnn2Cc1ccccc1,24,20,1,0.008202718570828438,0.07394184172153473
36,Nc1c(Cl)ccc2c1cnn2Cc1ccccc1,25,28,Cl,0.13480418920516968,0.5870987772941589
36,Nc1c(Cl)ccc2c1cnn2Cc1ccccc1,26,13,[SEP],0.00023841598886065185,0.003393692895770073
37,CN1C(=O)c2cccc(Br)c2S1(=O)=O,0,16,C,0.007481719367206097,0.07001502811908722
37,CN1C(=O)c2cccc(Br)c2S1(=O)=O,1,23,N,1.913783073425293,2.276735782623291
37,CN1C(=O)c2cccc(Br)c2S1(=O)=O,2,20,1,0.1290692239999771,0.5662887096405029
37,CN1C(=O)c2cccc(Br)c2S1(=O)=O,3,16,C,0.06695752590894699,0.3640362620353699
37,CN1C(=O)c2cccc(Br)c2S1(=O)=O,4,17,(,0.004391159862279892,0.041866421699523926
37,CN1C(=O)c2cccc(Br)c2S1(=O)=O,5,22,=,0.10315931588411331,0.4563446342945099
37,CN1C(=O)c2cccc(Br)c2S1(=O)=O,6,19,O,0.0030372068285942078,0.029513301327824593
37,CN1C(=O)c2cccc(Br)c2S1(=O)=O,7,18,),0.0005526323802769184,0.007349112071096897
37,CN1C(=O)c2cccc(Br)c2S1(=O)=O,8,15,c,0.03171999752521515,0.20950642228126526
37,CN1C(=O)c2cccc(Br)c2S1(=O)=O,9,21,2,0.002149138832464814,0.02503396011888981
37,CN1C(=O)c2cccc(Br)c2S1(=O)=O,10,15,c,0.0020881949458271265,0.02103264071047306
37,CN1C(=O)c2cccc(Br)c2S1(=O)=O,11,15,c,0.1311715692281723,0.39502859115600586
37,CN1C(=O)c2cccc(Br)c2S1(=O)=O,12,15,c,0.003456183709204197,0.0319410040974617
37,CN1C(=O)c2cccc(Br)c2S1(=O)=O,13,15,c,0.004578526597470045,0.038010962307453156
37,CN1C(=O)c2cccc(Br)c2S1(=O)=O,14,17,(,0.0064115324057638645,0.050075557082891464
37,CN1C(=O)c2cccc(Br)c2S1(=O)=O,15,37,Br,0.061573855578899384,0.4088360071182251
37,CN1C(=O)c2cccc(Br)c2S1(=O)=O,16,18,),0.0006903511821292341,0.009019208140671253
37,CN1C(=O)c2cccc(Br)c2S1(=O)=O,17,15,c,0.012036176398396492,0.08066276460886002
37,CN1C(=O)c2cccc(Br)c2S1(=O)=O,18,21,2,0.003081921022385359,0.03367391601204872
37,CN1C(=O)c2cccc(Br)c2S1(=O)=O,19,34,S,0.1263071596622467,0.680094838142395
37,CN1C(=O)c2cccc(Br)c2S1(=O)=O,20,20,1,0.006635789759457111,0.06274048984050751
37,CN1C(=O)c2cccc(Br)c2S1(=O)=O,21,17,(,0.2822793126106262,0.7655952572822571
37,CN1C(=O)c2cccc(Br)c2S1(=O)=O,22,22,=,0.009987280704081059,0.08019587397575378
37,CN1C(=O)c2cccc(Br)c2S1(=O)=O,23,19,O,0.002657985780388117,0.02734765224158764
37,CN1C(=O)c2cccc(Br)c2S1(=O)=O,24,18,),0.00134208332747221,0.015377115458250046
37,CN1C(=O)c2cccc(Br)c2S1(=O)=O,25,22,=,0.9951162338256836,1.8902138471603394
37,CN1C(=O)c2cccc(Br)c2S1(=O)=O,26,19,O,0.006743980571627617,0.06337662786245346
37,CN1C(=O)c2cccc(Br)c2S1(=O)=O,27,13,[SEP],0.023144252598285675,0.12612885236740112
38,CCc1nc2cnc3cc(O)ccc3c2n1CC(C)C,0,16,C,0.0013328251661732793,0.015703698620200157
38,CCc1nc2cnc3cc(O)ccc3c2n1CC(C)C,1,16,C,0.0016450723633170128,0.018243348225951195
38,CCc1nc2cnc3cc(O)ccc3c2n1CC(C)C,2,15,c,0.035831280052661896,0.21069274842739105
38,CCc1nc2cnc3cc(O)ccc3c2n1CC(C)C,3,20,1,0.0007316524279303849,0.009022373706102371
38,CCc1nc2cnc3cc(O)ccc3c2n1CC(C)C,4,25,n,0.09244344383478165,0.3418049216270447
38,CCc1nc2cnc3cc(O)ccc3c2n1CC(C)C,5,15,c,0.15781284868717194,0.47118762135505676
38,CCc1nc2cnc3cc(O)ccc3c2n1CC(C)C,6,21,2,0.16347435116767883,0.6349350810050964
38,CCc1nc2cnc3cc(O)ccc3c2n1CC(C)C,7,15,c,0.02567632496356964,0.1333117038011551
38,CCc1nc2cnc3cc(O)ccc3c2n1CC(C)C,8,25,n,0.7891378998756409,0.44866040349006653
38,CCc1nc2cnc3cc(O)ccc3c2n1CC(C)C,9,15,c,0.11410266906023026,0.35522860288619995
38,CCc1nc2cnc3cc(O)ccc3c2n1CC(C)C,10,26,3,0.0433545745909214,0.23601345717906952
38,CCc1nc2cnc3cc(O)ccc3c2n1CC(C)C,11,15,c,0.0018816909287124872,0.01902216486632824
38,CCc1nc2cnc3cc(O)ccc3c2n1CC(C)C,12,15,c,0.004315773490816355,0.03502926602959633
38,CCc1nc2cnc3cc(O)ccc3c2n1CC(C)C,13,17,(,0.7040528655052185,0.08372452855110168
38,CCc1nc2cnc3cc(O)ccc3c2n1CC(C)C,14,19,O,0.009924890473484993,0.08217772841453552
38,CCc1nc2cnc3cc(O)ccc3c2n1CC(C)C,15,18,),0.0032680409494787455,0.0313938669860363
38,CCc1nc2cnc3cc(O)ccc3c2n1CC(C)C,16,15,c,0.0027799762319773436,0.02533780038356781
38,CCc1nc2cnc3cc(O)ccc3c2n1CC(C)C,17,15,c,0.0022637508809566498,0.021001040935516357
38,CCc1nc2cnc3cc(O)ccc3c2n1CC(C)C,18,15,c,0.0015900731086730957,0.01658591628074646
38,CCc1nc2cnc3cc(O)ccc3c2n1CC(C)C,19,26,3,0.0016142410458996892,0.018871940672397614
38,CCc1nc2cnc3cc(O)ccc3c2n1CC(C)C,20,15,c,0.10049008578062057,0.44197365641593933
38,CCc1nc2cnc3cc(O)ccc3c2n1CC(C)C,21,21,2,0.001950813690200448,0.02185617946088314
38,CCc1nc2cnc3cc(O)ccc3c2n1CC(C)C,22,25,n,0.003529554232954979,0.036945659667253494
38,CCc1nc2cnc3cc(O)ccc3c2n1CC(C)C,23,20,1,0.003923498094081879,0.040245410054922104
38,CCc1nc2cnc3cc(O)ccc3c2n1CC(C)C,24,16,C,0.00240901205688715,0.025555236265063286
38,CCc1nc2cnc3cc(O)ccc3c2n1CC(C)C,25,16,C,0.005652081221342087,0.052713051438331604
38,CCc1nc2cnc3cc(O)ccc3c2n1CC(C)C,26,17,(,0.0059132808819413185,0.052615150809288025
38,CCc1nc2cnc3cc(O)ccc3c2n1CC(C)C,27,16,C,0.0015799719840288162,0.01769631914794445
38,CCc1nc2cnc3cc(O)ccc3c2n1CC(C)C,28,18,),0.0008891737088561058,0.011106831021606922
38,CCc1nc2cnc3cc(O)ccc3c2n1CC(C)C,29,16,C,0.001311500440351665,0.015210787765681744
38,CCc1nc2cnc3cc(O)ccc3c2n1CC(C)C,30,13,[SEP],0.05870359390974045,0.23859943449497223
39,CCCCOc1nc(N)c2[nH]c(=O)n(CCCNS(=O)(=O)c3cccc(CC(=O)OC)c3)c2n1,0,16,C,0.0011343727819621563,0.013093140907585621
39,CCCCOc1nc(N)c2[nH]c(=O)n(CCCNS(=O)(=O)c3cccc(CC(=O)OC)c3)c2n1,1,16,C,0.0014865301782265306,0.016544269397854805
39,CCCCOc1nc(N)c2[nH]c(=O)n(CCCNS(=O)(=O)c3cccc(CC(=O)OC)c3)c2n1,2,16,C,0.0027132821269333363,0.026597101241350174
39,CCCCOc1nc(N)c2[nH]c(=O)n(CCCNS(=O)(=O)c3cccc(CC(=O)OC)c3)c2n1,3,16,C,0.004733732435852289,0.04104406386613846
39,CCCCOc1nc(N)c2[nH]c(=O)n(CCCNS(=O)(=O)c3cccc(CC(=O)OC)c3)c2n1,4,19,O,0.34324589371681213,1.1163700819015503
39,CCCCOc1nc(N)c2[nH]c(=O)n(CCCNS(=O)(=O)c3cccc(CC(=O)OC)c3)c2n1,5,15,c,0.7042744755744934,0.7684237360954285
39,CCCCOc1nc(N)c2[nH]c(=O)n(CCCNS(=O)(=O)c3cccc(CC(=O)OC)c3)c2n1,6,20,1,0.002372607123106718,0.021420473232865334
39,CCCCOc1nc(N)c2[nH]c(=O)n(CCCNS(=O)(=O)c3cccc(CC(=O)OC)c3)c2n1,7,25,n,0.08652684837579727,0.3277074098587036
39,CCCCOc1nc(N)c2[nH]c(=O)n(CCCNS(=O)(=O)c3cccc(CC(=O)OC)c3)c2n1,8,15,c,0.01965787261724472,0.1360328048467636
39,CCCCOc1nc(N)c2[nH]c(=O)n(CCCNS(=O)(=O)c3cccc(CC(=O)OC)c3)c2n1,9,17,(,0.06112591549754143,0.31803420186042786
39,CCCCOc1nc(N)c2[nH]c(=O)n(CCCNS(=O)(=O)c3cccc(CC(=O)OC)c3)c2n1,10,23,N,0.05895243212580681,0.3357771039009094
39,CCCCOc1nc(N)c2[nH]c(=O)n(CCCNS(=O)(=O)c3cccc(CC(=O)OC)c3)c2n1,11,18,),0.011691685765981674,0.08955922722816467
39,CCCCOc1nc(N)c2[nH]c(=O)n(CCCNS(=O)(=O)c3cccc(CC(=O)OC)c3)c2n1,12,15,c,0.6038399338722229,0.6259819865226746
39,CCCCOc1nc(N)c2[nH]c(=O)n(CCCNS(=O)(=O)c3cccc(CC(=O)OC)c3)c2n1,13,21,2,0.047120239585638046,0.2725246250629425
39,CCCCOc1nc(N)c2[nH]c(=O)n(CCCNS(=O)(=O)c3cccc(CC(=O)OC)c3)c2n1,14,40,[nH],0.4217178523540497,0.8958418965339661
39,CCCCOc1nc(N)c2[nH]c(=O)n(CCCNS(=O)(=O)c3cccc(CC(=O)OC)c3)c2n1,15,15,c,0.019169917330145836,0.1340082734823227
39,CCCCOc1nc(N)c2[nH]c(=O)n(CCCNS(=O)(=O)c3cccc(CC(=O)OC)c3)c2n1,16,17,(,0.00725232670083642,0.05935487151145935
39,CCCCOc1nc(N)c2[nH]c(=O)n(CCCNS(=O)(=O)c3cccc(CC(=O)OC)c3)c2n1,17,22,=,0.5722134709358215,1.2436108589172363
39,CCCCOc1nc(N)c2[nH]c(=O)n(CCCNS(=O)(=O)c3cccc(CC(=O)OC)c3)c2n1,18,19,O,0.011128182522952557,0.08162643015384674
39,CCCCOc1nc(N)c2[nH]c(=O)n(CCCNS(=O)(=O)c3cccc(CC(=O)OC)c3)c2n1,19,18,),0.000577469530981034,0.007544312626123428
39,CCCCOc1nc(N)c2[nH]c(=O)n(CCCNS(=O)(=O)c3cccc(CC(=O)OC)c3)c2n1,20,25,n,0.021327897906303406,0.12511585652828217
39,CCCCOc1nc(N)c2[nH]c(=O)n(CCCNS(=O)(=O)c3cccc(CC(=O)OC)c3)c2n1,21,17,(,0.42542004585266113,0.5468134880065918
39,CCCCOc1nc(N)c2[nH]c(=O)n(CCCNS(=O)(=O)c3cccc(CC(=O)OC)c3)c2n1,22,16,C,0.004235411528497934,0.0406646765768528
39,CCCCOc1nc(N)c2[nH]c(=O)n(CCCNS(=O)(=O)c3cccc(CC(=O)OC)c3)c2n1,23,16,C,0.1229575127363205,0.47462382912635803
39,CCCCOc1nc(N)c2[nH]c(=O)n(CCCNS(=O)(=O)c3cccc(CC(=O)OC)c3)c2n1,24,16,C,0.03657419979572296,0.226690411567688
39,CCCCOc1nc(N)c2[nH]c(=O)n(CCCNS(=O)(=O)c3cccc(CC(=O)OC)c3)c2n1,25,23,N,0.13995401561260223,0.6406208276748657
39,CCCCOc1nc(N)c2[nH]c(=O)n(CCCNS(=O)(=O)c3cccc(CC(=O)OC)c3)c2n1,26,34,S,0.02594177797436714,0.18353672325611115
39,CCCCOc1nc(N)c2[nH]c(=O)n(CCCNS(=O)(=O)c3cccc(CC(=O)OC)c3)c2n1,27,17,(,0.0013019347097724676,0.014260703697800636
39,CCCCOc1nc(N)c2[nH]c(=O)n(CCCNS(=O)(=O)c3cccc(CC(=O)OC)c3)c2n1,28,22,=,0.12163718044757843,0.4869927167892456
39,CCCCOc1nc(N)c2[nH]c(=O)n(CCCNS(=O)(=O)c3cccc(CC(=O)OC)c3)c2n1,29,19,O,0.0016227579908445477,0.016825193539261818
39,CCCCOc1nc(N)c2[nH]c(=O)n(CCCNS(=O)(=O)c3cccc(CC(=O)OC)c3)c2n1,30,18,),0.000514595361892134,0.006857113912701607
39,CCCCOc1nc(N)c2[nH]c(=O)n(CCCNS(=O)(=O)c3cccc(CC(=O)OC)c3)c2n1,31,17,(,0.00414689164608717,0.036654360592365265
39,CCCCOc1nc(N)c2[nH]c(=O)n(CCCNS(=O)(=O)c3cccc(CC(=O)OC)c3)c2n1,32,22,=,0.0006053694523870945,0.007730829529464245
39,CCCCOc1nc(N)c2[nH]c(=O)n(CCCNS(=O)(=O)c3cccc(CC(=O)OC)c3)c2n1,33,19,O,0.0013986211270093918,0.014695920050144196
39,CCCCOc1nc(N)c2[nH]c(=O)n(CCCNS(=O)(=O)c3cccc(CC(=O)OC)c3)c2n1,34,18,),0.0005296157323755324,0.007044852711260319
39,CCCCOc1nc(N)c2[nH]c(=O)n(CCCNS(=O)(=O)c3cccc(CC(=O)OC)c3)c2n1,35,16,C,0.6944406628608704,0.6785527467727661
39,CCCCOc1nc(N)c2[nH]c(=O)n(CCCNS(=O)(=O)c3cccc(CC(=O)OC)c3)c2n1,36,15,c,0.3190101683139801,0.5821024775505066
39,CCCCOc1nc(N)c2[nH]c(=O)n(CCCNS(=O)(=O)c3cccc(CC(=O)OC)c3)c2n1,37,26,3,0.0017011266900226474,0.019121872261166573
39,CCCCOc1nc(N)c2[nH]c(=O)n(CCCNS(=O)(=O)c3cccc(CC(=O)OC)c3)c2n1,38,15,c,0.0013747750781476498,0.014775505289435387
39,CCCCOc1nc(N)c2[nH]c(=O)n(CCCNS(=O)(=O)c3cccc(CC(=O)OC)c3)c2n1,39,15,c,0.0014078853419050574,0.014774607494473457
39,CCCCOc1nc(N)c2[nH]c(=O)n(CCCNS(=O)(=O)c3cccc(CC(=O)OC)c3)c2n1,40,15,c,0.0027530184015631676,0.028076237067580223
39,CCCCOc1nc(N)c2[nH]c(=O)n(CCCNS(=O)(=O)c3cccc(CC(=O)OC)c3)c2n1,41,15,c,0.07073968648910522,0.31947898864746094
39,CCCCOc1nc(N)c2[nH]c(=O)n(CCCNS(=O)(=O)c3cccc(CC(=O)OC)c3)c2n1,42,17,(,0.3143889009952545,0.5367529392242432
39,CCCCOc1nc(N)c2[nH]c(=O)n(CCCNS(=O)(=O)c3cccc(CC(=O)OC)c3)c2n1,43,16,C,0.3091685175895691,1.2919800281524658
39,CCCCOc1nc(N)c2[nH]c(=O)n(CCCNS(=O)(=O)c3cccc(CC(=O)OC)c3)c2n1,44,16,C,0.788918137550354,0.6474877595901489
39,CCCCOc1nc(N)c2[nH]c(=O)n(CCCNS(=O)(=O)c3cccc(CC(=O)OC)c3)c2n1,45,17,(,0.013096109963953495,0.1050264835357666
39,CCCCOc1nc(N)c2[nH]c(=O)n(CCCNS(=O)(=O)c3cccc(CC(=O)OC)c3)c2n1,46,23,N,0.5844210386276245,0.3220962584018707
39,CCCCOc1nc(N)c2[nH]c(=O)n(CCCNS(=O)(=O)c3cccc(CC(=O)OC)c3)c2n1,47,18,),0.0009971208637580276,0.012272055260837078
39,CCCCOc1nc(N)c2[nH]c(=O)n(CCCNS(=O)(=O)c3cccc(CC(=O)OC)c3)c2n1,48,22,=,0.0010830501560121775,0.013327879831194878
39,CCCCOc1nc(N)c2[nH]c(=O)n(CCCNS(=O)(=O)c3cccc(CC(=O)OC)c3)c2n1,49,19,O,0.005340195260941982,0.04262158274650574
39,CCCCOc1nc(N)c2[nH]c(=O)n(CCCNS(=O)(=O)c3cccc(CC(=O)OC)c3)c2n1,50,18,),0.0005038000526838005,0.006787508260458708
39,CCCCOc1nc(N)c2[nH]c(=O)n(CCCNS(=O)(=O)c3cccc(CC(=O)OC)c3)c2n1,51,15,c,0.0049872444942593575,0.03670153021812439
39,CCCCOc1nc(N)c2[nH]c(=O)n(CCCNS(=O)(=O)c3cccc(CC(=O)OC)c3)c2n1,52,26,3,0.0010624590795487165,0.013114098459482193
39,CCCCOc1nc(N)c2[nH]c(=O)n(CCCNS(=O)(=O)c3cccc(CC(=O)OC)c3)c2n1,53,18,),0.001544717582874,0.018070189282298088
39,CCCCOc1nc(N)c2[nH]c(=O)n(CCCNS(=O)(=O)c3cccc(CC(=O)OC)c3)c2n1,54,15,c,0.007301074452698231,0.057252515107393265
39,CCCCOc1nc(N)c2[nH]c(=O)n(CCCNS(=O)(=O)c3cccc(CC(=O)OC)c3)c2n1,55,21,2,0.18954358994960785,0.49458134174346924
39,CCCCOc1nc(N)c2[nH]c(=O)n(CCCNS(=O)(=O)c3cccc(CC(=O)OC)c3)c2n1,56,25,n,0.003104006638750434,0.029674896970391273
39,CCCCOc1nc(N)c2[nH]c(=O)n(CCCNS(=O)(=O)c3cccc(CC(=O)OC)c3)c2n1,57,20,1,0.02469800040125847,0.16956579685211182
39,CCCCOc1nc(N)c2[nH]c(=O)n(CCCNS(=O)(=O)c3cccc(CC(=O)OC)c3)c2n1,58,13,[SEP],0.04599450156092644,0.23653265833854675
40,C=CCOc1c(Cl)cccc1C(=O)NC1(C(=O)OCC)Cc2ccccc2C1,0,16,C,0.001229777466505766,0.014460165053606033
40,C=CCOc1c(Cl)cccc1C(=O)NC1(C(=O)OCC)Cc2ccccc2C1,1,22,=,0.03414655849337578,0.17395880818367004
40,C=CCOc1c(Cl)cccc1C(=O)NC1(C(=O)OCC)Cc2ccccc2C1,2,16,C,0.0013676786329597235,0.015669429674744606
40,C=CCOc1c(Cl)cccc1C(=O)NC1(C(=O)OCC)Cc2ccccc2C1,3,16,C,0.0031521418131887913,0.031682323664426804
40,C=CCOc1c(Cl)cccc1C(=O)NC1(C(=O)OCC)Cc2ccccc2C1,4,19,O,0.005948231555521488,0.052098482847213745
40,C=CCOc1c(Cl)cccc1C(=O)NC1(C(=O)OCC)Cc2ccccc2C1,5,16,C,0.11572012305259705,0.38228365778923035
40,C=CCOc1c(Cl)cccc1C(=O)NC1(C(=O)OCC)Cc2ccccc2C1,6,17,(,0.008533529937267303,0.06363330036401749
40,C=CCOc1c(Cl)cccc1C(=O)NC1(C(=O)OCC)Cc2ccccc2C1,7,22,=,0.0018483535386621952,0.01894366554915905
40,C=CCOc1c(Cl)cccc1C(=O)NC1(C(=O)OCC)Cc2ccccc2C1,8,19,O,0.005380984395742416,0.04513189569115639
40,C=CCOc1c(Cl)cccc1C(=O)NC1(C(=O)OCC)Cc2ccccc2C1,9,18,),0.000544481910765171,0.007219004910439253
40,C=CCOc1c(Cl)cccc1C(=O)NC1(C(=O)OCC)Cc2ccccc2C1,10,16,C,0.06002777814865112,0.30955564975738525
40,C=CCOc1c(Cl)cccc1C(=O)NC1(C(=O)OCC)Cc2ccccc2C1,11,20,1,0.010086278431117535,0.08303235471248627
40,C=CCOc1c(Cl)cccc1C(=O)NC1(C(=O)OCC)Cc2ccccc2C1,12,17,(,0.10501771420240402,0.4010651707649231
40,C=CCOc1c(Cl)cccc1C(=O)NC1(C(=O)OCC)Cc2ccccc2C1,13,23,N,0.37182000279426575,0.6870028972625732
40,C=CCOc1c(Cl)cccc1C(=O)NC1(C(=O)OCC)Cc2ccccc2C1,14,16,C,0.0045494805090129375,0.0439688041806221
40,C=CCOc1c(Cl)cccc1C(=O)NC1(C(=O)OCC)Cc2ccccc2C1,15,17,(,0.006543435622006655,0.05655606463551521
40,C=CCOc1c(Cl)cccc1C(=O)NC1(C(=O)OCC)Cc2ccccc2C1,16,22,=,0.0009935857960954309,0.01176285557448864
40,C=CCOc1c(Cl)cccc1C(=O)NC1(C(=O)OCC)Cc2ccccc2C1,17,19,O,0.002450549742206931,0.02334657497704029
40,C=CCOc1c(Cl)cccc1C(=O)NC1(C(=O)OCC)Cc2ccccc2C1,18,18,),0.0005073906504549086,0.006822211667895317
40,C=CCOc1c(Cl)cccc1C(=O)NC1(C(=O)OCC)Cc2ccccc2C1,19,15,c,0.03743710368871689,0.20588144659996033
40,C=CCOc1c(Cl)cccc1C(=O)NC1(C(=O)OCC)Cc2ccccc2C1,20,21,2,0.001037004985846579,0.012918333522975445
40,C=CCOc1c(Cl)cccc1C(=O)NC1(C(=O)OCC)Cc2ccccc2C1,21,15,c,0.0015639591729268432,0.01572350226342678
40,C=CCOc1c(Cl)cccc1C(=O)NC1(C(=O)OCC)Cc2ccccc2C1,22,15,c,0.015247638337314129,0.08998070657253265
40,C=CCOc1c(Cl)cccc1C(=O)NC1(C(=O)OCC)Cc2ccccc2C1,23,15,c,0.022842826321721077,0.12780772149562836
40,C=CCOc1c(Cl)cccc1C(=O)NC1(C(=O)OCC)Cc2ccccc2C1,24,15,c,0.015334230847656727,0.09507261216640472
40,C=CCOc1c(Cl)cccc1C(=O)NC1(C(=O)OCC)Cc2ccccc2C1,25,17,(,0.9839903116226196,0.458724707365036
40,C=CCOc1c(Cl)cccc1C(=O)NC1(C(=O)OCC)Cc2ccccc2C1,26,16,C,0.6553093194961548,1.105718731880188
40,C=CCOc1c(Cl)cccc1C(=O)NC1(C(=O)OCC)Cc2ccccc2C1,27,19,O,1.2348651885986328,1.381948471069336
40,C=CCOc1c(Cl)cccc1C(=O)NC1(C(=O)OCC)Cc2ccccc2C1,28,16,C,0.4628746509552002,1.2176339626312256
40,C=CCOc1c(Cl)cccc1C(=O)NC1(C(=O)OCC)Cc2ccccc2C1,29,16,C,0.15178006887435913,0.7855520248413086
40,C=CCOc1c(Cl)cccc1C(=O)NC1(C(=O)OCC)Cc2ccccc2C1,30,22,=,0.20414654910564423,0.6646555662155151
40,C=CCOc1c(Cl)cccc1C(=O)NC1(C(=O)OCC)Cc2ccccc2C1,31,16,C,0.003085732227191329,0.032154008746147156
40,C=CCOc1c(Cl)cccc1C(=O)NC1(C(=O)OCC)Cc2ccccc2C1,32,18,),0.032905545085668564,0.21900242567062378
40,C=CCOc1c(Cl)cccc1C(=O)NC1(C(=O)OCC)Cc2ccccc2C1,33,15,c,0.013235933147370815,0.08216414600610733
40,C=CCOc1c(Cl)cccc1C(=O)NC1(C(=O)OCC)Cc2ccccc2C1,34,21,2,0.0007954246830195189,0.010141924023628235
40,C=CCOc1c(Cl)cccc1C(=O)NC1(C(=O)OCC)Cc2ccccc2C1,35,18,),0.5133336782455444,0.7794117331504822
40,C=CCOc1c(Cl)cccc1C(=O)NC1(C(=O)OCC)Cc2ccccc2C1,36,16,C,0.006278194021433592,0.052395470440387726
40,C=CCOc1c(Cl)cccc1C(=O)NC1(C(=O)OCC)Cc2ccccc2C1,37,15,c,0.006488331127911806,0.06226131319999695
40,C=CCOc1c(Cl)cccc1C(=O)NC1(C(=O)OCC)Cc2ccccc2C1,38,21,2,0.0011676246067509055,0.014261800795793533
40,C=CCOc1c(Cl)cccc1C(=O)NC1(C(=O)OCC)Cc2ccccc2C1,39,15,c,0.0011679679155349731,0.012406505644321442
40,C=CCOc1c(Cl)cccc1C(=O)NC1(C(=O)OCC)Cc2ccccc2C1,40,15,c,0.03228912502527237,0.16877266764640808
40,C=CCOc1c(Cl)cccc1C(=O)NC1(C(=O)OCC)Cc2ccccc2C1,41,15,c,0.007259076926857233,0.05096900090575218
40,C=CCOc1c(Cl)cccc1C(=O)NC1(C(=O)OCC)Cc2ccccc2C1,42,15,c,0.006240365095436573,0.046613264828920364
40,C=CCOc1c(Cl)cccc1C(=O)NC1(C(=O)OCC)Cc2ccccc2C1,43,15,c,0.5691378116607666,0.27250057458877563
40,C=CCOc1c(Cl)cccc1C(=O)NC1(C(=O)OCC)Cc2ccccc2C1,44,21,2,0.0015127570368349552,0.01811075583100319
40,C=CCOc1c(Cl)cccc1C(=O)NC1(C(=O)OCC)Cc2ccccc2C1,45,16,C,1.1094601154327393,1.247509479522705
40,C=CCOc1c(Cl)cccc1C(=O)NC1(C(=O)OCC)Cc2ccccc2C1,46,20,1,0.0017007571877911687,0.020618487149477005
40,C=CCOc1c(Cl)cccc1C(=O)NC1(C(=O)OCC)Cc2ccccc2C1,47,13,[SEP],0.6605605483055115,1.212671160697937
41,CC(C)Oc1ccccc1C1=NC(c2ccc(Cl)cc2)C(c2ccc(Cl)cc2)N1C(=O)C(C)C,0,16,C,0.001469252398237586,0.017141442745923996
41,CC(C)Oc1ccccc1C1=NC(c2ccc(Cl)cc2)C(c2ccc(Cl)cc2)N1C(=O)C(C)C,1,16,C,0.02568824589252472,0.16789841651916504
41,CC(C)Oc1ccccc1C1=NC(c2ccc(Cl)cc2)C(c2ccc(Cl)cc2)N1C(=O)C(C)C,2,17,(,0.02984817884862423,0.15815584361553192
41,CC(C)Oc1ccccc1C1=NC(c2ccc(Cl)cc2)C(c2ccc(Cl)cc2)N1C(=O)C(C)C,3,16,C,0.0038064923137426376,0.03431255370378494
41,CC(C)Oc1ccccc1C1=NC(c2ccc(Cl)cc2)C(c2ccc(Cl)cc2)N1C(=O)C(C)C,4,18,),0.001829366898164153,0.020287252962589264
41,CC(C)Oc1ccccc1C1=NC(c2ccc(Cl)cc2)C(c2ccc(Cl)cc2)N1C(=O)C(C)C,5,19,O,1.0873324871063232,0.865576982498169
41,CC(C)Oc1ccccc1C1=NC(c2ccc(Cl)cc2)C(c2ccc(Cl)cc2)N1C(=O)C(C)C,6,15,c,0.2541487514972687,0.8338008522987366
41,CC(C)Oc1ccccc1C1=NC(c2ccc(Cl)cc2)C(c2ccc(Cl)cc2)N1C(=O)C(C)C,7,20,1,0.0008245757198892534,0.009846585802733898
41,CC(C)Oc1ccccc1C1=NC(c2ccc(Cl)cc2)C(c2ccc(Cl)cc2)N1C(=O)C(C)C,8,15,c,0.002765160519629717,0.024252237752079964
41,CC(C)Oc1ccccc1C1=NC(c2ccc(Cl)cc2)C(c2ccc(Cl)cc2)N1C(=O)C(C)C,9,15,c,0.0020613493397831917,0.0206416267901659
41,CC(C)Oc1ccccc1C1=NC(c2ccc(Cl)cc2)C(c2ccc(Cl)cc2)N1C(=O)C(C)C,10,15,c,0.00624499935656786,0.047475527971982956
41,CC(C)Oc1ccccc1C1=NC(c2ccc(Cl)cc2)C(c2ccc(Cl)cc2)N1C(=O)C(C)C,11,15,c,0.12489069253206253,0.4254075884819031
41,CC(C)Oc1ccccc1C1=NC(c2ccc(Cl)cc2)C(c2ccc(Cl)cc2)N1C(=O)C(C)C,12,15,c,0.00788858998566866,0.06273771822452545
41,CC(C)Oc1ccccc1C1=NC(c2ccc(Cl)cc2)C(c2ccc(Cl)cc2)N1C(=O)C(C)C,13,20,1,0.0010833566775545478,0.013102086260914803
41,CC(C)Oc1ccccc1C1=NC(c2ccc(Cl)cc2)C(c2ccc(Cl)cc2)N1C(=O)C(C)C,14,16,C,0.6971281170845032,1.1992764472961426
41,CC(C)Oc1ccccc1C1=NC(c2ccc(Cl)cc2)C(c2ccc(Cl)cc2)N1C(=O)C(C)C,15,20,1,0.16764801740646362,0.5516557097434998
41,CC(C)Oc1ccccc1C1=NC(c2ccc(Cl)cc2)C(c2ccc(Cl)cc2)N1C(=O)C(C)C,16,22,=,0.7883838415145874,0.8317346572875977
41,CC(C)Oc1ccccc1C1=NC(c2ccc(Cl)cc2)C(c2ccc(Cl)cc2)N1C(=O)C(C)C,17,23,N,0.10594101250171661,0.37666055560112
41,CC(C)Oc1ccccc1C1=NC(c2ccc(Cl)cc2)C(c2ccc(Cl)cc2)N1C(=O)C(C)C,18,16,C,0.7057467699050903,1.166530728340149
41,CC(C)Oc1ccccc1C1=NC(c2ccc(Cl)cc2)C(c2ccc(Cl)cc2)N1C(=O)C(C)C,19,17,(,0.11480753123760223,0.5571432113647461
41,CC(C)Oc1ccccc1C1=NC(c2ccc(Cl)cc2)C(c2ccc(Cl)cc2)N1C(=O)C(C)C,20,15,c,0.2853173315525055,1.0425320863723755
41,CC(C)Oc1ccccc1C1=NC(c2ccc(Cl)cc2)C(c2ccc(Cl)cc2)N1C(=O)C(C)C,21,21,2,0.0009137183660641313,0.011495780199766159
41,CC(C)Oc1ccccc1C1=NC(c2ccc(Cl)cc2)C(c2ccc(Cl)cc2)N1C(=O)C(C)C,22,15,c,0.03138255327939987,0.16798166930675507
41,CC(C)Oc1ccccc1C1=NC(c2ccc(Cl)cc2)C(c2ccc(Cl)cc2)N1C(=O)C(C)C,23,15,c,0.01996140368282795,0.11427909135818481
41,CC(C)Oc1ccccc1C1=NC(c2ccc(Cl)cc2)C(c2ccc(Cl)cc2)N1C(=O)C(C)C,24,15,c,0.02952738106250763,0.14768549799919128
41,CC(C)Oc1ccccc1C1=NC(c2ccc(Cl)cc2)C(c2ccc(Cl)cc2)N1C(=O)C(C)C,25,17,(,0.5369635820388794,0.32658228278160095
41,CC(C)Oc1ccccc1C1=NC(c2ccc(Cl)cc2)C(c2ccc(Cl)cc2)N1C(=O)C(C)C,26,28,Cl,0.027103722095489502,0.1996469348669052
41,CC(C)Oc1ccccc1C1=NC(c2ccc(Cl)cc2)C(c2ccc(Cl)cc2)N1C(=O)C(C)C,27,18,),0.0005902326083742082,0.007723578717559576
41,CC(C)Oc1ccccc1C1=NC(c2ccc(Cl)cc2)C(c2ccc(Cl)cc2)N1C(=O)C(C)C,28,15,c,0.0034004326444119215,0.02709253318607807
41,CC(C)Oc1ccccc1C1=NC(c2ccc(Cl)cc2)C(c2ccc(Cl)cc2)N1C(=O)C(C)C,29,15,c,0.002333972603082657,0.021702885627746582
41,CC(C)Oc1ccccc1C1=NC(c2ccc(Cl)cc2)C(c2ccc(Cl)cc2)N1C(=O)C(C)C,30,21,2,0.0010648879688233137,0.012779409997165203
41,CC(C)Oc1ccccc1C1=NC(c2ccc(Cl)cc2)C(c2ccc(Cl)cc2)N1C(=O)C(C)C,31,18,),0.009810805320739746,0.07727921009063721
41,CC(C)Oc1ccccc1C1=NC(c2ccc(Cl)cc2)C(c2ccc(Cl)cc2)N1C(=O)C(C)C,32,16,C,0.7079399228096008,0.551265299320221
41,CC(C)Oc1ccccc1C1=NC(c2ccc(Cl)cc2)C(c2ccc(Cl)cc2)N1C(=O)C(C)C,33,17,(,0.09411825239658356,0.4659680128097534
41,CC(C)Oc1ccccc1C1=NC(c2ccc(Cl)cc2)C(c2ccc(Cl)cc2)N1C(=O)C(C)C,34,15,c,0.30668264627456665,1.0880223512649536
41,CC(C)Oc1ccccc1C1=NC(c2ccc(Cl)cc2)C(c2ccc(Cl)cc2)N1C(=O)C(C)C,35,21,2,0.0012869277270510793,0.01573115959763527
41,CC(C)Oc1ccccc1C1=NC(c2ccc(Cl)cc2)C(c2ccc(Cl)cc2)N1C(=O)C(C)C,36,15,c,0.046707384288311005,0.2101195901632309
41,CC(C)Oc1ccccc1C1=NC(c2ccc(Cl)cc2)C(c2ccc(Cl)cc2)N1C(=O)C(C)C,37,15,c,0.015625204890966415,0.09431631863117218
41,CC(C)Oc1ccccc1C1=NC(c2ccc(Cl)cc2)C(c2ccc(Cl)cc2)N1C(=O)C(C)C,38,15,c,0.007034659385681152,0.05137908086180687
41,CC(C)Oc1ccccc1C1=NC(c2ccc(Cl)cc2)C(c2ccc(Cl)cc2)N1C(=O)C(C)C,39,17,(,0.5918609499931335,0.24777813255786896
41,CC(C)Oc1ccccc1C1=NC(c2ccc(Cl)cc2)C(c2ccc(Cl)cc2)N1C(=O)C(C)C,40,28,Cl,0.007958751171827316,0.07419624924659729
41,CC(C)Oc1ccccc1C1=NC(c2ccc(Cl)cc2)C(c2ccc(Cl)cc2)N1C(=O)C(C)C,41,18,),0.0006193669396452606,0.008092643693089485
41,CC(C)Oc1ccccc1C1=NC(c2ccc(Cl)cc2)C(c2ccc(Cl)cc2)N1C(=O)C(C)C,42,15,c,0.021132366731762886,0.11010584980249405
41,CC(C)Oc1ccccc1C1=NC(c2ccc(Cl)cc2)C(c2ccc(Cl)cc2)N1C(=O)C(C)C,43,15,c,0.0017590948846191168,0.017323866486549377
41,CC(C)Oc1ccccc1C1=NC(c2ccc(Cl)cc2)C(c2ccc(Cl)cc2)N1C(=O)C(C)C,44,21,2,0.0011284371139481664,0.013513531535863876
41,CC(C)Oc1ccccc1C1=NC(c2ccc(Cl)cc2)C(c2ccc(Cl)cc2)N1C(=O)C(C)C,45,18,),0.003320579882711172,0.034408457577228546
41,CC(C)Oc1ccccc1C1=NC(c2ccc(Cl)cc2)C(c2ccc(Cl)cc2)N1C(=O)C(C)C,46,23,N,0.009409978985786438,0.07624354958534241
41,CC(C)Oc1ccccc1C1=NC(c2ccc(Cl)cc2)C(c2ccc(Cl)cc2)N1C(=O)C(C)C,47,22,=,1.0796077251434326,0.8091702461242676
41,CC(C)Oc1ccccc1C1=NC(c2ccc(Cl)cc2)C(c2ccc(Cl)cc2)N1C(=O)C(C)C,48,16,C,0.16038182377815247,0.5886675119400024
41,CC(C)Oc1ccccc1C1=NC(c2ccc(Cl)cc2)C(c2ccc(Cl)cc2)N1C(=O)C(C)C,49,16,C,0.6692761182785034,1.3532490730285645
41,CC(C)Oc1ccccc1C1=NC(c2ccc(Cl)cc2)C(c2ccc(Cl)cc2)N1C(=O)C(C)C,50,17,(,0.6893967390060425,0.5161258578300476
41,CC(C)Oc1ccccc1C1=NC(c2ccc(Cl)cc2)C(c2ccc(Cl)cc2)N1C(=O)C(C)C,51,16,C,0.48071128129959106,0.6825165152549744
41,CC(C)Oc1ccccc1C1=NC(c2ccc(Cl)cc2)C(c2ccc(Cl)cc2)N1C(=O)C(C)C,52,18,),0.034712377935647964,0.1947506219148636
41,CC(C)Oc1ccccc1C1=NC(c2ccc(Cl)cc2)C(c2ccc(Cl)cc2)N1C(=O)C(C)C,53,16,C,0.9816432595252991,0.5243505239486694
41,CC(C)Oc1ccccc1C1=NC(c2ccc(Cl)cc2)C(c2ccc(Cl)cc2)N1C(=O)C(C)C,54,18,),0.2043912261724472,0.8897100687026978
41,CC(C)Oc1ccccc1C1=NC(c2ccc(Cl)cc2)C(c2ccc(Cl)cc2)N1C(=O)C(C)C,55,19,O,0.8545823097229004,0.49433472752571106
41,CC(C)Oc1ccccc1C1=NC(c2ccc(Cl)cc2)C(c2ccc(Cl)cc2)N1C(=O)C(C)C,56,23,N,0.777910053730011,0.73743736743927
41,CC(C)Oc1ccccc1C1=NC(c2ccc(Cl)cc2)C(c2ccc(Cl)cc2)N1C(=O)C(C)C,57,20,1,0.059122174978256226,0.33011719584465027
41,CC(C)Oc1ccccc1C1=NC(c2ccc(Cl)cc2)C(c2ccc(Cl)cc2)N1C(=O)C(C)C,58,13,[SEP],0.004685659892857075,0.04503188282251358
42,CC(C)(C)OC(=O)Nc1ccccc1NC(=O)c1ccc(-c2cccnc2)cc1,0,16,C,0.0012970456155017018,0.015101296827197075
42,CC(C)(C)OC(=O)Nc1ccccc1NC(=O)c1ccc(-c2cccnc2)cc1,1,16,C,0.0027399209793657064,0.02869873121380806
42,CC(C)(C)OC(=O)Nc1ccccc1NC(=O)c1ccc(-c2cccnc2)cc1,2,17,(,0.0015124139608815312,0.01748047024011612
42,CC(C)(C)OC(=O)Nc1ccccc1NC(=O)c1ccc(-c2cccnc2)cc1,3,16,C,0.003200400620698929,0.03066166304051876
42,CC(C)(C)OC(=O)Nc1ccccc1NC(=O)c1ccc(-c2cccnc2)cc1,4,18,),0.0007439909968525171,0.0095045305788517
42,CC(C)(C)OC(=O)Nc1ccccc1NC(=O)c1ccc(-c2cccnc2)cc1,5,17,(,0.0010554813779890537,0.013009784743189812
42,CC(C)(C)OC(=O)Nc1ccccc1NC(=O)c1ccc(-c2cccnc2)cc1,6,16,C,0.0009671825100667775,0.011644499376416206
42,CC(C)(C)OC(=O)Nc1ccccc1NC(=O)c1ccc(-c2cccnc2)cc1,7,18,),0.0007350083324126899,0.00941892247647047
42,CC(C)(C)OC(=O)Nc1ccccc1NC(=O)c1ccc(-c2cccnc2)cc1,8,19,O,0.0018635210581123829,0.020863596349954605
42,CC(C)(C)OC(=O)Nc1ccccc1NC(=O)c1ccc(-c2cccnc2)cc1,9,16,C,0.0032315512653440237,0.03308522701263428
42,CC(C)(C)OC(=O)Nc1ccccc1NC(=O)c1ccc(-c2cccnc2)cc1,10,17,(,0.0009193376172333956,0.010994692333042622
42,CC(C)(C)OC(=O)Nc1ccccc1NC(=O)c1ccc(-c2cccnc2)cc1,11,22,=,0.0005443046102300286,0.007064606994390488
42,CC(C)(C)OC(=O)Nc1ccccc1NC(=O)c1ccc(-c2cccnc2)cc1,12,19,O,0.0006512335385195911,0.008166586980223656
42,CC(C)(C)OC(=O)Nc1ccccc1NC(=O)c1ccc(-c2cccnc2)cc1,13,18,),0.0005293751019053161,0.0070904335007071495
42,CC(C)(C)OC(=O)Nc1ccccc1NC(=O)c1ccc(-c2cccnc2)cc1,14,23,N,0.0022516006138175726,0.024473799392580986
42,CC(C)(C)OC(=O)Nc1ccccc1NC(=O)c1ccc(-c2cccnc2)cc1,15,15,c,0.0659906193614006,0.36336442828178406
42,CC(C)(C)OC(=O)Nc1ccccc1NC(=O)c1ccc(-c2cccnc2)cc1,16,20,1,0.000637527322396636,0.00812015775591135
42,CC(C)(C)OC(=O)Nc1ccccc1NC(=O)c1ccc(-c2cccnc2)cc1,17,15,c,0.016373641788959503,0.09715484827756882
42,CC(C)(C)OC(=O)Nc1ccccc1NC(=O)c1ccc(-c2cccnc2)cc1,18,15,c,0.33243119716644287,0.6409140229225159
42,CC(C)(C)OC(=O)Nc1ccccc1NC(=O)c1ccc(-c2cccnc2)cc1,19,15,c,0.04767059162259102,0.21990765631198883
42,CC(C)(C)OC(=O)Nc1ccccc1NC(=O)c1ccc(-c2cccnc2)cc1,20,15,c,0.47304242849349976,0.5921833515167236
42,CC(C)(C)OC(=O)Nc1ccccc1NC(=O)c1ccc(-c2cccnc2)cc1,21,15,c,0.10169258713722229,0.3441733419895172
42,CC(C)(C)OC(=O)Nc1ccccc1NC(=O)c1ccc(-c2cccnc2)cc1,22,20,1,0.0011450409656390548,0.013811451382935047
42,CC(C)(C)OC(=O)Nc1ccccc1NC(=O)c1ccc(-c2cccnc2)cc1,23,31,-,1.2099647521972656,0.7116507291793823
42,CC(C)(C)OC(=O)Nc1ccccc1NC(=O)c1ccc(-c2cccnc2)cc1,24,15,c,0.0011162832379341125,0.012356746941804886
42,CC(C)(C)OC(=O)Nc1ccccc1NC(=O)c1ccc(-c2cccnc2)cc1,25,20,1,0.0007704144809395075,0.009995628148317337
42,CC(C)(C)OC(=O)Nc1ccccc1NC(=O)c1ccc(-c2cccnc2)cc1,26,15,c,0.044843241572380066,0.19821524620056152
42,CC(C)(C)OC(=O)Nc1ccccc1NC(=O)c1ccc(-c2cccnc2)cc1,27,15,c,0.02974136732518673,0.15065190196037292
42,CC(C)(C)OC(=O)Nc1ccccc1NC(=O)c1ccc(-c2cccnc2)cc1,28,15,c,0.07626281678676605,0.320062518119812
42,CC(C)(C)OC(=O)Nc1ccccc1NC(=O)c1ccc(-c2cccnc2)cc1,29,25,n,0.5367752313613892,0.6686261892318726
42,CC(C)(C)OC(=O)Nc1ccccc1NC(=O)c1ccc(-c2cccnc2)cc1,30,15,c,0.0018962471513077617,0.020366178825497627
42,CC(C)(C)OC(=O)Nc1ccccc1NC(=O)c1ccc(-c2cccnc2)cc1,31,20,1,0.001121225650422275,0.01397140696644783
42,CC(C)(C)OC(=O)Nc1ccccc1NC(=O)c1ccc(-c2cccnc2)cc1,32,16,C,1.4915189743041992,0.8474178910255432
42,CC(C)(C)OC(=O)Nc1ccccc1NC(=O)c1ccc(-c2cccnc2)cc1,33,17,(,0.18955089151859283,0.49203038215637207
42,CC(C)(C)OC(=O)Nc1ccccc1NC(=O)c1ccc(-c2cccnc2)cc1,34,22,=,0.0009504101471975446,0.011534632183611393
42,CC(C)(C)OC(=O)Nc1ccccc1NC(=O)c1ccc(-c2cccnc2)cc1,35,19,O,0.0062981173396110535,0.05648178234696388
42,CC(C)(C)OC(=O)Nc1ccccc1NC(=O)c1ccc(-c2cccnc2)cc1,36,18,),0.0006233765743672848,0.008199037984013557
42,CC(C)(C)OC(=O)Nc1ccccc1NC(=O)c1ccc(-c2cccnc2)cc1,37,23,N,0.02505115419626236,0.16571292281150818
42,CC(C)(C)OC(=O)Nc1ccccc1NC(=O)c1ccc(-c2cccnc2)cc1,38,15,c,0.019554995000362396,0.1661739945411682
42,CC(C)(C)OC(=O)Nc1ccccc1NC(=O)c1ccc(-c2cccnc2)cc1,39,20,1,0.00111391709651798,0.014048811048269272
42,CC(C)(C)OC(=O)Nc1ccccc1NC(=O)c1ccc(-c2cccnc2)cc1,40,15,c,0.0010713029187172651,0.012354479171335697
42,CC(C)(C)OC(=O)Nc1ccccc1NC(=O)c1ccc(-c2cccnc2)cc1,41,15,c,0.006197690963745117,0.04643711820244789
42,CC(C)(C)OC(=O)Nc1ccccc1NC(=O)c1ccc(-c2cccnc2)cc1,42,15,c,0.3505224585533142,0.5787222385406494
42,CC(C)(C)OC(=O)Nc1ccccc1NC(=O)c1ccc(-c2cccnc2)cc1,43,25,n,0.11747697740793228,0.36193352937698364
42,CC(C)(C)OC(=O)Nc1ccccc1NC(=O)c1ccc(-c2cccnc2)cc1,44,15,c,0.0019783740863204002,0.020569056272506714
42,CC(C)(C)OC(=O)Nc1ccccc1NC(=O)c1ccc(-c2cccnc2)cc1,45,20,1,0.0009502505999989808,0.012078634463250637
42,CC(C)(C)OC(=O)Nc1ccccc1NC(=O)c1ccc(-c2cccnc2)cc1,46,13,[SEP],0.0007303902530111372,0.009262333624064922
43,CC[C@@]12C[C@H](O)[C@](O)(c3ccc(F)cc3)C[C@H]1CCc1cc(OCc3cccnc3C)ccc12,0,16,C,0.010508693754673004,0.08523456752300262
43,CC[C@@]12C[C@H](O)[C@](O)(c3ccc(F)cc3)C[C@H]1CCc1cc(OCc3cccnc3C)ccc12,1,16,C,0.9215443730354309,1.1905102729797363
43,CC[C@@]12C[C@H](O)[C@](O)(c3ccc(F)cc3)C[C@H]1CCc1cc(OCc3cccnc3C)ccc12,2,55,[C@],0.9360821843147278,1.0053929090499878
43,CC[C@@]12C[C@H](O)[C@](O)(c3ccc(F)cc3)C[C@H]1CCc1cc(OCc3cccnc3C)ccc12,3,20,1,0.7301315665245056,0.5984677076339722
43,CC[C@@]12C[C@H](O)[C@](O)(c3ccc(F)cc3)C[C@H]1CCc1cc(OCc3cccnc3C)ccc12,4,17,(,0.19271047413349152,0.4772850275039673
43,CC[C@@]12C[C@H](O)[C@](O)(c3ccc(F)cc3)C[C@H]1CCc1cc(OCc3cccnc3C)ccc12,5,19,O,1.123185157775879,0.9953503608703613
43,CC[C@@]12C[C@H](O)[C@](O)(c3ccc(F)cc3)C[C@H]1CCc1cc(OCc3cccnc3C)ccc12,6,18,),0.0507148876786232,0.30973121523857117
43,CC[C@@]12C[C@H](O)[C@](O)(c3ccc(F)cc3)C[C@H]1CCc1cc(OCc3cccnc3C)ccc12,7,16,C,0.19944806396961212,0.757825493812561
43,CC[C@@]12C[C@H](O)[C@](O)(c3ccc(F)cc3)C[C@H]1CCc1cc(OCc3cccnc3C)ccc12,8,33,[C@H],0.7799253463745117,0.37007978558540344
43,CC[C@@]12C[C@H](O)[C@](O)(c3ccc(F)cc3)C[C@H]1CCc1cc(OCc3cccnc3C)ccc12,9,17,(,0.028324095532298088,0.16594798862934113
43,CC[C@@]12C[C@H](O)[C@](O)(c3ccc(F)cc3)C[C@H]1CCc1cc(OCc3cccnc3C)ccc12,10,19,O,0.3144536316394806,1.2715387344360352
43,CC[C@@]12C[C@H](O)[C@](O)(c3ccc(F)cc3)C[C@H]1CCc1cc(OCc3cccnc3C)ccc12,11,18,),0.07115524262189865,0.3880003094673157
43,CC[C@@]12C[C@H](O)[C@](O)(c3ccc(F)cc3)C[C@H]1CCc1cc(OCc3cccnc3C)ccc12,12,16,C,0.9208950400352478,1.429619312286377
43,CC[C@@]12C[C@H](O)[C@](O)(c3ccc(F)cc3)C[C@H]1CCc1cc(OCc3cccnc3C)ccc12,13,35,[C@@H],1.118128776550293,2.030035972595215
43,CC[C@@]12C[C@H](O)[C@](O)(c3ccc(F)cc3)C[C@H]1CCc1cc(OCc3cccnc3C)ccc12,14,21,2,0.6894494891166687,0.7376182675361633
43,CC[C@@]12C[C@H](O)[C@](O)(c3ccc(F)cc3)C[C@H]1CCc1cc(OCc3cccnc3C)ccc12,15,16,C,0.2136598378419876,0.876481294631958
43,CC[C@@]12C[C@H](O)[C@](O)(c3ccc(F)cc3)C[C@H]1CCc1cc(OCc3cccnc3C)ccc12,16,16,C,1.494654893875122,1.6534979343414307
43,CC[C@@]12C[C@H](O)[C@](O)(c3ccc(F)cc3)C[C@H]1CCc1cc(OCc3cccnc3C)ccc12,17,15,c,0.012465950101613998,0.09905993938446045
43,CC[C@@]12C[C@H](O)[C@](O)(c3ccc(F)cc3)C[C@H]1CCc1cc(OCc3cccnc3C)ccc12,18,26,3,0.0024402623530477285,0.025326792150735855
43,CC[C@@]12C[C@H](O)[C@](O)(c3ccc(F)cc3)C[C@H]1CCc1cc(OCc3cccnc3C)ccc12,19,15,c,0.002379472367465496,0.022940348833799362
43,CC[C@@]12C[C@H](O)[C@](O)(c3ccc(F)cc3)C[C@H]1CCc1cc(OCc3cccnc3C)ccc12,20,15,c,0.0012764011044055223,0.014057517983019352
43,CC[C@@]12C[C@H](O)[C@](O)(c3ccc(F)cc3)C[C@H]1CCc1cc(OCc3cccnc3C)ccc12,21,17,(,0.6666198968887329,0.15842004120349884
43,CC[C@@]12C[C@H](O)[C@](O)(c3ccc(F)cc3)C[C@H]1CCc1cc(OCc3cccnc3C)ccc12,22,19,O,0.09560871869325638,0.4951171278953552
43,CC[C@@]12C[C@H](O)[C@](O)(c3ccc(F)cc3)C[C@H]1CCc1cc(OCc3cccnc3C)ccc12,23,16,C,0.1416178047657013,0.6519104242324829
43,CC[C@@]12C[C@H](O)[C@](O)(c3ccc(F)cc3)C[C@H]1CCc1cc(OCc3cccnc3C)ccc12,24,15,c,0.006224752403795719,0.06292872130870819
43,CC[C@@]12C[C@H](O)[C@](O)(c3ccc(F)cc3)C[C@H]1CCc1cc(OCc3cccnc3C)ccc12,25,32,4,0.004141770303249359,0.0462825633585453
43,CC[C@@]12C[C@H](O)[C@](O)(c3ccc(F)cc3)C[C@H]1CCc1cc(OCc3cccnc3C)ccc12,26,15,c,0.0049604251980781555,0.041811782866716385
43,CC[C@@]12C[C@H](O)[C@](O)(c3ccc(F)cc3)C[C@H]1CCc1cc(OCc3cccnc3C)ccc12,27,15,c,0.013669204898178577,0.09153960645198822
43,CC[C@@]12C[C@H](O)[C@](O)(c3ccc(F)cc3)C[C@H]1CCc1cc(OCc3cccnc3C)ccc12,28,15,c,0.27208974957466125,0.7467970848083496
43,CC[C@@]12C[C@H](O)[C@](O)(c3ccc(F)cc3)C[C@H]1CCc1cc(OCc3cccnc3C)ccc12,29,25,n,0.5912277698516846,0.3622424006462097
43,CC[C@@]12C[C@H](O)[C@](O)(c3ccc(F)cc3)C[C@H]1CCc1cc(OCc3cccnc3C)ccc12,30,15,c,0.0011244266061112285,0.012601099908351898
43,CC[C@@]12C[C@H](O)[C@](O)(c3ccc(F)cc3)C[C@H]1CCc1cc(OCc3cccnc3C)ccc12,31,32,4,0.0015010186471045017,0.01720575802028179
43,CC[C@@]12C[C@H](O)[C@](O)(c3ccc(F)cc3)C[C@H]1CCc1cc(OCc3cccnc3C)ccc12,32,16,C,0.9081637263298035,2.2954823970794678
43,CC[C@@]12C[C@H](O)[C@](O)(c3ccc(F)cc3)C[C@H]1CCc1cc(OCc3cccnc3C)ccc12,33,18,),0.1391230672597885,0.6877838373184204
43,CC[C@@]12C[C@H](O)[C@](O)(c3ccc(F)cc3)C[C@H]1CCc1cc(OCc3cccnc3C)ccc12,34,15,c,0.0013026043307036161,0.01430913619697094
43,CC[C@@]12C[C@H](O)[C@](O)(c3ccc(F)cc3)C[C@H]1CCc1cc(OCc3cccnc3C)ccc12,35,15,c,0.001408039010129869,0.014290103688836098
43,CC[C@@]12C[C@H](O)[C@](O)(c3ccc(F)cc3)C[C@H]1CCc1cc(OCc3cccnc3C)ccc12,36,15,c,0.08314219117164612,0.34254857897758484
43,CC[C@@]12C[C@H](O)[C@](O)(c3ccc(F)cc3)C[C@H]1CCc1cc(OCc3cccnc3C)ccc12,37,26,3,0.0014787050895392895,0.01792638562619686
43,CC[C@@]12C[C@H](O)[C@](O)(c3ccc(F)cc3)C[C@H]1CCc1cc(OCc3cccnc3C)ccc12,38,35,[C@@H],1.2717093229293823,2.7221250534057617
43,CC[C@@]12C[C@H](O)[C@](O)(c3ccc(F)cc3)C[C@H]1CCc1cc(OCc3cccnc3C)ccc12,39,21,2,0.0167968962341547,0.1385633796453476
43,CC[C@@]12C[C@H](O)[C@](O)(c3ccc(F)cc3)C[C@H]1CCc1cc(OCc3cccnc3C)ccc12,40,20,1,0.9274624586105347,1.0310859680175781
43,CC[C@@]12C[C@H](O)[C@](O)(c3ccc(F)cc3)C[C@H]1CCc1cc(OCc3cccnc3C)ccc12,41,15,c,1.2430657148361206,1.3473948240280151
43,CC[C@@]12C[C@H](O)[C@](O)(c3ccc(F)cc3)C[C@H]1CCc1cc(OCc3cccnc3C)ccc12,42,20,1,0.026018541306257248,0.17832835018634796
43,CC[C@@]12C[C@H](O)[C@](O)(c3ccc(F)cc3)C[C@H]1CCc1cc(OCc3cccnc3C)ccc12,43,15,c,0.0066486201249063015,0.048572082072496414
43,CC[C@@]12C[C@H](O)[C@](O)(c3ccc(F)cc3)C[C@H]1CCc1cc(OCc3cccnc3C)ccc12,44,15,c,0.001681881956756115,0.018582217395305634
43,CC[C@@]12C[C@H](O)[C@](O)(c3ccc(F)cc3)C[C@H]1CCc1cc(OCc3cccnc3C)ccc12,45,15,c,0.007135392166674137,0.055147022008895874
43,CC[C@@]12C[C@H](O)[C@](O)(c3ccc(F)cc3)C[C@H]1CCc1cc(OCc3cccnc3C)ccc12,46,17,(,0.0028946103993803263,0.02888801321387291
43,CC[C@@]12C[C@H](O)[C@](O)(c3ccc(F)cc3)C[C@H]1CCc1cc(OCc3cccnc3C)ccc12,47,27,F,0.00449982238933444,0.04571687430143356
43,CC[C@@]12C[C@H](O)[C@](O)(c3ccc(F)cc3)C[C@H]1CCc1cc(OCc3cccnc3C)ccc12,48,18,),0.0006796254892833531,0.008832579478621483
43,CC[C@@]12C[C@H](O)[C@](O)(c3ccc(F)cc3)C[C@H]1CCc1cc(OCc3cccnc3C)ccc12,49,15,c,0.01185211818665266,0.07339092344045639
43,CC[C@@]12C[C@H](O)[C@](O)(c3ccc(F)cc3)C[C@H]1CCc1cc(OCc3cccnc3C)ccc12,50,15,c,0.0019007837399840355,0.017902357503771782
43,CC[C@@]12C[C@H](O)[C@](O)(c3ccc(F)cc3)C[C@H]1CCc1cc(OCc3cccnc3C)ccc12,51,20,1,0.0025822222232818604,0.02318982034921646
43,CC[C@@]12C[C@H](O)[C@](O)(c3ccc(F)cc3)C[C@H]1CCc1cc(OCc3cccnc3C)ccc12,52,13,[SEP],0.009027420543134212,0.06313870847225189
44,Cc1cc2c(cc1C(=O)O)OCCO2,0,16,C,0.00330525916069746,0.0331350602209568
44,Cc1cc2c(cc1C(=O)O)OCCO2,1,15,c,0.02276506833732128,0.136906698346138
44,Cc1cc2c(cc1C(=O)O)OCCO2,2,20,1,0.0019325156463310122,0.02163700945675373
44,Cc1cc2c(cc1C(=O)O)OCCO2,3,15,c,0.005240267142653465,0.044225532561540604
44,Cc1cc2c(cc1C(=O)O)OCCO2,4,15,c,0.04415063187479973,0.2218153029680252
44,Cc1cc2c(cc1C(=O)O)OCCO2,5,21,2,0.16817590594291687,0.4843463599681854
44,Cc1cc2c(cc1C(=O)O)OCCO2,6,15,c,0.0027412185445427895,0.027445832267403603
44,Cc1cc2c(cc1C(=O)O)OCCO2,7,17,(,0.0024060942232608795,0.022897766903042793
44,Cc1cc2c(cc1C(=O)O)OCCO2,8,15,c,0.0033529193606227636,0.03074357472360134
44,Cc1cc2c(cc1C(=O)O)OCCO2,9,15,c,0.006995255593210459,0.05435268208384514
44,Cc1cc2c(cc1C(=O)O)OCCO2,10,20,1,0.001662363181822002,0.019323695451021194
44,Cc1cc2c(cc1C(=O)O)OCCO2,11,16,C,0.01958656497299671,0.1642131507396698
44,Cc1cc2c(cc1C(=O)O)OCCO2,12,17,(,0.013583006337285042,0.1076609343290329
44,Cc1cc2c(cc1C(=O)O)OCCO2,13,22,=,0.002120536519214511,0.023470643907785416
44,Cc1cc2c(cc1C(=O)O)OCCO2,14,19,O,0.0030268579721450806,0.030414437875151634
44,Cc1cc2c(cc1C(=O)O)OCCO2,15,18,),0.0005045628640800714,0.006744585931301117
44,Cc1cc2c(cc1C(=O)O)OCCO2,16,19,O,0.0014590657083317637,0.016652090474963188
44,Cc1cc2c(cc1C(=O)O)OCCO2,17,18,),0.002400499302893877,0.025782166048884392
44,Cc1cc2c(cc1C(=O)O)OCCO2,18,19,O,0.22505687177181244,0.5857334136962891
44,Cc1cc2c(cc1C(=O)O)OCCO2,19,16,C,0.0030299117788672447,0.03199451416730881
44,Cc1cc2c(cc1C(=O)O)OCCO2,20,16,C,0.002018893836066127,0.022037310525774956
44,Cc1cc2c(cc1C(=O)O)OCCO2,21,19,O,0.36015501618385315,1.3420710563659668
44,Cc1cc2c(cc1C(=O)O)OCCO2,22,21,2,0.009095135144889355,0.08755412697792053
44,Cc1cc2c(cc1C(=O)O)OCCO2,23,13,[SEP],0.0010807793587446213,0.013521482236683369
45,COC(=O)C(C)(C)Oc1ccc(C2CC2(Cl)Cl)cc1,0,16,C,0.0014336296590045094,0.015996774658560753
45,COC(=O)C(C)(C)Oc1ccc(C2CC2(Cl)Cl)cc1,1,19,O,0.012679996900260448,0.08358672261238098
45,COC(=O)C(C)(C)Oc1ccc(C2CC2(Cl)Cl)cc1,2,16,C,0.0053123109973967075,0.048151448369026184
45,COC(=O)C(C)(C)Oc1ccc(C2CC2(Cl)Cl)cc1,3,17,(,0.0035790803376585245,0.03147916495800018
45,COC(=O)C(C)(C)Oc1ccc(C2CC2(Cl)Cl)cc1,4,22,=,0.012460109777748585,0.08161357790231705
45,COC(=O)C(C)(C)Oc1ccc(C2CC2(Cl)Cl)cc1,5,19,O,0.0010598627850413322,0.011767547577619553
45,COC(=O)C(C)(C)Oc1ccc(C2CC2(Cl)Cl)cc1,6,18,),0.0005279948236420751,0.0070528131909668446
45,COC(=O)C(C)(C)Oc1ccc(C2CC2(Cl)Cl)cc1,7,16,C,0.6003283262252808,1.3994499444961548
45,COC(=O)C(C)(C)Oc1ccc(C2CC2(Cl)Cl)cc1,8,20,1,0.40328437089920044,0.5696122646331787
45,COC(=O)C(C)(C)Oc1ccc(C2CC2(Cl)Cl)cc1,9,17,(,0.8038619160652161,0.48111337423324585
45,COC(=O)C(C)(C)Oc1ccc(C2CC2(Cl)Cl)cc1,10,16,C,0.190369114279747,0.6407757997512817
45,COC(=O)C(C)(C)Oc1ccc(C2CC2(Cl)Cl)cc1,11,18,),0.25616130232810974,0.8944368958473206
45,COC(=O)C(C)(C)Oc1ccc(C2CC2(Cl)Cl)cc1,12,16,C,0.46840745210647583,0.8390596508979797
45,COC(=O)C(C)(C)Oc1ccc(C2CC2(Cl)Cl)cc1,13,16,C,0.04394913092255592,0.2561105489730835
45,COC(=O)C(C)(C)Oc1ccc(C2CC2(Cl)Cl)cc1,14,20,1,0.04513544961810112,0.26693302392959595
45,COC(=O)C(C)(C)Oc1ccc(C2CC2(Cl)Cl)cc1,15,15,c,0.17445120215415955,0.5932440161705017
45,COC(=O)C(C)(C)Oc1ccc(C2CC2(Cl)Cl)cc1,16,20,1,0.000825485389214009,0.010329796932637691
45,COC(=O)C(C)(C)Oc1ccc(C2CC2(Cl)Cl)cc1,17,15,c,0.00095921172760427,0.01107779424637556
45,COC(=O)C(C)(C)Oc1ccc(C2CC2(Cl)Cl)cc1,18,15,c,0.015156512148678303,0.09079211950302124
45,COC(=O)C(C)(C)Oc1ccc(C2CC2(Cl)Cl)cc1,19,15,c,0.006822355557233095,0.04966419190168381
45,COC(=O)C(C)(C)Oc1ccc(C2CC2(Cl)Cl)cc1,20,17,(,0.004842047113925219,0.03911902382969856
45,COC(=O)C(C)(C)Oc1ccc(C2CC2(Cl)Cl)cc1,21,19,O,0.040248844772577286,0.21449416875839233
45,COC(=O)C(C)(C)Oc1ccc(C2CC2(Cl)Cl)cc1,22,16,C,0.03150072693824768,0.23603181540966034
45,COC(=O)C(C)(C)Oc1ccc(C2CC2(Cl)Cl)cc1,23,17,(,0.7942349910736084,0.685236930847168
45,COC(=O)C(C)(C)Oc1ccc(C2CC2(Cl)Cl)cc1,24,16,C,0.2805476784706116,0.8044120073318481
45,COC(=O)C(C)(C)Oc1ccc(C2CC2(Cl)Cl)cc1,25,18,),0.0009115292923524976,0.011559593491256237
45,COC(=O)C(C)(C)Oc1ccc(C2CC2(Cl)Cl)cc1,26,17,(,0.01960090734064579,0.1502930223941803
45,COC(=O)C(C)(C)Oc1ccc(C2CC2(Cl)Cl)cc1,27,16,C,0.01059170812368393,0.08690158277750015
45,COC(=O)C(C)(C)Oc1ccc(C2CC2(Cl)Cl)cc1,28,18,),0.0006760427495464683,0.008864093571901321
45,COC(=O)C(C)(C)Oc1ccc(C2CC2(Cl)Cl)cc1,29,28,Cl,0.040797993540763855,0.22329634428024292
45,COC(=O)C(C)(C)Oc1ccc(C2CC2(Cl)Cl)cc1,30,18,),0.0005059806280769408,0.006823037751019001
45,COC(=O)C(C)(C)Oc1ccc(C2CC2(Cl)Cl)cc1,31,15,c,0.001437123748473823,0.014793636277318
45,COC(=O)C(C)(C)Oc1ccc(C2CC2(Cl)Cl)cc1,32,15,c,0.0014331551501527429,0.014603878371417522
45,COC(=O)C(C)(C)Oc1ccc(C2CC2(Cl)Cl)cc1,33,20,1,0.0018271836452186108,0.018306555226445198
45,COC(=O)C(C)(C)Oc1ccc(C2CC2(Cl)Cl)cc1,34,13,[SEP],0.1895771473646164,0.46648550033569336
46,CN(C(=O)N1CCOCC1)c1cccc(Br)c1,0,16,C,0.01062207855284214,0.08287716656923294
46,CN(C(=O)N1CCOCC1)c1cccc(Br)c1,1,23,N,0.034288980066776276,0.2604690194129944
46,CN(C(=O)N1CCOCC1)c1cccc(Br)c1,2,17,(,0.03750531002879143,0.21143238246440887
46,CN(C(=O)N1CCOCC1)c1cccc(Br)c1,3,16,C,1.0344246625900269,1.238633155822754
46,CN(C(=O)N1CCOCC1)c1cccc(Br)c1,4,17,(,0.044249821454286575,0.28916463255882263
46,CN(C(=O)N1CCOCC1)c1cccc(Br)c1,5,22,=,0.0020588827319443226,0.022575700655579567
46,CN(C(=O)N1CCOCC1)c1cccc(Br)c1,6,19,O,0.0033673946745693684,0.033068541437387466
46,CN(C(=O)N1CCOCC1)c1cccc(Br)c1,7,18,),0.0005400989321060479,0.007269661873579025
46,CN(C(=O)N1CCOCC1)c1cccc(Br)c1,8,23,N,0.017084961757063866,0.13643084466457367
46,CN(C(=O)N1CCOCC1)c1cccc(Br)c1,9,20,1,0.024599123746156693,0.17226773500442505
46,CN(C(=O)N1CCOCC1)c1cccc(Br)c1,10,16,C,0.0021143483463674784,0.022338639944791794
46,CN(C(=O)N1CCOCC1)c1cccc(Br)c1,11,16,C,0.0022514397278428078,0.02476629614830017
46,CN(C(=O)N1CCOCC1)c1cccc(Br)c1,12,19,O,0.005110541358590126,0.05136370286345482
46,CN(C(=O)N1CCOCC1)c1cccc(Br)c1,13,16,C,0.0020424374379217625,0.02317732200026512
46,CN(C(=O)N1CCOCC1)c1cccc(Br)c1,14,16,C,0.0013096823822706938,0.01524935383349657
46,CN(C(=O)N1CCOCC1)c1cccc(Br)c1,15,20,1,0.0016346581978723407,0.019945455715060234
46,CN(C(=O)N1CCOCC1)c1cccc(Br)c1,16,18,),0.0006717020878568292,0.008846535347402096
46,CN(C(=O)N1CCOCC1)c1cccc(Br)c1,17,15,c,0.0036538648419082165,0.03740469738841057
46,CN(C(=O)N1CCOCC1)c1cccc(Br)c1,18,20,1,0.0011269350070506334,0.014143523760139942
46,CN(C(=O)N1CCOCC1)c1cccc(Br)c1,19,15,c,0.0008557934779673815,0.010457981377840042
46,CN(C(=O)N1CCOCC1)c1cccc(Br)c1,20,15,c,0.0018527345964685082,0.020087283104658127
46,CN(C(=O)N1CCOCC1)c1cccc(Br)c1,21,15,c,0.0010682513238862157,0.012595881707966328
46,CN(C(=O)N1CCOCC1)c1cccc(Br)c1,22,15,c,0.0012053452664986253,0.013209972530603409
46,CN(C(=O)N1CCOCC1)c1cccc(Br)c1,23,17,(,0.007022595964372158,0.05442148074507713
46,CN(C(=O)N1CCOCC1)c1cccc(Br)c1,24,37,Br,0.003449368290603161,0.038990214467048645
46,CN(C(=O)N1CCOCC1)c1cccc(Br)c1,25,18,),0.0006396927055902779,0.008430516347289085
46,CN(C(=O)N1CCOCC1)c1cccc(Br)c1,26,15,c,0.0006092970143072307,0.007515242788940668
46,CN(C(=O)N1CCOCC1)c1cccc(Br)c1,27,20,1,0.0010871321428567171,0.01353116612881422
46,CN(C(=O)N1CCOCC1)c1cccc(Br)c1,28,13,[SEP],0.002268898766487837,0.021278435364365578
47,CC(C)(C)c1ccc(C(=O)Nc2ccccc2C(=O)Nc2ccc3cn[nH]c3c2)cc1,0,16,C,0.001585117308422923,0.017585407942533493
47,CC(C)(C)c1ccc(C(=O)Nc2ccccc2C(=O)Nc2ccc3cn[nH]c3c2)cc1,1,16,C,0.0026435505133122206,0.02812000922858715
47,CC(C)(C)c1ccc(C(=O)Nc2ccccc2C(=O)Nc2ccc3cn[nH]c3c2)cc1,2,17,(,0.0033561130985617638,0.03148683160543442
47,CC(C)(C)c1ccc(C(=O)Nc2ccccc2C(=O)Nc2ccc3cn[nH]c3c2)cc1,3,16,C,0.003923658747226,0.03496953845024109
47,CC(C)(C)c1ccc(C(=O)Nc2ccccc2C(=O)Nc2ccc3cn[nH]c3c2)cc1,4,18,),0.0006743738194927573,0.0086259376257658
47,CC(C)(C)c1ccc(C(=O)Nc2ccccc2C(=O)Nc2ccc3cn[nH]c3c2)cc1,5,17,(,0.0011465225834399462,0.012779589742422104
47,CC(C)(C)c1ccc(C(=O)Nc2ccccc2C(=O)Nc2ccc3cn[nH]c3c2)cc1,6,16,C,0.0010488557163625956,0.012166597880423069
47,CC(C)(C)c1ccc(C(=O)Nc2ccccc2C(=O)Nc2ccc3cn[nH]c3c2)cc1,7,18,),0.0007668141624890268,0.009657001122832298
47,CC(C)(C)c1ccc(C(=O)Nc2ccccc2C(=O)Nc2ccc3cn[nH]c3c2)cc1,8,15,c,0.016780056059360504,0.1149488240480423
47,CC(C)(C)c1ccc(C(=O)Nc2ccccc2C(=O)Nc2ccc3cn[nH]c3c2)cc1,9,20,1,0.0009526348439976573,0.01188451424241066
47,CC(C)(C)c1ccc(C(=O)Nc2ccccc2C(=O)Nc2ccc3cn[nH]c3c2)cc1,10,15,c,0.010819724760949612,0.081761933863163
47,CC(C)(C)c1ccc(C(=O)Nc2ccccc2C(=O)Nc2ccc3cn[nH]c3c2)cc1,11,15,c,0.0070885648019611835,0.05173146724700928
47,CC(C)(C)c1ccc(C(=O)Nc2ccccc2C(=O)Nc2ccc3cn[nH]c3c2)cc1,12,15,c,0.16827072203159332,0.6129174828529358
47,CC(C)(C)c1ccc(C(=O)Nc2ccccc2C(=O)Nc2ccc3cn[nH]c3c2)cc1,13,17,(,0.5508511662483215,0.8975552320480347
47,CC(C)(C)c1ccc(C(=O)Nc2ccccc2C(=O)Nc2ccc3cn[nH]c3c2)cc1,14,16,C,0.1385374814271927,0.5237666964530945
47,CC(C)(C)c1ccc(C(=O)Nc2ccccc2C(=O)Nc2ccc3cn[nH]c3c2)cc1,15,17,(,0.06751231104135513,0.2938295602798462
47,CC(C)(C)c1ccc(C(=O)Nc2ccccc2C(=O)Nc2ccc3cn[nH]c3c2)cc1,16,22,=,0.001207515480928123,0.01393946260213852
47,CC(C)(C)c1ccc(C(=O)Nc2ccccc2C(=O)Nc2ccc3cn[nH]c3c2)cc1,17,19,O,0.0011898998636752367,0.013509921729564667
47,CC(C)(C)c1ccc(C(=O)Nc2ccccc2C(=O)Nc2ccc3cn[nH]c3c2)cc1,18,18,),0.0006336396909318864,0.008191181346774101
47,CC(C)(C)c1ccc(C(=O)Nc2ccccc2C(=O)Nc2ccc3cn[nH]c3c2)cc1,19,23,N,0.013681198470294476,0.10815813392400742
47,CC(C)(C)c1ccc(C(=O)Nc2ccccc2C(=O)Nc2ccc3cn[nH]c3c2)cc1,20,15,c,0.02261865884065628,0.16261935234069824
47,CC(C)(C)c1ccc(C(=O)Nc2ccccc2C(=O)Nc2ccc3cn[nH]c3c2)cc1,21,21,2,0.006007828749716282,0.05962533503770828
47,CC(C)(C)c1ccc(C(=O)Nc2ccccc2C(=O)Nc2ccc3cn[nH]c3c2)cc1,22,15,c,0.046371009200811386,0.20661242306232452
47,CC(C)(C)c1ccc(C(=O)Nc2ccccc2C(=O)Nc2ccc3cn[nH]c3c2)cc1,23,15,c,0.024928849190473557,0.1416190266609192
47,CC(C)(C)c1ccc(C(=O)Nc2ccccc2C(=O)Nc2ccc3cn[nH]c3c2)cc1,24,15,c,0.1787305772304535,0.6315364837646484
47,CC(C)(C)c1ccc(C(=O)Nc2ccccc2C(=O)Nc2ccc3cn[nH]c3c2)cc1,25,15,c,0.40393704175949097,1.044784426689148
47,CC(C)(C)c1ccc(C(=O)Nc2ccccc2C(=O)Nc2ccc3cn[nH]c3c2)cc1,26,15,c,0.46349430084228516,1.072938084602356
47,CC(C)(C)c1ccc(C(=O)Nc2ccccc2C(=O)Nc2ccc3cn[nH]c3c2)cc1,27,21,2,0.0038442504592239857,0.03613205626606941
47,CC(C)(C)c1ccc(C(=O)Nc2ccccc2C(=O)Nc2ccc3cn[nH]c3c2)cc1,28,16,C,0.11979642510414124,0.5061847567558289
47,CC(C)(C)c1ccc(C(=O)Nc2ccccc2C(=O)Nc2ccc3cn[nH]c3c2)cc1,29,17,(,0.0037273212801665068,0.03295470401644707
47,CC(C)(C)c1ccc(C(=O)Nc2ccccc2C(=O)Nc2ccc3cn[nH]c3c2)cc1,30,22,=,0.0011077717645093799,0.012969503179192543
47,CC(C)(C)c1ccc(C(=O)Nc2ccccc2C(=O)Nc2ccc3cn[nH]c3c2)cc1,31,19,O,0.001369848265312612,0.015313389711081982
47,CC(C)(C)c1ccc(C(=O)Nc2ccccc2C(=O)Nc2ccc3cn[nH]c3c2)cc1,32,18,),0.0005924528231844306,0.007824004627764225
47,CC(C)(C)c1ccc(C(=O)Nc2ccccc2C(=O)Nc2ccc3cn[nH]c3c2)cc1,33,23,N,0.005446474999189377,0.05146835371851921
47,CC(C)(C)c1ccc(C(=O)Nc2ccccc2C(=O)Nc2ccc3cn[nH]c3c2)cc1,34,15,c,0.004437482450157404,0.043698154389858246
47,CC(C)(C)c1ccc(C(=O)Nc2ccccc2C(=O)Nc2ccc3cn[nH]c3c2)cc1,35,21,2,0.013512004166841507,0.11503735184669495
47,CC(C)(C)c1ccc(C(=O)Nc2ccccc2C(=O)Nc2ccc3cn[nH]c3c2)cc1,36,15,c,0.07264398038387299,0.2752774655818939
47,CC(C)(C)c1ccc(C(=O)Nc2ccccc2C(=O)Nc2ccc3cn[nH]c3c2)cc1,37,15,c,0.04708665981888771,0.2165694236755371
47,CC(C)(C)c1ccc(C(=O)Nc2ccccc2C(=O)Nc2ccc3cn[nH]c3c2)cc1,38,15,c,0.0872957780957222,0.3233281075954437
47,CC(C)(C)c1ccc(C(=O)Nc2ccccc2C(=O)Nc2ccc3cn[nH]c3c2)cc1,39,26,3,0.961682915687561,0.8306356072425842
47,CC(C)(C)c1ccc(C(=O)Nc2ccccc2C(=O)Nc2ccc3cn[nH]c3c2)cc1,40,15,c,0.4218885004520416,0.7259496450424194
47,CC(C)(C)c1ccc(C(=O)Nc2ccccc2C(=O)Nc2ccc3cn[nH]c3c2)cc1,41,25,n,0.0075605264864861965,0.06477999687194824
47,CC(C)(C)c1ccc(C(=O)Nc2ccccc2C(=O)Nc2ccc3cn[nH]c3c2)cc1,42,40,[nH],0.04574229195713997,0.24903850257396698
47,CC(C)(C)c1ccc(C(=O)Nc2ccccc2C(=O)Nc2ccc3cn[nH]c3c2)cc1,43,15,c,0.0021693259477615356,0.02331440895795822
47,CC(C)(C)c1ccc(C(=O)Nc2ccccc2C(=O)Nc2ccc3cn[nH]c3c2)cc1,44,26,3,0.005664435680955648,0.05186518281698227
47,CC(C)(C)c1ccc(C(=O)Nc2ccccc2C(=O)Nc2ccc3cn[nH]c3c2)cc1,45,15,c,0.04364354908466339,0.18653790652751923
47,CC(C)(C)c1ccc(C(=O)Nc2ccccc2C(=O)Nc2ccc3cn[nH]c3c2)cc1,46,21,2,0.002673323731869459,0.028245992958545685
47,CC(C)(C)c1ccc(C(=O)Nc2ccccc2C(=O)Nc2ccc3cn[nH]c3c2)cc1,47,18,),0.0013804871123284101,0.016655411571264267
47,CC(C)(C)c1ccc(C(=O)Nc2ccccc2C(=O)Nc2ccc3cn[nH]c3c2)cc1,48,15,c,0.0754314661026001,0.2886715531349182
47,CC(C)(C)c1ccc(C(=O)Nc2ccccc2C(=O)Nc2ccc3cn[nH]c3c2)cc1,49,25,n,0.7004066109657288,0.07307176291942596
47,CC(C)(C)c1ccc(C(=O)Nc2ccccc2C(=O)Nc2ccc3cn[nH]c3c2)cc1,50,20,1,0.0012329533929005265,0.015236558392643929
47,CC(C)(C)c1ccc(C(=O)Nc2ccccc2C(=O)Nc2ccc3cn[nH]c3c2)cc1,51,13,[SEP],0.0008891677716746926,0.0103454003110528
48,Cc1nc(C(=O)O)cn1CC(F)F,0,16,C,0.0020201406441628933,0.021802304312586784
48,Cc1nc(C(=O)O)cn1CC(F)F,1,15,c,0.14340543746948242,0.527820348739624
48,Cc1nc(C(=O)O)cn1CC(F)F,2,20,1,0.0014189720386639237,0.017046889290213585
48,Cc1nc(C(=O)O)cn1CC(F)F,3,25,n,0.15927942097187042,0.47265738248825073
48,Cc1nc(C(=O)O)cn1CC(F)F,4,15,c,0.022822432219982147,0.13079768419265747
48,Cc1nc(C(=O)O)cn1CC(F)F,5,17,(,0.980337917804718,0.3982870876789093
48,Cc1nc(C(=O)O)cn1CC(F)F,6,16,C,0.058647964149713516,0.3569960296154022
48,Cc1nc(C(=O)O)cn1CC(F)F,7,17,(,0.004927122499793768,0.045267146080732346
48,Cc1nc(C(=O)O)cn1CC(F)F,8,22,=,0.4466761350631714,0.7181714177131653
48,Cc1nc(C(=O)O)cn1CC(F)F,9,19,O,0.004336574114859104,0.04108857363462448
48,Cc1nc(C(=O)O)cn1CC(F)F,10,18,),0.0005729614058509469,0.0075746988877654076
48,Cc1nc(C(=O)O)cn1CC(F)F,11,19,O,0.008792809210717678,0.07412201911211014
48,Cc1nc(C(=O)O)cn1CC(F)F,12,18,),0.002094108611345291,0.023756075650453568
48,Cc1nc(C(=O)O)cn1CC(F)F,13,15,c,0.004932934418320656,0.040911655873060226
48,Cc1nc(C(=O)O)cn1CC(F)F,14,25,n,0.032884176820516586,0.19916541874408722
48,Cc1nc(C(=O)O)cn1CC(F)F,15,20,1,0.0029196981340646744,0.032181449234485626
48,Cc1nc(C(=O)O)cn1CC(F)F,16,16,C,0.0034758704714477062,0.03480013832449913
48,Cc1nc(C(=O)O)cn1CC(F)F,17,16,C,0.008170210756361485,0.06904590874910355
48,Cc1nc(C(=O)O)cn1CC(F)F,18,17,(,0.026999950408935547,0.18405289947986603
48,Cc1nc(C(=O)O)cn1CC(F)F,19,27,F,0.002711142413318157,0.0304523054510355
48,Cc1nc(C(=O)O)cn1CC(F)F,20,18,),0.0005874128546565771,0.007784394547343254
48,Cc1nc(C(=O)O)cn1CC(F)F,21,27,F,0.0036405844148248434,0.039854079484939575
48,Cc1nc(C(=O)O)cn1CC(F)F,22,13,[SEP],0.0004402741906233132,0.005515377037227154
49,C=CCNC(=O)N(C)c1ccc(SC(F)(F)F)cc1F,0,16,C,0.0014501843834295869,0.01612851954996586
49,C=CCNC(=O)N(C)c1ccc(SC(F)(F)F)cc1F,1,22,=,0.016306843608617783,0.11601008474826813
49,C=CCNC(=O)N(C)c1ccc(SC(F)(F)F)cc1F,2,16,C,0.004152494482696056,0.03872266411781311
49,C=CCNC(=O)N(C)c1ccc(SC(F)(F)F)cc1F,3,16,C,0.006736109033226967,0.059044305235147476
49,C=CCNC(=O)N(C)c1ccc(SC(F)(F)F)cc1F,4,23,N,0.07757733017206192,0.32876691222190857
49,C=CCNC(=O)N(C)c1ccc(SC(F)(F)F)cc1F,5,16,C,0.009120984002947807,0.07433023303747177
49,C=CCNC(=O)N(C)c1ccc(SC(F)(F)F)cc1F,6,17,(,0.0028009151574224234,0.025857456028461456
49,C=CCNC(=O)N(C)c1ccc(SC(F)(F)F)cc1F,7,22,=,0.000967435073107481,0.011809166520833969
49,C=CCNC(=O)N(C)c1ccc(SC(F)(F)F)cc1F,8,19,O,0.04831702634692192,0.24565227329730988
49,C=CCNC(=O)N(C)c1ccc(SC(F)(F)F)cc1F,9,18,),0.0005414879415184259,0.00723665626719594
49,C=CCNC(=O)N(C)c1ccc(SC(F)(F)F)cc1F,10,23,N,0.005268771201372147,0.049526166170835495
49,C=CCNC(=O)N(C)c1ccc(SC(F)(F)F)cc1F,11,17,(,0.7217562198638916,0.7583680152893066
49,C=CCNC(=O)N(C)c1ccc(SC(F)(F)F)cc1F,12,16,C,0.00632053054869175,0.058587849140167236
49,C=CCNC(=O)N(C)c1ccc(SC(F)(F)F)cc1F,13,18,),0.0022636482026427984,0.02439587563276291
49,C=CCNC(=O)N(C)c1ccc(SC(F)(F)F)cc1F,14,15,c,0.6553625464439392,0.4537314176559448
49,C=CCNC(=O)N(C)c1ccc(SC(F)(F)F)cc1F,15,20,1,0.0007590249879285693,0.009885010309517384
49,C=CCNC(=O)N(C)c1ccc(SC(F)(F)F)cc1F,16,15,c,0.019522638991475105,0.13179031014442444
49,C=CCNC(=O)N(C)c1ccc(SC(F)(F)F)cc1F,17,15,c,0.015587928704917431,0.11544756591320038
49,C=CCNC(=O)N(C)c1ccc(SC(F)(F)F)cc1F,18,15,c,0.1234118789434433,0.40083709359169006
49,C=CCNC(=O)N(C)c1ccc(SC(F)(F)F)cc1F,19,17,(,0.010750609450042248,0.08058492839336395
49,C=CCNC(=O)N(C)c1ccc(SC(F)(F)F)cc1F,20,34,S,0.019645798951387405,0.13537301123142242
49,C=CCNC(=O)N(C)c1ccc(SC(F)(F)F)cc1F,21,16,C,0.020756542682647705,0.1423465609550476
49,C=CCNC(=O)N(C)c1ccc(SC(F)(F)F)cc1F,22,17,(,0.1557001769542694,0.5961595177650452
49,C=CCNC(=O)N(C)c1ccc(SC(F)(F)F)cc1F,23,27,F,0.003036937676370144,0.03228294104337692
49,C=CCNC(=O)N(C)c1ccc(SC(F)(F)F)cc1F,24,18,),0.0005040995310992002,0.006762878503650427
49,C=CCNC(=O)N(C)c1ccc(SC(F)(F)F)cc1F,25,17,(,0.005537186749279499,0.05074160918593407
49,C=CCNC(=O)N(C)c1ccc(SC(F)(F)F)cc1F,26,27,F,0.0011279176687821746,0.014133095741271973
49,C=CCNC(=O)N(C)c1ccc(SC(F)(F)F)cc1F,27,18,),0.0004920547362416983,0.00666030403226614
49,C=CCNC(=O)N(C)c1ccc(SC(F)(F)F)cc1F,28,27,F,0.002792350249364972,0.029594609513878822
49,C=CCNC(=O)N(C)c1ccc(SC(F)(F)F)cc1F,29,18,),0.0005119861452840269,0.006882832385599613
49,C=CCNC(=O)N(C)c1ccc(SC(F)(F)F)cc1F,30,15,c,0.0013494235463440418,0.014626316726207733
49,C=CCNC(=O)N(C)c1ccc(SC(F)(F)F)cc1F,31,15,c,0.21329334378242493,0.47078579664230347
49,C=CCNC(=O)N(C)c1ccc(SC(F)(F)F)cc1F,32,20,1,0.0008435397176072001,0.01062224991619587
49,C=CCNC(=O)N(C)c1ccc(SC(F)(F)F)cc1F,33,27,F,0.003346205921843648,0.03675736486911774
49,C=CCNC(=O)N(C)c1ccc(SC(F)(F)F)cc1F,34,13,[SEP],0.002593766199424863,0.022320464253425598
50,N#Cc1ccc(SC2CCCc3cccnc32)cc1,0,23,N,0.009478705003857613,0.07230748981237411
50,N#Cc1ccc(SC2CCCc3cccnc32)cc1,1,38,#,0.004142363555729389,0.04513747990131378
50,N#Cc1ccc(SC2CCCc3cccnc32)cc1,2,16,C,0.0037930242251604795,0.037413958460092545
50,N#Cc1ccc(SC2CCCc3cccnc32)cc1,3,15,c,0.38821980357170105,0.7192512154579163
50,N#Cc1ccc(SC2CCCc3cccnc32)cc1,4,20,1,0.00602122163400054,0.054438669234514236
50,N#Cc1ccc(SC2CCCc3cccnc32)cc1,5,15,c,0.06629690527915955,0.30251848697662354
50,N#Cc1ccc(SC2CCCc3cccnc32)cc1,6,15,c,0.0067793382331728935,0.05666559189558029
50,N#Cc1ccc(SC2CCCc3cccnc32)cc1,7,15,c,0.01907098852097988,0.12776418030261993
50,N#Cc1ccc(SC2CCCc3cccnc32)cc1,8,17,(,0.42485734820365906,0.8346828818321228
50,N#Cc1ccc(SC2CCCc3cccnc32)cc1,9,34,S,0.6912950873374939,0.37518370151519775
50,N#Cc1ccc(SC2CCCc3cccnc32)cc1,10,16,C,0.27240151166915894,0.554312527179718
50,N#Cc1ccc(SC2CCCc3cccnc32)cc1,11,21,2,0.5353186726570129,0.806287407875061
50,N#Cc1ccc(SC2CCCc3cccnc32)cc1,12,16,C,0.0041523342952132225,0.040149200707674026
50,N#Cc1ccc(SC2CCCc3cccnc32)cc1,13,16,C,0.0024596883449703455,0.02646365575492382
50,N#Cc1ccc(SC2CCCc3cccnc32)cc1,14,16,C,0.010188878513872623,0.0810840055346489
50,N#Cc1ccc(SC2CCCc3cccnc32)cc1,15,15,c,0.008641754277050495,0.06939694285392761
50,N#Cc1ccc(SC2CCCc3cccnc32)cc1,16,26,3,0.00440526008605957,0.04680818319320679
50,N#Cc1ccc(SC2CCCc3cccnc32)cc1,17,25,n,0.23610222339630127,0.46285155415534973
50,N#Cc1ccc(SC2CCCc3cccnc32)cc1,18,15,c,0.0010170616442337632,0.012123305350542068
50,N#Cc1ccc(SC2CCCc3cccnc32)cc1,19,15,c,0.0016799441073089838,0.0198675524443388
50,N#Cc1ccc(SC2CCCc3cccnc32)cc1,20,15,c,0.0013458873145282269,0.016019603237509727
50,N#Cc1ccc(SC2CCCc3cccnc32)cc1,21,15,c,0.0031379512511193752,0.028308453038334846
50,N#Cc1ccc(SC2CCCc3cccnc32)cc1,22,26,3,0.002554939594119787,0.027036864310503006
50,N#Cc1ccc(SC2CCCc3cccnc32)cc1,23,21,2,0.0017142791766673326,0.01952466182410717
50,N#Cc1ccc(SC2CCCc3cccnc32)cc1,24,18,),0.0008945661247707903,0.011376956477761269
50,N#Cc1ccc(SC2CCCc3cccnc32)cc1,25,15,c,0.0008467752486467361,0.009413208812475204
50,N#Cc1ccc(SC2CCCc3cccnc32)cc1,26,15,c,0.0008224279736168683,0.009519618935883045
50,N#Cc1ccc(SC2CCCc3cccnc32)cc1,27,20,1,0.0015767994336783886,0.017779462039470673
50,N#Cc1ccc(SC2CCCc3cccnc32)cc1,28,13,[SEP],0.004476175643503666,0.04071229323744774
51,Cn1ncc(Cl)c1-c1cc(NC(=O)Nc2ccc(F)cc2F)ccc1O,0,16,C,0.014476791955530643,0.09836693853139877
51,Cn1ncc(Cl)c1-c1cc(NC(=O)Nc2ccc(F)cc2F)ccc1O,1,25,n,0.05515158921480179,0.3180965185165405
51,Cn1ncc(Cl)c1-c1cc(NC(=O)Nc2ccc(F)cc2F)ccc1O,2,20,1,0.007407094351947308,0.07369840890169144
51,Cn1ncc(Cl)c1-c1cc(NC(=O)Nc2ccc(F)cc2F)ccc1O,3,15,c,0.5725932717323303,0.37507060170173645
51,Cn1ncc(Cl)c1-c1cc(NC(=O)Nc2ccc(F)cc2F)ccc1O,4,15,c,0.829962432384491,0.8713198304176331
51,Cn1ncc(Cl)c1-c1cc(NC(=O)Nc2ccc(F)cc2F)ccc1O,5,17,(,0.05099107325077057,0.2680337727069855
51,Cn1ncc(Cl)c1-c1cc(NC(=O)Nc2ccc(F)cc2F)ccc1O,6,31,-,0.4095366299152374,1.227435827255249
51,Cn1ncc(Cl)c1-c1cc(NC(=O)Nc2ccc(F)cc2F)ccc1O,7,15,c,0.001542230835184455,0.016454683616757393
51,Cn1ncc(Cl)c1-c1cc(NC(=O)Nc2ccc(F)cc2F)ccc1O,8,21,2,0.0011306910309940577,0.013676800765097141
51,Cn1ncc(Cl)c1-c1cc(NC(=O)Nc2ccc(F)cc2F)ccc1O,9,15,c,0.19398872554302216,0.45692119002342224
51,Cn1ncc(Cl)c1-c1cc(NC(=O)Nc2ccc(F)cc2F)ccc1O,10,15,c,0.19679981470108032,0.5886463522911072
51,Cn1ncc(Cl)c1-c1cc(NC(=O)Nc2ccc(F)cc2F)ccc1O,11,15,c,0.5902787446975708,0.6586184501647949
51,Cn1ncc(Cl)c1-c1cc(NC(=O)Nc2ccc(F)cc2F)ccc1O,12,17,(,0.17527827620506287,0.5438323616981506
51,Cn1ncc(Cl)c1-c1cc(NC(=O)Nc2ccc(F)cc2F)ccc1O,13,23,N,0.7445505261421204,1.4556361436843872
51,Cn1ncc(Cl)c1-c1cc(NC(=O)Nc2ccc(F)cc2F)ccc1O,14,16,C,0.040814176201820374,0.2633577883243561
51,Cn1ncc(Cl)c1-c1cc(NC(=O)Nc2ccc(F)cc2F)ccc1O,15,17,(,0.0022251559421420097,0.02321542240679264
51,Cn1ncc(Cl)c1-c1cc(NC(=O)Nc2ccc(F)cc2F)ccc1O,16,22,=,0.004806617274880409,0.04444855451583862
51,Cn1ncc(Cl)c1-c1cc(NC(=O)Nc2ccc(F)cc2F)ccc1O,17,19,O,0.06536177545785904,0.2783697247505188
51,Cn1ncc(Cl)c1-c1cc(NC(=O)Nc2ccc(F)cc2F)ccc1O,18,18,),0.0005284189828671515,0.007086914032697678
51,Cn1ncc(Cl)c1-c1cc(NC(=O)Nc2ccc(F)cc2F)ccc1O,19,23,N,0.005682448390871286,0.05019023269414902
51,Cn1ncc(Cl)c1-c1cc(NC(=O)Nc2ccc(F)cc2F)ccc1O,20,15,c,0.7114768028259277,0.5023286938667297
51,Cn1ncc(Cl)c1-c1cc(NC(=O)Nc2ccc(F)cc2F)ccc1O,21,26,3,0.011208671145141125,0.10624201595783234
51,Cn1ncc(Cl)c1-c1cc(NC(=O)Nc2ccc(F)cc2F)ccc1O,22,15,c,0.018298543989658356,0.10365931689739227
51,Cn1ncc(Cl)c1-c1cc(NC(=O)Nc2ccc(F)cc2F)ccc1O,23,17,(,0.6242330074310303,0.22714750468730927
51,Cn1ncc(Cl)c1-c1cc(NC(=O)Nc2ccc(F)cc2F)ccc1O,24,27,F,0.03145202249288559,0.1888655126094818
51,Cn1ncc(Cl)c1-c1cc(NC(=O)Nc2ccc(F)cc2F)ccc1O,25,18,),0.000632144627161324,0.008211654610931873
51,Cn1ncc(Cl)c1-c1cc(NC(=O)Nc2ccc(F)cc2F)ccc1O,26,15,c,0.0027730255387723446,0.025711722671985626
51,Cn1ncc(Cl)c1-c1cc(NC(=O)Nc2ccc(F)cc2F)ccc1O,27,15,c,0.008097371086478233,0.06317797303199768
51,Cn1ncc(Cl)c1-c1cc(NC(=O)Nc2ccc(F)cc2F)ccc1O,28,15,c,0.3299882709980011,0.6239700317382812
51,Cn1ncc(Cl)c1-c1cc(NC(=O)Nc2ccc(F)cc2F)ccc1O,29,17,(,0.07407166063785553,0.27283385396003723
51,Cn1ncc(Cl)c1-c1cc(NC(=O)Nc2ccc(F)cc2F)ccc1O,30,27,F,0.07044302672147751,0.31608346104621887
51,Cn1ncc(Cl)c1-c1cc(NC(=O)Nc2ccc(F)cc2F)ccc1O,31,18,),0.0006650312570855021,0.008646401576697826
51,Cn1ncc(Cl)c1-c1cc(NC(=O)Nc2ccc(F)cc2F)ccc1O,32,15,c,0.0018055301625281572,0.01844342239201069
51,Cn1ncc(Cl)c1-c1cc(NC(=O)Nc2ccc(F)cc2F)ccc1O,33,26,3,0.12161985039710999,0.4613687992095947
51,Cn1ncc(Cl)c1-c1cc(NC(=O)Nc2ccc(F)cc2F)ccc1O,34,28,Cl,0.06601422280073166,0.39372238516807556
51,Cn1ncc(Cl)c1-c1cc(NC(=O)Nc2ccc(F)cc2F)ccc1O,35,18,),0.0007161568501032889,0.009221535176038742
51,Cn1ncc(Cl)c1-c1cc(NC(=O)Nc2ccc(F)cc2F)ccc1O,36,15,c,0.6937518119812012,0.16901706159114838
51,Cn1ncc(Cl)c1-c1cc(NC(=O)Nc2ccc(F)cc2F)ccc1O,37,15,c,0.5751161575317383,0.38516202569007874
51,Cn1ncc(Cl)c1-c1cc(NC(=O)Nc2ccc(F)cc2F)ccc1O,38,21,2,0.0012670299038290977,0.015041813254356384
51,Cn1ncc(Cl)c1-c1cc(NC(=O)Nc2ccc(F)cc2F)ccc1O,39,19,O,0.2594704031944275,0.7963988780975342
51,Cn1ncc(Cl)c1-c1cc(NC(=O)Nc2ccc(F)cc2F)ccc1O,40,18,),0.0020695629063993692,0.023884491994976997
51,Cn1ncc(Cl)c1-c1cc(NC(=O)Nc2ccc(F)cc2F)ccc1O,41,15,c,0.4419189393520355,0.5696164965629578
51,Cn1ncc(Cl)c1-c1cc(NC(=O)Nc2ccc(F)cc2F)ccc1O,42,25,n,0.005820900667458773,0.056655529886484146
51,Cn1ncc(Cl)c1-c1cc(NC(=O)Nc2ccc(F)cc2F)ccc1O,43,20,1,0.005385949742048979,0.05084080994129181
51,Cn1ncc(Cl)c1-c1cc(NC(=O)Nc2ccc(F)cc2F)ccc1O,44,13,[SEP],0.023322924971580505,0.1359596699476242
52,CCC(NC(N)=O)C1CCC(=O)CC1,0,16,C,0.0011254828423261642,0.013474524021148682
52,CCC(NC(N)=O)C1CCC(=O)CC1,1,16,C,0.0025261903647333384,0.026948388665914536
52,CCC(NC(N)=O)C1CCC(=O)CC1,2,16,C,1.0092509984970093,0.381184846162796
52,CCC(NC(N)=O)C1CCC(=O)CC1,3,17,(,0.1407725214958191,0.43236440420150757
52,CCC(NC(N)=O)C1CCC(=O)CC1,4,23,N,1.0651004314422607,0.5660563111305237
52,CCC(NC(N)=O)C1CCC(=O)CC1,5,16,C,0.11994035542011261,0.4533628821372986
52,CCC(NC(N)=O)C1CCC(=O)CC1,6,17,(,0.002069906797260046,0.020934516564011574
52,CCC(NC(N)=O)C1CCC(=O)CC1,7,23,N,0.7409136891365051,0.3132036030292511
52,CCC(NC(N)=O)C1CCC(=O)CC1,8,18,),0.0008466341532766819,0.010873125866055489
52,CCC(NC(N)=O)C1CCC(=O)CC1,9,22,=,0.0017095762304961681,0.020164253190159798
52,CCC(NC(N)=O)C1CCC(=O)CC1,10,19,O,0.0019393136026337743,0.020572885870933533
52,CCC(NC(N)=O)C1CCC(=O)CC1,11,18,),0.000577202532440424,0.007659701630473137
52,CCC(NC(N)=O)C1CCC(=O)CC1,12,16,C,0.16130587458610535,0.6210507750511169
52,CCC(NC(N)=O)C1CCC(=O)CC1,13,20,1,0.021938614547252655,0.13858377933502197
52,CCC(NC(N)=O)C1CCC(=O)CC1,14,16,C,0.02737158164381981,0.18839193880558014
52,CCC(NC(N)=O)C1CCC(=O)CC1,15,16,C,0.003667226992547512,0.03666374459862709
52,CCC(NC(N)=O)C1CCC(=O)CC1,16,16,C,0.019531413912773132,0.13100041449069977
52,CCC(NC(N)=O)C1CCC(=O)CC1,17,17,(,0.02510710433125496,0.1400248259305954
52,CCC(NC(N)=O)C1CCC(=O)CC1,18,22,=,0.002759800758212805,0.02724194899201393
52,CCC(NC(N)=O)C1CCC(=O)CC1,19,19,O,0.002089323941618204,0.021239306777715683
52,CCC(NC(N)=O)C1CCC(=O)CC1,20,18,),0.0005890967440791428,0.007802605163305998
52,CCC(NC(N)=O)C1CCC(=O)CC1,21,16,C,0.0016092584701254964,0.017687316983938217
52,CCC(NC(N)=O)C1CCC(=O)CC1,22,16,C,0.015644146129488945,0.1011851504445076
52,CCC(NC(N)=O)C1CCC(=O)CC1,23,20,1,0.001081160269677639,0.013544827699661255
52,CCC(NC(N)=O)C1CCC(=O)CC1,24,13,[SEP],0.0020348902326077223,0.01871049962937832
53,CC(NS(=O)(=O)c1ccc(F)c(C(=O)Nc2ccc(F)c(F)c2)c1)c1ncccn1,0,16,C,0.010474425740540028,0.07529103755950928
53,CC(NS(=O)(=O)c1ccc(F)c(C(=O)Nc2ccc(F)c(F)c2)c1)c1ncccn1,1,33,[C@H],0.6749189496040344,0.6881241798400879
53,CC(NS(=O)(=O)c1ccc(F)c(C(=O)Nc2ccc(F)c(F)c2)c1)c1ncccn1,2,17,(,0.022810757160186768,0.1498279869556427
53,CC(NS(=O)(=O)c1ccc(F)c(C(=O)Nc2ccc(F)c(F)c2)c1)c1ncccn1,3,23,N,0.008490066975355148,0.07268454879522324
53,CC(NS(=O)(=O)c1ccc(F)c(C(=O)Nc2ccc(F)c(F)c2)c1)c1ncccn1,4,34,S,0.04567597061395645,0.2718958556652069
53,CC(NS(=O)(=O)c1ccc(F)c(C(=O)Nc2ccc(F)c(F)c2)c1)c1ncccn1,5,17,(,0.0036003575660288334,0.03367885202169418
53,CC(NS(=O)(=O)c1ccc(F)c(C(=O)Nc2ccc(F)c(F)c2)c1)c1ncccn1,6,22,=,0.003030401887372136,0.03110535442829132
53,CC(NS(=O)(=O)c1ccc(F)c(C(=O)Nc2ccc(F)c(F)c2)c1)c1ncccn1,7,19,O,0.0011547208996489644,0.013063629157841206
53,CC(NS(=O)(=O)c1ccc(F)c(C(=O)Nc2ccc(F)c(F)c2)c1)c1ncccn1,8,18,),0.0006554892752319574,0.0084395045414567
53,CC(NS(=O)(=O)c1ccc(F)c(C(=O)Nc2ccc(F)c(F)c2)c1)c1ncccn1,9,17,(,0.003416190855205059,0.031922001391649246
53,CC(NS(=O)(=O)c1ccc(F)c(C(=O)Nc2ccc(F)c(F)c2)c1)c1ncccn1,10,22,=,0.0008301271591335535,0.01023560669273138
53,CC(NS(=O)(=O)c1ccc(F)c(C(=O)Nc2ccc(F)c(F)c2)c1)c1ncccn1,11,19,O,0.002569287084043026,0.02419261634349823
53,CC(NS(=O)(=O)c1ccc(F)c(C(=O)Nc2ccc(F)c(F)c2)c1)c1ncccn1,12,18,),0.000623992586042732,0.008139755576848984
53,CC(NS(=O)(=O)c1ccc(F)c(C(=O)Nc2ccc(F)c(F)c2)c1)c1ncccn1,13,15,c,0.04740807041525841,0.255797803401947
53,CC(NS(=O)(=O)c1ccc(F)c(C(=O)Nc2ccc(F)c(F)c2)c1)c1ncccn1,14,20,1,0.09545138478279114,0.3408519923686981
53,CC(NS(=O)(=O)c1ccc(F)c(C(=O)Nc2ccc(F)c(F)c2)c1)c1ncccn1,15,15,c,0.19124513864517212,0.44925007224082947
53,CC(NS(=O)(=O)c1ccc(F)c(C(=O)Nc2ccc(F)c(F)c2)c1)c1ncccn1,16,15,c,0.02246210165321827,0.13431888818740845
53,CC(NS(=O)(=O)c1ccc(F)c(C(=O)Nc2ccc(F)c(F)c2)c1)c1ncccn1,17,15,c,0.27998262643814087,0.7801336646080017
53,CC(NS(=O)(=O)c1ccc(F)c(C(=O)Nc2ccc(F)c(F)c2)c1)c1ncccn1,18,17,(,0.1705470085144043,0.5630722641944885
53,CC(NS(=O)(=O)c1ccc(F)c(C(=O)Nc2ccc(F)c(F)c2)c1)c1ncccn1,19,27,F,0.014046719297766685,0.11698321998119354
53,CC(NS(=O)(=O)c1ccc(F)c(C(=O)Nc2ccc(F)c(F)c2)c1)c1ncccn1,20,18,),0.0009312370093539357,0.011414146050810814
53,CC(NS(=O)(=O)c1ccc(F)c(C(=O)Nc2ccc(F)c(F)c2)c1)c1ncccn1,21,15,c,0.13549108803272247,0.38239943981170654
53,CC(NS(=O)(=O)c1ccc(F)c(C(=O)Nc2ccc(F)c(F)c2)c1)c1ncccn1,22,17,(,0.2106717824935913,0.6625662446022034
53,CC(NS(=O)(=O)c1ccc(F)c(C(=O)Nc2ccc(F)c(F)c2)c1)c1ncccn1,23,27,F,0.6919446587562561,0.9920243620872498
53,CC(NS(=O)(=O)c1ccc(F)c(C(=O)Nc2ccc(F)c(F)c2)c1)c1ncccn1,24,18,),0.0005824590916745365,0.007636040914803743
53,CC(NS(=O)(=O)c1ccc(F)c(C(=O)Nc2ccc(F)c(F)c2)c1)c1ncccn1,25,15,c,0.003642549505457282,0.029951468110084534
53,CC(NS(=O)(=O)c1ccc(F)c(C(=O)Nc2ccc(F)c(F)c2)c1)c1ncccn1,26,20,1,0.022053750231862068,0.14197421073913574
53,CC(NS(=O)(=O)c1ccc(F)c(C(=O)Nc2ccc(F)c(F)c2)c1)c1ncccn1,27,18,),0.004351200070232153,0.040621355175971985
53,CC(NS(=O)(=O)c1ccc(F)c(C(=O)Nc2ccc(F)c(F)c2)c1)c1ncccn1,28,15,c,0.7138484716415405,0.15776194632053375
53,CC(NS(=O)(=O)c1ccc(F)c(C(=O)Nc2ccc(F)c(F)c2)c1)c1ncccn1,29,20,1,0.00147164985537529,0.01606179028749466
53,CC(NS(=O)(=O)c1ccc(F)c(C(=O)Nc2ccc(F)c(F)c2)c1)c1ncccn1,30,25,n,0.02798900566995144,0.15986089408397675
53,CC(NS(=O)(=O)c1ccc(F)c(C(=O)Nc2ccc(F)c(F)c2)c1)c1ncccn1,31,15,c,0.040022142231464386,0.21187105774879456
53,CC(NS(=O)(=O)c1ccc(F)c(C(=O)Nc2ccc(F)c(F)c2)c1)c1ncccn1,32,15,c,0.04564825817942619,0.2508399486541748
53,CC(NS(=O)(=O)c1ccc(F)c(C(=O)Nc2ccc(F)c(F)c2)c1)c1ncccn1,33,15,c,0.05313824117183685,0.24660396575927734
53,CC(NS(=O)(=O)c1ccc(F)c(C(=O)Nc2ccc(F)c(F)c2)c1)c1ncccn1,34,25,n,0.2575230896472931,0.6867178082466125
53,CC(NS(=O)(=O)c1ccc(F)c(C(=O)Nc2ccc(F)c(F)c2)c1)c1ncccn1,35,20,1,0.021451232954859734,0.13485495746135712
53,CC(NS(=O)(=O)c1ccc(F)c(C(=O)Nc2ccc(F)c(F)c2)c1)c1ncccn1,36,18,),0.05498012527823448,0.31209492683410645
53,CC(NS(=O)(=O)c1ccc(F)c(C(=O)Nc2ccc(F)c(F)c2)c1)c1ncccn1,37,16,C,0.5451847314834595,0.6038389205932617
53,CC(NS(=O)(=O)c1ccc(F)c(C(=O)Nc2ccc(F)c(F)c2)c1)c1ncccn1,38,17,(,0.012681865133345127,0.09773027151823044
53,CC(NS(=O)(=O)c1ccc(F)c(C(=O)Nc2ccc(F)c(F)c2)c1)c1ncccn1,39,22,=,0.013259184546768665,0.10296981781721115
53,CC(NS(=O)(=O)c1ccc(F)c(C(=O)Nc2ccc(F)c(F)c2)c1)c1ncccn1,40,19,O,0.0024073398672044277,0.024660849943757057
53,CC(NS(=O)(=O)c1ccc(F)c(C(=O)Nc2ccc(F)c(F)c2)c1)c1ncccn1,41,18,),0.0006538365851156414,0.008430651389062405
53,CC(NS(=O)(=O)c1ccc(F)c(C(=O)Nc2ccc(F)c(F)c2)c1)c1ncccn1,42,23,N,0.003861932549625635,0.03862087428569794
53,CC(NS(=O)(=O)c1ccc(F)c(C(=O)Nc2ccc(F)c(F)c2)c1)c1ncccn1,43,15,c,0.003018374787643552,0.030275996774435043
53,CC(NS(=O)(=O)c1ccc(F)c(C(=O)Nc2ccc(F)c(F)c2)c1)c1ncccn1,44,20,1,0.0006600097403861582,0.00841347873210907
53,CC(NS(=O)(=O)c1ccc(F)c(C(=O)Nc2ccc(F)c(F)c2)c1)c1ncccn1,45,15,c,0.010399545542895794,0.06733173131942749
53,CC(NS(=O)(=O)c1ccc(F)c(C(=O)Nc2ccc(F)c(F)c2)c1)c1ncccn1,46,15,c,0.005710273049771786,0.04327991232275963
53,CC(NS(=O)(=O)c1ccc(F)c(C(=O)Nc2ccc(F)c(F)c2)c1)c1ncccn1,47,15,c,0.33995822072029114,0.7729463577270508
53,CC(NS(=O)(=O)c1ccc(F)c(C(=O)Nc2ccc(F)c(F)c2)c1)c1ncccn1,48,17,(,0.05060593783855438,0.2574140429496765
53,CC(NS(=O)(=O)c1ccc(F)c(C(=O)Nc2ccc(F)c(F)c2)c1)c1ncccn1,49,27,F,0.0022532085422426462,0.02518755942583084
53,CC(NS(=O)(=O)c1ccc(F)c(C(=O)Nc2ccc(F)c(F)c2)c1)c1ncccn1,50,18,),0.0007807004149071872,0.00983920693397522
53,CC(NS(=O)(=O)c1ccc(F)c(C(=O)Nc2ccc(F)c(F)c2)c1)c1ncccn1,51,15,c,0.27743133902549744,0.4933015704154968
53,CC(NS(=O)(=O)c1ccc(F)c(C(=O)Nc2ccc(F)c(F)c2)c1)c1ncccn1,52,17,(,0.4404948353767395,0.8427544832229614
53,CC(NS(=O)(=O)c1ccc(F)c(C(=O)Nc2ccc(F)c(F)c2)c1)c1ncccn1,53,16,C,1.5029444694519043,2.1375269889831543
53,CC(NS(=O)(=O)c1ccc(F)c(C(=O)Nc2ccc(F)c(F)c2)c1)c1ncccn1,54,38,#,1.0183510780334473,1.4773272275924683
53,CC(NS(=O)(=O)c1ccc(F)c(C(=O)Nc2ccc(F)c(F)c2)c1)c1ncccn1,55,23,N,0.005250948015600443,0.05102318897843361
53,CC(NS(=O)(=O)c1ccc(F)c(C(=O)Nc2ccc(F)c(F)c2)c1)c1ncccn1,56,18,),0.003090427489951253,0.032116204500198364
53,CC(NS(=O)(=O)c1ccc(F)c(C(=O)Nc2ccc(F)c(F)c2)c1)c1ncccn1,57,15,c,0.019782543182373047,0.11979031562805176
53,CC(NS(=O)(=O)c1ccc(F)c(C(=O)Nc2ccc(F)c(F)c2)c1)c1ncccn1,58,20,1,0.0036681881174445152,0.03595380112528801
53,CC(NS(=O)(=O)c1ccc(F)c(C(=O)Nc2ccc(F)c(F)c2)c1)c1ncccn1,59,13,[SEP],0.0009100603638216853,0.010678529739379883
54,CCCCCCCCCCCCCC(=O)N1CCCCC1CCO,0,16,C,0.0017785313539206982,0.019317137077450752
54,CCCCCCCCCCCCCC(=O)N1CCCCC1CCO,1,16,C,0.001966431038454175,0.02161579020321369
54,CCCCCCCCCCCCCC(=O)N1CCCCC1CCO,2,16,C,0.002092764712870121,0.022754626348614693
54,CCCCCCCCCCCCCC(=O)N1CCCCC1CCO,3,16,C,0.001755927107296884,0.01912318915128708
54,CCCCCCCCCCCCCC(=O)N1CCCCC1CCO,4,16,C,0.0018404512666165829,0.019677186384797096
54,CCCCCCCCCCCCCC(=O)N1CCCCC1CCO,5,16,C,0.003220824059098959,0.03179359436035156
54,CCCCCCCCCCCCCC(=O)N1CCCCC1CCO,6,16,C,0.00483543798327446,0.045011524111032486
54,CCCCCCCCCCCCCC(=O)N1CCCCC1CCO,7,16,C,0.006512760650366545,0.058135613799095154
54,CCCCCCCCCCCCCC(=O)N1CCCCC1CCO,8,16,C,0.014641552232205868,0.1141248419880867
54,CCCCCCCCCCCCCC(=O)N1CCCCC1CCO,9,16,C,0.025963418185710907,0.1848500370979309
54,CCCCCCCCCCCCCC(=O)N1CCCCC1CCO,10,16,C,0.08154357224702835,0.45482584834098816
54,CCCCCCCCCCCCCC(=O)N1CCCCC1CCO,11,16,C,0.16549985110759735,0.7508975863456726
54,CCCCCCCCCCCCCC(=O)N1CCCCC1CCO,12,16,C,0.39008840918540955,1.3133087158203125
54,CCCCCCCCCCCCCC(=O)N1CCCCC1CCO,13,16,C,0.7935455441474915,1.592682123184204
54,CCCCCCCCCCCCCC(=O)N1CCCCC1CCO,14,16,C,1.207374095916748,1.3811436891555786
54,CCCCCCCCCCCCCC(=O)N1CCCCC1CCO,15,16,C,1.436335563659668,0.929861843585968
54,CCCCCCCCCCCCCC(=O)N1CCCCC1CCO,16,16,C,1.6112912893295288,0.8995797634124756
54,CCCCCCCCCCCCCC(=O)N1CCCCC1CCO,17,17,(,1.6511613130569458,0.8871250152587891
54,CCCCCCCCCCCCCC(=O)N1CCCCC1CCO,18,16,C,0.8492072820663452,0.7590254545211792
54,CCCCCCCCCCCCCC(=O)N1CCCCC1CCO,19,18,),0.6986730694770813,0.8938141465187073
54,CCCCCCCCCCCCCC(=O)N1CCCCC1CCO,20,16,C,1.5409133434295654,1.1062763929367065
54,CCCCCCCCCCCCCC(=O)N1CCCCC1CCO,21,17,(,1.345857858657837,1.4184378385543823
54,CCCCCCCCCCCCCC(=O)N1CCCCC1CCO,22,22,=,0.029995344579219818,0.2012370377779007
54,CCCCCCCCCCCCCC(=O)N1CCCCC1CCO,23,19,O,0.003465641289949417,0.035977549850940704
54,CCCCCCCCCCCCCC(=O)N1CCCCC1CCO,24,18,),0.0005390274454839528,0.007218394428491592
54,CCCCCCCCCCCCCC(=O)N1CCCCC1CCO,25,23,N,1.2917006015777588,1.9124462604522705
54,CCCCCCCCCCCCCC(=O)N1CCCCC1CCO,26,20,1,0.47751903533935547,1.6357531547546387
54,CCCCCCCCCCCCCC(=O)N1CCCCC1CCO,27,16,C,0.6354012489318848,1.449468731880188
54,CCCCCCCCCCCCCC(=O)N1CCCCC1CCO,28,16,C,0.15549418330192566,0.8368871808052063
54,CCCCCCCCCCCCCC(=O)N1CCCCC1CCO,29,19,O,0.1727132797241211,0.9028123617172241
54,CCCCCCCCCCCCCC(=O)N1CCCCC1CCO,30,13,[SEP],1.104751706123352,0.6733710765838623
55,CCC(=O)c1ccc2cc(F)ccc2c1,0,16,C,0.001760608982294798,0.01932588219642639
55,CCC(=O)c1ccc2cc(F)ccc2c1,1,16,C,0.0019324329914525151,0.021236207336187363
55,CCC(=O)c1ccc2cc(F)ccc2c1,2,16,C,0.0035497969947755337,0.035731345415115356
55,CCC(=O)c1ccc2cc(F)ccc2c1,3,17,(,0.001147321774624288,0.013323995284736156
55,CCC(=O)c1ccc2cc(F)ccc2c1,4,22,=,0.0011931458720937371,0.013431977480649948
55,CCC(=O)c1ccc2cc(F)ccc2c1,5,19,O,0.0022226700093597174,0.022171566262841225
55,CCC(=O)c1ccc2cc(F)ccc2c1,6,18,),0.0006406867178156972,0.008394320495426655
55,CCC(=O)c1ccc2cc(F)ccc2c1,7,15,c,0.001640397123992443,0.01658647321164608
55,CCC(=O)c1ccc2cc(F)ccc2c1,8,20,1,0.0010725912870839238,0.01321467850357294
55,CCC(=O)c1ccc2cc(F)ccc2c1,9,15,c,0.0010409257374703884,0.011644151993095875
55,CCC(=O)c1ccc2cc(F)ccc2c1,10,15,c,0.0015883746091276407,0.01687823235988617
55,CCC(=O)c1ccc2cc(F)ccc2c1,11,15,c,0.011308803223073483,0.08129482716321945
55,CCC(=O)c1ccc2cc(F)ccc2c1,12,21,2,0.3922029137611389,0.7446382641792297
55,CCC(=O)c1ccc2cc(F)ccc2c1,13,15,c,0.001046399469487369,0.011934090405702591
55,CCC(=O)c1ccc2cc(F)ccc2c1,14,15,c,0.013447688892483711,0.08056138455867767
55,CCC(=O)c1ccc2cc(F)ccc2c1,15,17,(,0.24207982420921326,0.4803459942340851
55,CCC(=O)c1ccc2cc(F)ccc2c1,16,27,F,0.004067870322614908,0.04173823446035385
55,CCC(=O)c1ccc2cc(F)ccc2c1,17,18,),0.0005687215598300099,0.007577786222100258
55,CCC(=O)c1ccc2cc(F)ccc2c1,18,15,c,0.0010827176738530397,0.012661915272474289
55,CCC(=O)c1ccc2cc(F)ccc2c1,19,15,c,0.0012409875635057688,0.014374816790223122
55,CCC(=O)c1ccc2cc(F)ccc2c1,20,15,c,0.002582917455583811,0.02761467546224594
55,CCC(=O)c1ccc2cc(F)ccc2c1,21,21,2,0.006426879204809666,0.05680449679493904
55,CCC(=O)c1ccc2cc(F)ccc2c1,22,15,c,0.0016299118287861347,0.016204552724957466
55,CCC(=O)c1ccc2cc(F)ccc2c1,23,20,1,0.0011420571245253086,0.013747604563832283
55,CCC(=O)c1ccc2cc(F)ccc2c1,24,13,[SEP],0.11567014455795288,0.3758322596549988
56,Cc1[nH]c2ccc(F)cc2c1CCCN1CCN(c2ccccc2)CC1,0,16,C,0.0015564734349027276,0.01734173856675625
56,Cc1[nH]c2ccc(F)cc2c1CCCN1CCN(c2ccccc2)CC1,1,15,c,0.003982130438089371,0.039503127336502075
56,Cc1[nH]c2ccc(F)cc2c1CCCN1CCN(c2ccccc2)CC1,2,20,1,0.0008494203793816268,0.01074110809713602
56,Cc1[nH]c2ccc(F)cc2c1CCCN1CCN(c2ccccc2)CC1,3,40,[nH],0.4310031235218048,0.5912433862686157
56,Cc1[nH]c2ccc(F)cc2c1CCCN1CCN(c2ccccc2)CC1,4,15,c,0.0029060104861855507,0.025717739015817642
56,Cc1[nH]c2ccc(F)cc2c1CCCN1CCN(c2ccccc2)CC1,5,21,2,0.3185611069202423,0.8209355473518372
56,Cc1[nH]c2ccc(F)cc2c1CCCN1CCN(c2ccccc2)CC1,6,15,c,0.0018705283291637897,0.019218938425183296
56,Cc1[nH]c2ccc(F)cc2c1CCCN1CCN(c2ccccc2)CC1,7,15,c,0.20618775486946106,0.5311143398284912
56,Cc1[nH]c2ccc(F)cc2c1CCCN1CCN(c2ccccc2)CC1,8,15,c,0.03200976550579071,0.17350241541862488
56,Cc1[nH]c2ccc(F)cc2c1CCCN1CCN(c2ccccc2)CC1,9,17,(,0.26652947068214417,0.48195403814315796
56,Cc1[nH]c2ccc(F)cc2c1CCCN1CCN(c2ccccc2)CC1,10,27,F,0.02034357376396656,0.1463342010974884
56,Cc1[nH]c2ccc(F)cc2c1CCCN1CCN(c2ccccc2)CC1,11,18,),0.0006799061084166169,0.008784151636064053
56,Cc1[nH]c2ccc(F)cc2c1CCCN1CCN(c2ccccc2)CC1,12,15,c,0.0012192365247756243,0.013133188709616661
56,Cc1[nH]c2ccc(F)cc2c1CCCN1CCN(c2ccccc2)CC1,13,15,c,0.0057344273664057255,0.05331282690167427
56,Cc1[nH]c2ccc(F)cc2c1CCCN1CCN(c2ccccc2)CC1,14,21,2,0.0029440459329634905,0.030998503789305687
56,Cc1[nH]c2ccc(F)cc2c1CCCN1CCN(c2ccccc2)CC1,15,15,c,0.0010389202507212758,0.012006854638457298
56,Cc1[nH]c2ccc(F)cc2c1CCCN1CCN(c2ccccc2)CC1,16,20,1,0.008952293545007706,0.07522010058164597
56,Cc1[nH]c2ccc(F)cc2c1CCCN1CCN(c2ccccc2)CC1,17,16,C,0.016100820153951645,0.12526123225688934
56,Cc1[nH]c2ccc(F)cc2c1CCCN1CCN(c2ccccc2)CC1,18,16,C,0.02575136162340641,0.1662580370903015
56,Cc1[nH]c2ccc(F)cc2c1CCCN1CCN(c2ccccc2)CC1,19,16,C,0.048476435244083405,0.23543286323547363
56,Cc1[nH]c2ccc(F)cc2c1CCCN1CCN(c2ccccc2)CC1,20,23,N,0.014691699296236038,0.11540838330984116
56,Cc1[nH]c2ccc(F)cc2c1CCCN1CCN(c2ccccc2)CC1,21,20,1,0.06244036182761192,0.2930387854576111
56,Cc1[nH]c2ccc(F)cc2c1CCCN1CCN(c2ccccc2)CC1,22,16,C,0.011598587036132812,0.08640343695878983
56,Cc1[nH]c2ccc(F)cc2c1CCCN1CCN(c2ccccc2)CC1,23,16,C,0.0023464804980903864,0.023686841130256653
56,Cc1[nH]c2ccc(F)cc2c1CCCN1CCN(c2ccccc2)CC1,24,23,N,0.0018966232892125845,0.02162688598036766
56,Cc1[nH]c2ccc(F)cc2c1CCCN1CCN(c2ccccc2)CC1,25,17,(,0.005251035559922457,0.04920902103185654
56,Cc1[nH]c2ccc(F)cc2c1CCCN1CCN(c2ccccc2)CC1,26,15,c,0.0037258539814502,0.03508565574884415
56,Cc1[nH]c2ccc(F)cc2c1CCCN1CCN(c2ccccc2)CC1,27,21,2,0.0018721247324720025,0.021749407052993774
56,Cc1[nH]c2ccc(F)cc2c1CCCN1CCN(c2ccccc2)CC1,28,15,c,0.0009344101417809725,0.010819337330758572
56,Cc1[nH]c2ccc(F)cc2c1CCCN1CCN(c2ccccc2)CC1,29,15,c,0.001179839950054884,0.01327718049287796
56,Cc1[nH]c2ccc(F)cc2c1CCCN1CCN(c2ccccc2)CC1,30,15,c,0.006045686546713114,0.050986964255571365
56,Cc1[nH]c2ccc(F)cc2c1CCCN1CCN(c2ccccc2)CC1,31,15,c,0.0015436502872034907,0.015848148614168167
56,Cc1[nH]c2ccc(F)cc2c1CCCN1CCN(c2ccccc2)CC1,32,15,c,0.002154565416276455,0.01917334645986557
56,Cc1[nH]c2ccc(F)cc2c1CCCN1CCN(c2ccccc2)CC1,33,21,2,0.0009280293015763164,0.011391820386052132
56,Cc1[nH]c2ccc(F)cc2c1CCCN1CCN(c2ccccc2)CC1,34,18,),0.0015682921512052417,0.018353154882788658
56,Cc1[nH]c2ccc(F)cc2c1CCCN1CCN(c2ccccc2)CC1,35,16,C,0.0015986982034519315,0.017581796273589134
56,Cc1[nH]c2ccc(F)cc2c1CCCN1CCN(c2ccccc2)CC1,36,16,C,0.0011561070568859577,0.013422339223325253
56,Cc1[nH]c2ccc(F)cc2c1CCCN1CCN(c2ccccc2)CC1,37,20,1,0.0036292471922934055,0.03615235164761543
56,Cc1[nH]c2ccc(F)cc2c1CCCN1CCN(c2ccccc2)CC1,38,13,[SEP],0.0018841444980353117,0.018781494349241257
57,CNc1noc2ccc(COc3ccc(-c4cc(F)c(F)cc4OC)cc3)cc12,0,16,C,0.0012216648319736123,0.014389929361641407
57,CNc1noc2ccc(COc3ccc(-c4cc(F)c(F)cc4OC)cc3)cc12,1,23,N,0.0021232329308986664,0.023440713062882423
57,CNc1noc2ccc(COc3ccc(-c4cc(F)c(F)cc4OC)cc3)cc12,2,15,c,0.1290215104818344,0.5606304407119751
57,CNc1noc2ccc(COc3ccc(-c4cc(F)c(F)cc4OC)cc3)cc12,3,20,1,0.0010024496586993337,0.012113829143345356
57,CNc1noc2ccc(COc3ccc(-c4cc(F)c(F)cc4OC)cc3)cc12,4,25,n,0.4804475009441376,0.6005861163139343
57,CNc1noc2ccc(COc3ccc(-c4cc(F)c(F)cc4OC)cc3)cc12,5,44,o,0.35145074129104614,0.7520722150802612
57,CNc1noc2ccc(COc3ccc(-c4cc(F)c(F)cc4OC)cc3)cc12,6,15,c,0.001991493860259652,0.021458176895976067
57,CNc1noc2ccc(COc3ccc(-c4cc(F)c(F)cc4OC)cc3)cc12,7,21,2,0.05780668929219246,0.26269611716270447
57,CNc1noc2ccc(COc3ccc(-c4cc(F)c(F)cc4OC)cc3)cc12,8,15,c,0.002438770839944482,0.024522898718714714
57,CNc1noc2ccc(COc3ccc(-c4cc(F)c(F)cc4OC)cc3)cc12,9,15,c,0.5118011236190796,0.48773008584976196
57,CNc1noc2ccc(COc3ccc(-c4cc(F)c(F)cc4OC)cc3)cc12,10,15,c,0.23797065019607544,0.5026383399963379
57,CNc1noc2ccc(COc3ccc(-c4cc(F)c(F)cc4OC)cc3)cc12,11,17,(,0.24674925208091736,0.5661450624465942
57,CNc1noc2ccc(COc3ccc(-c4cc(F)c(F)cc4OC)cc3)cc12,12,16,C,1.1841248273849487,0.5933452248573303
57,CNc1noc2ccc(COc3ccc(-c4cc(F)c(F)cc4OC)cc3)cc12,13,19,O,0.004192031919956207,0.04134872928261757
57,CNc1noc2ccc(COc3ccc(-c4cc(F)c(F)cc4OC)cc3)cc12,14,15,c,0.00912933237850666,0.07618141919374466
57,CNc1noc2ccc(COc3ccc(-c4cc(F)c(F)cc4OC)cc3)cc12,15,26,3,0.002038762904703617,0.02391008660197258
57,CNc1noc2ccc(COc3ccc(-c4cc(F)c(F)cc4OC)cc3)cc12,16,15,c,0.0008589298813603818,0.009932437911629677
57,CNc1noc2ccc(COc3ccc(-c4cc(F)c(F)cc4OC)cc3)cc12,17,15,c,0.01834031194448471,0.10791727155447006
57,CNc1noc2ccc(COc3ccc(-c4cc(F)c(F)cc4OC)cc3)cc12,18,17,(,0.664870023727417,0.1344054937362671
57,CNc1noc2ccc(COc3ccc(-c4cc(F)c(F)cc4OC)cc3)cc12,19,27,F,0.034018099308013916,0.22312210500240326
57,CNc1noc2ccc(COc3ccc(-c4cc(F)c(F)cc4OC)cc3)cc12,20,18,),0.0006147510139271617,0.008029730059206486
57,CNc1noc2ccc(COc3ccc(-c4cc(F)c(F)cc4OC)cc3)cc12,21,15,c,0.0008206884958781302,0.009946308098733425
57,CNc1noc2ccc(COc3ccc(-c4cc(F)c(F)cc4OC)cc3)cc12,22,17,(,0.163621187210083,0.4340289533138275
57,CNc1noc2ccc(COc3ccc(-c4cc(F)c(F)cc4OC)cc3)cc12,23,31,-,0.15461452305316925,0.652234673500061
57,CNc1noc2ccc(COc3ccc(-c4cc(F)c(F)cc4OC)cc3)cc12,24,15,c,0.0010709509951993823,0.012732679024338722
57,CNc1noc2ccc(COc3ccc(-c4cc(F)c(F)cc4OC)cc3)cc12,25,32,4,0.002650707494467497,0.030997052788734436
57,CNc1noc2ccc(COc3ccc(-c4cc(F)c(F)cc4OC)cc3)cc12,26,15,c,0.0013721780851483345,0.015056239441037178
57,CNc1noc2ccc(COc3ccc(-c4cc(F)c(F)cc4OC)cc3)cc12,27,15,c,0.0029365140944719315,0.02732277102768421
57,CNc1noc2ccc(COc3ccc(-c4cc(F)c(F)cc4OC)cc3)cc12,28,15,c,0.08513747900724411,0.38236066699028015
57,CNc1noc2ccc(COc3ccc(-c4cc(F)c(F)cc4OC)cc3)cc12,29,17,(,0.012056000530719757,0.09258890151977539
57,CNc1noc2ccc(COc3ccc(-c4cc(F)c(F)cc4OC)cc3)cc12,30,19,O,0.25825145840644836,0.526619553565979
57,CNc1noc2ccc(COc3ccc(-c4cc(F)c(F)cc4OC)cc3)cc12,31,16,C,0.008263258263468742,0.07456550002098083
57,CNc1noc2ccc(COc3ccc(-c4cc(F)c(F)cc4OC)cc3)cc12,32,18,),0.0040480163879692554,0.04086512327194214
57,CNc1noc2ccc(COc3ccc(-c4cc(F)c(F)cc4OC)cc3)cc12,33,15,c,0.00664512487128377,0.046225447207689285
57,CNc1noc2ccc(COc3ccc(-c4cc(F)c(F)cc4OC)cc3)cc12,34,15,c,0.45429837703704834,0.504892885684967
57,CNc1noc2ccc(COc3ccc(-c4cc(F)c(F)cc4OC)cc3)cc12,35,32,4,0.0061567118391394615,0.04696379974484444
57,CNc1noc2ccc(COc3ccc(-c4cc(F)c(F)cc4OC)cc3)cc12,36,18,),0.2554040551185608,0.5199213027954102
57,CNc1noc2ccc(COc3ccc(-c4cc(F)c(F)cc4OC)cc3)cc12,37,15,c,0.0025966402608901262,0.022937826812267303
57,CNc1noc2ccc(COc3ccc(-c4cc(F)c(F)cc4OC)cc3)cc12,38,15,c,0.07115788757801056,0.3272452652454376
57,CNc1noc2ccc(COc3ccc(-c4cc(F)c(F)cc4OC)cc3)cc12,39,26,3,0.01225311029702425,0.09279944747686386
57,CNc1noc2ccc(COc3ccc(-c4cc(F)c(F)cc4OC)cc3)cc12,40,27,F,0.014975953847169876,0.1055079996585846
57,CNc1noc2ccc(COc3ccc(-c4cc(F)c(F)cc4OC)cc3)cc12,41,18,),0.0005649991217069328,0.00756533769890666
57,CNc1noc2ccc(COc3ccc(-c4cc(F)c(F)cc4OC)cc3)cc12,42,15,c,0.025619151070713997,0.13588501513004303
57,CNc1noc2ccc(COc3ccc(-c4cc(F)c(F)cc4OC)cc3)cc12,43,15,c,0.015491888858377934,0.09336351603269577
57,CNc1noc2ccc(COc3ccc(-c4cc(F)c(F)cc4OC)cc3)cc12,44,20,1,0.006148787215352058,0.058739401400089264
57,CNc1noc2ccc(COc3ccc(-c4cc(F)c(F)cc4OC)cc3)cc12,45,21,2,0.0017514728242531419,0.020417530089616776
57,CNc1noc2ccc(COc3ccc(-c4cc(F)c(F)cc4OC)cc3)cc12,46,13,[SEP],0.0010325489565730095,0.01150437444448471
58,[N-]=[N+]=N[C@H](C(=O)N1C(=O)OC[C@@H]1Cc1ccccc1)C(c1cc(F)cc(F)c1)C(F)(F)F,0,61,[N-],0.8520341515541077,1.9062050580978394
58,[N-]=[N+]=N[C@H](C(=O)N1C(=O)OC[C@@H]1Cc1ccccc1)C(c1cc(F)cc(F)c1)C(F)(F)F,1,22,=,0.30133187770843506,1.1359424591064453
58,[N-]=[N+]=N[C@H](C(=O)N1C(=O)OC[C@@H]1Cc1ccccc1)C(c1cc(F)cc(F)c1)C(F)(F)F,2,41,[N+],0.014295384287834167,0.13280361890792847
58,[N-]=[N+]=N[C@H](C(=O)N1C(=O)OC[C@@H]1Cc1ccccc1)C(c1cc(F)cc(F)c1)C(F)(F)F,3,22,=,0.007002986967563629,0.06572644412517548
58,[N-]=[N+]=N[C@H](C(=O)N1C(=O)OC[C@@H]1Cc1ccccc1)C(c1cc(F)cc(F)c1)C(F)(F)F,4,23,N,0.9613555669784546,1.4465746879577637
58,[N-]=[N+]=N[C@H](C(=O)N1C(=O)OC[C@@H]1Cc1ccccc1)C(c1cc(F)cc(F)c1)C(F)(F)F,5,16,C,1.1218689680099487,0.20609800517559052
58,[N-]=[N+]=N[C@H](C(=O)N1C(=O)OC[C@@H]1Cc1ccccc1)C(c1cc(F)cc(F)c1)C(F)(F)F,6,35,[C@@H],0.992047131061554,0.7634422779083252
58,[N-]=[N+]=N[C@H](C(=O)N1C(=O)OC[C@@H]1Cc1ccccc1)C(c1cc(F)cc(F)c1)C(F)(F)F,7,17,(,0.17154917120933533,0.5388345122337341
58,[N-]=[N+]=N[C@H](C(=O)N1C(=O)OC[C@@H]1Cc1ccccc1)C(c1cc(F)cc(F)c1)C(F)(F)F,8,15,c,0.9508950114250183,0.9148837924003601
58,[N-]=[N+]=N[C@H](C(=O)N1C(=O)OC[C@@H]1Cc1ccccc1)C(c1cc(F)cc(F)c1)C(F)(F)F,9,20,1,0.0015615976881235838,0.015661515295505524
58,[N-]=[N+]=N[C@H](C(=O)N1C(=O)OC[C@@H]1Cc1ccccc1)C(c1cc(F)cc(F)c1)C(F)(F)F,10,15,c,0.003363650292158127,0.02982853166759014
58,[N-]=[N+]=N[C@H](C(=O)N1C(=O)OC[C@@H]1Cc1ccccc1)C(c1cc(F)cc(F)c1)C(F)(F)F,11,15,c,0.020534059032797813,0.11980181932449341
58,[N-]=[N+]=N[C@H](C(=O)N1C(=O)OC[C@@H]1Cc1ccccc1)C(c1cc(F)cc(F)c1)C(F)(F)F,12,15,c,0.5938202738761902,0.3080272376537323
58,[N-]=[N+]=N[C@H](C(=O)N1C(=O)OC[C@@H]1Cc1ccccc1)C(c1cc(F)cc(F)c1)C(F)(F)F,13,15,c,0.048910465091466904,0.2243354469537735
58,[N-]=[N+]=N[C@H](C(=O)N1C(=O)OC[C@@H]1Cc1ccccc1)C(c1cc(F)cc(F)c1)C(F)(F)F,14,15,c,0.13697287440299988,0.399944931268692
58,[N-]=[N+]=N[C@H](C(=O)N1C(=O)OC[C@@H]1Cc1ccccc1)C(c1cc(F)cc(F)c1)C(F)(F)F,15,20,1,0.002577848033979535,0.027130022644996643
58,[N-]=[N+]=N[C@H](C(=O)N1C(=O)OC[C@@H]1Cc1ccccc1)C(c1cc(F)cc(F)c1)C(F)(F)F,16,18,),0.014814300462603569,0.10729918628931046
58,[N-]=[N+]=N[C@H](C(=O)N1C(=O)OC[C@@H]1Cc1ccccc1)C(c1cc(F)cc(F)c1)C(F)(F)F,17,35,[C@@H],1.0508663654327393,0.7553269863128662
58,[N-]=[N+]=N[C@H](C(=O)N1C(=O)OC[C@@H]1Cc1ccccc1)C(c1cc(F)cc(F)c1)C(F)(F)F,18,17,(,0.1725715547800064,0.45693710446357727
58,[N-]=[N+]=N[C@H](C(=O)N1C(=O)OC[C@@H]1Cc1ccccc1)C(c1cc(F)cc(F)c1)C(F)(F)F,19,16,C,0.9255015850067139,0.8721263408660889
58,[N-]=[N+]=N[C@H](C(=O)N1C(=O)OC[C@@H]1Cc1ccccc1)C(c1cc(F)cc(F)c1)C(F)(F)F,20,17,(,1.4471948146820068,0.8804129958152771
58,[N-]=[N+]=N[C@H](C(=O)N1C(=O)OC[C@@H]1Cc1ccccc1)C(c1cc(F)cc(F)c1)C(F)(F)F,21,22,=,0.24977365136146545,0.8931582570075989
58,[N-]=[N+]=N[C@H](C(=O)N1C(=O)OC[C@@H]1Cc1ccccc1)C(c1cc(F)cc(F)c1)C(F)(F)F,22,19,O,0.008929407224059105,0.06750516593456268
58,[N-]=[N+]=N[C@H](C(=O)N1C(=O)OC[C@@H]1Cc1ccccc1)C(c1cc(F)cc(F)c1)C(F)(F)F,23,18,),0.0005666795768775046,0.007449900731444359
58,[N-]=[N+]=N[C@H](C(=O)N1C(=O)OC[C@@H]1Cc1ccccc1)C(c1cc(F)cc(F)c1)C(F)(F)F,24,23,N,0.27282002568244934,0.7657202482223511
58,[N-]=[N+]=N[C@H](C(=O)N1C(=O)OC[C@@H]1Cc1ccccc1)C(c1cc(F)cc(F)c1)C(F)(F)F,25,20,1,0.021523358300328255,0.14178353548049927
58,[N-]=[N+]=N[C@H](C(=O)N1C(=O)OC[C@@H]1Cc1ccccc1)C(c1cc(F)cc(F)c1)C(F)(F)F,26,16,C,0.05946934223175049,0.2866595387458801
58,[N-]=[N+]=N[C@H](C(=O)N1C(=O)OC[C@@H]1Cc1ccccc1)C(c1cc(F)cc(F)c1)C(F)(F)F,27,17,(,0.3965614438056946,1.1272194385528564
58,[N-]=[N+]=N[C@H](C(=O)N1C(=O)OC[C@@H]1Cc1ccccc1)C(c1cc(F)cc(F)c1)C(F)(F)F,28,22,=,0.09144974499940872,0.469343900680542
58,[N-]=[N+]=N[C@H](C(=O)N1C(=O)OC[C@@H]1Cc1ccccc1)C(c1cc(F)cc(F)c1)C(F)(F)F,29,19,O,0.0032875104807317257,0.031065944582223892
58,[N-]=[N+]=N[C@H](C(=O)N1C(=O)OC[C@@H]1Cc1ccccc1)C(c1cc(F)cc(F)c1)C(F)(F)F,30,18,),0.0005584658938460052,0.007385880686342716
58,[N-]=[N+]=N[C@H](C(=O)N1C(=O)OC[C@@H]1Cc1ccccc1)C(c1cc(F)cc(F)c1)C(F)(F)F,31,19,O,0.19708292186260223,0.7627125382423401
58,[N-]=[N+]=N[C@H](C(=O)N1C(=O)OC[C@@H]1Cc1ccccc1)C(c1cc(F)cc(F)c1)C(F)(F)F,32,16,C,0.02786961756646633,0.205326110124588
58,[N-]=[N+]=N[C@H](C(=O)N1C(=O)OC[C@@H]1Cc1ccccc1)C(c1cc(F)cc(F)c1)C(F)(F)F,33,35,[C@@H],0.7791557312011719,0.2987368106842041
58,[N-]=[N+]=N[C@H](C(=O)N1C(=O)OC[C@@H]1Cc1ccccc1)C(c1cc(F)cc(F)c1)C(F)(F)F,34,20,1,0.06466317921876907,0.30638495087623596
58,[N-]=[N+]=N[C@H](C(=O)N1C(=O)OC[C@@H]1Cc1ccccc1)C(c1cc(F)cc(F)c1)C(F)(F)F,35,16,C,0.09887363016605377,0.44152337312698364
58,[N-]=[N+]=N[C@H](C(=O)N1C(=O)OC[C@@H]1Cc1ccccc1)C(c1cc(F)cc(F)c1)C(F)(F)F,36,17,(,0.19381853938102722,0.5943326950073242
58,[N-]=[N+]=N[C@H](C(=O)N1C(=O)OC[C@@H]1Cc1ccccc1)C(c1cc(F)cc(F)c1)C(F)(F)F,37,27,F,0.019347665831446648,0.14988359808921814
58,[N-]=[N+]=N[C@H](C(=O)N1C(=O)OC[C@@H]1Cc1ccccc1)C(c1cc(F)cc(F)c1)C(F)(F)F,38,18,),0.0006547434022650123,0.00842956081032753
58,[N-]=[N+]=N[C@H](C(=O)N1C(=O)OC[C@@H]1Cc1ccccc1)C(c1cc(F)cc(F)c1)C(F)(F)F,39,17,(,0.05555008351802826,0.28305718302726746
58,[N-]=[N+]=N[C@H](C(=O)N1C(=O)OC[C@@H]1Cc1ccccc1)C(c1cc(F)cc(F)c1)C(F)(F)F,40,27,F,0.0028880364261567593,0.031243158504366875
58,[N-]=[N+]=N[C@H](C(=O)N1C(=O)OC[C@@H]1Cc1ccccc1)C(c1cc(F)cc(F)c1)C(F)(F)F,41,18,),0.000499139481689781,0.006712164729833603
58,[N-]=[N+]=N[C@H](C(=O)N1C(=O)OC[C@@H]1Cc1ccccc1)C(c1cc(F)cc(F)c1)C(F)(F)F,42,27,F,0.3268865644931793,0.8624340891838074
58,[N-]=[N+]=N[C@H](C(=O)N1C(=O)OC[C@@H]1Cc1ccccc1)C(c1cc(F)cc(F)c1)C(F)(F)F,43,18,),0.0005105159943923354,0.00683845579624176
58,[N-]=[N+]=N[C@H](C(=O)N1C(=O)OC[C@@H]1Cc1ccccc1)C(c1cc(F)cc(F)c1)C(F)(F)F,44,33,[C@H],1.1618332862854004,0.8079978227615356
58,[N-]=[N+]=N[C@H](C(=O)N1C(=O)OC[C@@H]1Cc1ccccc1)C(c1cc(F)cc(F)c1)C(F)(F)F,45,17,(,0.09897230565547943,0.3853268623352051
58,[N-]=[N+]=N[C@H](C(=O)N1C(=O)OC[C@@H]1Cc1ccccc1)C(c1cc(F)cc(F)c1)C(F)(F)F,46,27,F,1.1976736783981323,1.1562066078186035
58,[N-]=[N+]=N[C@H](C(=O)N1C(=O)OC[C@@H]1Cc1ccccc1)C(c1cc(F)cc(F)c1)C(F)(F)F,47,18,),0.0004939038772135973,0.006641962565481663
58,[N-]=[N+]=N[C@H](C(=O)N1C(=O)OC[C@@H]1Cc1ccccc1)C(c1cc(F)cc(F)c1)C(F)(F)F,48,16,C,0.22776909172534943,0.6185823678970337
58,[N-]=[N+]=N[C@H](C(=O)N1C(=O)OC[C@@H]1Cc1ccccc1)C(c1cc(F)cc(F)c1)C(F)(F)F,49,15,c,1.7532150745391846,1.652165412902832
58,[N-]=[N+]=N[C@H](C(=O)N1C(=O)OC[C@@H]1Cc1ccccc1)C(c1cc(F)cc(F)c1)C(F)(F)F,50,20,1,0.0035236827097833157,0.029545901343226433
58,[N-]=[N+]=N[C@H](C(=O)N1C(=O)OC[C@@H]1Cc1ccccc1)C(c1cc(F)cc(F)c1)C(F)(F)F,51,15,c,0.003285517916083336,0.02809962071478367
58,[N-]=[N+]=N[C@H](C(=O)N1C(=O)OC[C@@H]1Cc1ccccc1)C(c1cc(F)cc(F)c1)C(F)(F)F,52,15,c,0.027628807350993156,0.18572556972503662
58,[N-]=[N+]=N[C@H](C(=O)N1C(=O)OC[C@@H]1Cc1ccccc1)C(c1cc(F)cc(F)c1)C(F)(F)F,53,17,(,0.0756319984793663,0.37578240036964417
58,[N-]=[N+]=N[C@H](C(=O)N1C(=O)OC[C@@H]1Cc1ccccc1)C(c1cc(F)cc(F)c1)C(F)(F)F,54,27,F,0.002352022100239992,0.027631578966975212
58,[N-]=[N+]=N[C@H](C(=O)N1C(=O)OC[C@@H]1Cc1ccccc1)C(c1cc(F)cc(F)c1)C(F)(F)F,55,18,),0.0005865690181963146,0.0077402833849191666
58,[N-]=[N+]=N[C@H](C(=O)N1C(=O)OC[C@@H]1Cc1ccccc1)C(c1cc(F)cc(F)c1)C(F)(F)F,56,15,c,0.08275149762630463,0.32346993684768677
58,[N-]=[N+]=N[C@H](C(=O)N1C(=O)OC[C@@H]1Cc1ccccc1)C(c1cc(F)cc(F)c1)C(F)(F)F,57,15,c,0.009025251492857933,0.07149270176887512
58,[N-]=[N+]=N[C@H](C(=O)N1C(=O)OC[C@@H]1Cc1ccccc1)C(c1cc(F)cc(F)c1)C(F)(F)F,58,17,(,0.07698415964841843,0.4261549413204193
58,[N-]=[N+]=N[C@H](C(=O)N1C(=O)OC[C@@H]1Cc1ccccc1)C(c1cc(F)cc(F)c1)C(F)(F)F,59,27,F,0.16437868773937225,0.8771951198577881
58,[N-]=[N+]=N[C@H](C(=O)N1C(=O)OC[C@@H]1Cc1ccccc1)C(c1cc(F)cc(F)c1)C(F)(F)F,60,18,),0.0007939879433251917,0.010138090699911118
58,[N-]=[N+]=N[C@H](C(=O)N1C(=O)OC[C@@H]1Cc1ccccc1)C(c1cc(F)cc(F)c1)C(F)(F)F,61,15,c,0.09288016706705093,0.3120748698711395
58,[N-]=[N+]=N[C@H](C(=O)N1C(=O)OC[C@@H]1Cc1ccccc1)C(c1cc(F)cc(F)c1)C(F)(F)F,62,20,1,0.012932504527270794,0.09688001871109009
58,[N-]=[N+]=N[C@H](C(=O)N1C(=O)OC[C@@H]1Cc1ccccc1)C(c1cc(F)cc(F)c1)C(F)(F)F,63,13,[SEP],0.01059476938098669,0.09813209623098373
59,CN(C(=O)OC(C)(C)C)c1ccc(C(=O)O)cc1,0,16,C,0.0013120440999045968,0.014998107217252254
59,CN(C(=O)OC(C)(C)C)c1ccc(C(=O)O)cc1,1,23,N,0.056669630110263824,0.327086478471756
59,CN(C(=O)OC(C)(C)C)c1ccc(C(=O)O)cc1,2,17,(,0.004317096434533596,0.041293490678071976
59,CN(C(=O)OC(C)(C)C)c1ccc(C(=O)O)cc1,3,16,C,0.7083921432495117,0.24633049964904785
59,CN(C(=O)OC(C)(C)C)c1ccc(C(=O)O)cc1,4,17,(,0.03521420434117317,0.18722856044769287
59,CN(C(=O)OC(C)(C)C)c1ccc(C(=O)O)cc1,5,22,=,0.005284088663756847,0.0430942177772522
59,CN(C(=O)OC(C)(C)C)c1ccc(C(=O)O)cc1,6,19,O,0.001323129516094923,0.014833617024123669
59,CN(C(=O)OC(C)(C)C)c1ccc(C(=O)O)cc1,7,18,),0.0005238320445641875,0.0070110191591084
59,CN(C(=O)OC(C)(C)C)c1ccc(C(=O)O)cc1,8,19,O,0.01252925954759121,0.09208860993385315
59,CN(C(=O)OC(C)(C)C)c1ccc(C(=O)O)cc1,9,16,C,0.6739174723625183,0.45165807008743286
59,CN(C(=O)OC(C)(C)C)c1ccc(C(=O)O)cc1,10,17,(,0.005355211906135082,0.04898415505886078
59,CN(C(=O)OC(C)(C)C)c1ccc(C(=O)O)cc1,11,16,C,0.004336264915764332,0.038852520287036896
59,CN(C(=O)OC(C)(C)C)c1ccc(C(=O)O)cc1,12,18,),0.0006552887498401105,0.008611064404249191
59,CN(C(=O)OC(C)(C)C)c1ccc(C(=O)O)cc1,13,17,(,0.002188500016927719,0.02268490381538868
59,CN(C(=O)OC(C)(C)C)c1ccc(C(=O)O)cc1,14,16,C,0.0009427964105270803,0.011234451085329056
59,CN(C(=O)OC(C)(C)C)c1ccc(C(=O)O)cc1,15,18,),0.0005642924807034433,0.007541002240031958
59,CN(C(=O)OC(C)(C)C)c1ccc(C(=O)O)cc1,16,16,C,0.0010127016576007009,0.011975092813372612
59,CN(C(=O)OC(C)(C)C)c1ccc(C(=O)O)cc1,17,18,),0.0006465957267209888,0.008489791303873062
59,CN(C(=O)OC(C)(C)C)c1ccc(C(=O)O)cc1,18,15,c,0.0024229916743934155,0.02457367815077305
59,CN(C(=O)OC(C)(C)C)c1ccc(C(=O)O)cc1,19,20,1,0.0025541551876813173,0.026768725365400314
59,CN(C(=O)OC(C)(C)C)c1ccc(C(=O)O)cc1,20,15,c,0.0006554570281878114,0.008070830255746841
59,CN(C(=O)OC(C)(C)C)c1ccc(C(=O)O)cc1,21,15,c,0.0014431183226406574,0.01622800901532173
59,CN(C(=O)OC(C)(C)C)c1ccc(C(=O)O)cc1,22,15,c,0.00504301767796278,0.04290865361690521
59,CN(C(=O)OC(C)(C)C)c1ccc(C(=O)O)cc1,23,17,(,0.04341200739145279,0.1968347281217575
59,CN(C(=O)OC(C)(C)C)c1ccc(C(=O)O)cc1,24,16,C,0.026527797803282738,0.20854131877422333
59,CN(C(=O)OC(C)(C)C)c1ccc(C(=O)O)cc1,25,17,(,0.6346381306648254,0.28008997440338135
59,CN(C(=O)OC(C)(C)C)c1ccc(C(=O)O)cc1,26,22,=,0.05867146700620651,0.33494529128074646
59,CN(C(=O)OC(C)(C)C)c1ccc(C(=O)O)cc1,27,19,O,0.0028410349041223526,0.030093412846326828
59,CN(C(=O)OC(C)(C)C)c1ccc(C(=O)O)cc1,28,18,),0.0005830240552313626,0.007815464399755001
59,CN(C(=O)OC(C)(C)C)c1ccc(C(=O)O)cc1,29,19,O,0.9012452960014343,1.5784298181533813
59,CN(C(=O)OC(C)(C)C)c1ccc(C(=O)O)cc1,30,18,),0.0013835947029292583,0.016924407333135605
59,CN(C(=O)OC(C)(C)C)c1ccc(C(=O)O)cc1,31,15,c,0.0028396027628332376,0.02744194120168686
59,CN(C(=O)OC(C)(C)C)c1ccc(C(=O)O)cc1,32,15,c,0.005612803623080254,0.04877577722072601
59,CN(C(=O)OC(C)(C)C)c1ccc(C(=O)O)cc1,33,20,1,0.0018495905678719282,0.0205808337777853
59,CN(C(=O)OC(C)(C)C)c1ccc(C(=O)O)cc1,34,13,[SEP],0.0021135262213647366,0.021571138873696327
60,CCCCCC(CO)c1ccc2c(c1)N(C(=O)OC(C)(C)C)CCC2(C)C,0,16,C,0.0011417369823902845,0.013525664806365967
60,CCCCCC(CO)c1ccc2c(c1)N(C(=O)OC(C)(C)C)CCC2(C)C,1,16,C,0.0013807296054437757,0.01566375233232975
60,CCCCCC(CO)c1ccc2c(c1)N(C(=O)OC(C)(C)C)CCC2(C)C,2,16,C,0.001664866809733212,0.01849779672920704
60,CCCCCC(CO)c1ccc2c(c1)N(C(=O)OC(C)(C)C)CCC2(C)C,3,16,C,0.0017154256347566843,0.01811083033680916
60,CCCCCC(CO)c1ccc2c(c1)N(C(=O)OC(C)(C)C)CCC2(C)C,4,16,C,0.005205383524298668,0.04668712988495827
60,CCCCCC(CO)c1ccc2c(c1)N(C(=O)OC(C)(C)C)CCC2(C)C,5,16,C,0.07884786278009415,0.4321729242801666
60,CCCCCC(CO)c1ccc2c(c1)N(C(=O)OC(C)(C)C)CCC2(C)C,6,16,C,1.662400484085083,0.7919373512268066
60,CCCCCC(CO)c1ccc2c(c1)N(C(=O)OC(C)(C)C)CCC2(C)C,7,23,N,1.6070533990859985,0.9243874549865723
60,CCCCCC(CO)c1ccc2c(c1)N(C(=O)OC(C)(C)C)CCC2(C)C,8,20,1,0.4273807108402252,0.5098798274993896
60,CCCCCC(CO)c1ccc2c(c1)N(C(=O)OC(C)(C)C)CCC2(C)C,9,16,C,0.2307397872209549,0.5382681488990784
60,CCCCCC(CO)c1ccc2c(c1)N(C(=O)OC(C)(C)C)CCC2(C)C,10,17,(,0.7796474099159241,0.783415675163269
60,CCCCCC(CO)c1ccc2c(c1)N(C(=O)OC(C)(C)C)CCC2(C)C,11,22,=,0.3790908455848694,0.7185158133506775
60,CCCCCC(CO)c1ccc2c(c1)N(C(=O)OC(C)(C)C)CCC2(C)C,12,19,O,0.010263137519359589,0.06935307383537292
60,CCCCCC(CO)c1ccc2c(c1)N(C(=O)OC(C)(C)C)CCC2(C)C,13,18,),0.0005325953243300319,0.007066900841891766
60,CCCCCC(CO)c1ccc2c(c1)N(C(=O)OC(C)(C)C)CCC2(C)C,14,19,O,0.2912159562110901,0.7049384713172913
60,CCCCCC(CO)c1ccc2c(c1)N(C(=O)OC(C)(C)C)CCC2(C)C,15,16,C,0.005843496415764093,0.0505533330142498
60,CCCCCC(CO)c1ccc2c(c1)N(C(=O)OC(C)(C)C)CCC2(C)C,16,16,C,0.2919137477874756,0.9338394999504089
60,CCCCCC(CO)c1ccc2c(c1)N(C(=O)OC(C)(C)C)CCC2(C)C,17,16,C,0.166876882314682,0.8028558492660522
60,CCCCCC(CO)c1ccc2c(c1)N(C(=O)OC(C)(C)C)CCC2(C)C,18,20,1,0.3210543692111969,0.6182530522346497
60,CCCCCC(CO)c1ccc2c(c1)N(C(=O)OC(C)(C)C)CCC2(C)C,19,17,(,0.12983883917331696,0.5095754265785217
60,CCCCCC(CO)c1ccc2c(c1)N(C(=O)OC(C)(C)C)CCC2(C)C,20,16,C,0.009965636767446995,0.07801297307014465
60,CCCCCC(CO)c1ccc2c(c1)N(C(=O)OC(C)(C)C)CCC2(C)C,21,18,),0.7320102453231812,0.5201574563980103
60,CCCCCC(CO)c1ccc2c(c1)N(C(=O)OC(C)(C)C)CCC2(C)C,22,16,C,0.5861251354217529,0.3061671853065491
60,CCCCCC(CO)c1ccc2c(c1)N(C(=O)OC(C)(C)C)CCC2(C)C,23,18,),0.3474857211112976,0.9887831211090088
60,CCCCCC(CO)c1ccc2c(c1)N(C(=O)OC(C)(C)C)CCC2(C)C,24,15,c,0.00811578519642353,0.05934285372495651
60,CCCCCC(CO)c1ccc2c(c1)N(C(=O)OC(C)(C)C)CCC2(C)C,25,20,1,0.0012733610346913338,0.01400125864893198
60,CCCCCC(CO)c1ccc2c(c1)N(C(=O)OC(C)(C)C)CCC2(C)C,26,15,c,0.00135076476726681,0.01420823484659195
60,CCCCCC(CO)c1ccc2c(c1)N(C(=O)OC(C)(C)C)CCC2(C)C,27,15,c,0.0008340798085555434,0.00950581394135952
60,CCCCCC(CO)c1ccc2c(c1)N(C(=O)OC(C)(C)C)CCC2(C)C,28,15,c,0.03587405011057854,0.16765062510967255
60,CCCCCC(CO)c1ccc2c(c1)N(C(=O)OC(C)(C)C)CCC2(C)C,29,17,(,0.008672383613884449,0.06425115466117859
60,CCCCCC(CO)c1ccc2c(c1)N(C(=O)OC(C)(C)C)CCC2(C)C,30,16,C,0.033584557473659515,0.1961226463317871
60,CCCCCC(CO)c1ccc2c(c1)N(C(=O)OC(C)(C)C)CCC2(C)C,31,17,(,0.011477338150143623,0.08783844858407974
60,CCCCCC(CO)c1ccc2c(c1)N(C(=O)OC(C)(C)C)CCC2(C)C,32,16,C,0.002950842957943678,0.02792341075837612
60,CCCCCC(CO)c1ccc2c(c1)N(C(=O)OC(C)(C)C)CCC2(C)C,33,18,),0.00840958021581173,0.06577897816896439
60,CCCCCC(CO)c1ccc2c(c1)N(C(=O)OC(C)(C)C)CCC2(C)C,34,16,C,0.2899443507194519,0.7087515592575073
60,CCCCCC(CO)c1ccc2c(c1)N(C(=O)OC(C)(C)C)CCC2(C)C,35,18,),0.7382965087890625,0.27564606070518494
60,CCCCCC(CO)c1ccc2c(c1)N(C(=O)OC(C)(C)C)CCC2(C)C,36,15,c,0.0009733412298373878,0.011308779940009117
60,CCCCCC(CO)c1ccc2c(c1)N(C(=O)OC(C)(C)C)CCC2(C)C,37,15,c,0.45823708176612854,0.4637119770050049
60,CCCCCC(CO)c1ccc2c(c1)N(C(=O)OC(C)(C)C)CCC2(C)C,38,20,1,0.001946701086126268,0.02182573266327381
60,CCCCCC(CO)c1ccc2c(c1)N(C(=O)OC(C)(C)C)CCC2(C)C,39,19,O,0.03597597777843475,0.23568764328956604
60,CCCCCC(CO)c1ccc2c(c1)N(C(=O)OC(C)(C)C)CCC2(C)C,40,13,[SEP],0.0053298999555408955,0.04800296947360039
61,CN(C)c1nc(N)nc2c1ncn2Cc1ccccc1Cl,0,16,C,0.00564933568239212,0.047162942588329315
61,CN(C)c1nc(N)nc2c1ncn2Cc1ccccc1Cl,1,23,N,0.009166788309812546,0.08277654647827148
61,CN(C)c1nc(N)nc2c1ncn2Cc1ccccc1Cl,2,17,(,0.7393503189086914,0.8208975195884705
61,CN(C)c1nc(N)nc2c1ncn2Cc1ccccc1Cl,3,16,C,0.009587112814188004,0.07525406032800674
61,CN(C)c1nc(N)nc2c1ncn2Cc1ccccc1Cl,4,18,),0.0031095228623598814,0.031562186777591705
61,CN(C)c1nc(N)nc2c1ncn2Cc1ccccc1Cl,5,15,c,0.01583167165517807,0.10653204470872879
61,CN(C)c1nc(N)nc2c1ncn2Cc1ccccc1Cl,6,20,1,0.0008444630075246096,0.010170595720410347
61,CN(C)c1nc(N)nc2c1ncn2Cc1ccccc1Cl,7,25,n,0.08038424700498581,0.2984496057033539
61,CN(C)c1nc(N)nc2c1ncn2Cc1ccccc1Cl,8,15,c,0.010414566844701767,0.0730242058634758
61,CN(C)c1nc(N)nc2c1ncn2Cc1ccccc1Cl,9,17,(,0.41784054040908813,1.0433088541030884
61,CN(C)c1nc(N)nc2c1ncn2Cc1ccccc1Cl,10,23,N,0.03201254457235336,0.21269500255584717
61,CN(C)c1nc(N)nc2c1ncn2Cc1ccccc1Cl,11,18,),0.0038169713225215673,0.03598456829786301
61,CN(C)c1nc(N)nc2c1ncn2Cc1ccccc1Cl,12,25,n,0.10651152580976486,0.3583036959171295
61,CN(C)c1nc(N)nc2c1ncn2Cc1ccccc1Cl,13,15,c,0.028746778145432472,0.17813342809677124
61,CN(C)c1nc(N)nc2c1ncn2Cc1ccccc1Cl,14,21,2,0.6814391016960144,0.7058842778205872
61,CN(C)c1nc(N)nc2c1ncn2Cc1ccccc1Cl,15,15,c,0.008436944335699081,0.062156666070222855
61,CN(C)c1nc(N)nc2c1ncn2Cc1ccccc1Cl,16,15,c,1.0118318796157837,0.6314846277236938
61,CN(C)c1nc(N)nc2c1ncn2Cc1ccccc1Cl,17,17,(,0.34850454330444336,0.6675814390182495
61,CN(C)c1nc(N)nc2c1ncn2Cc1ccccc1Cl,18,16,C,0.02826649881899357,0.169932022690773
61,CN(C)c1nc(N)nc2c1ncn2Cc1ccccc1Cl,19,15,c,0.18855154514312744,0.7336703538894653
61,CN(C)c1nc(N)nc2c1ncn2Cc1ccccc1Cl,20,26,3,0.006416690535843372,0.06626903265714645
61,CN(C)c1nc(N)nc2c1ncn2Cc1ccccc1Cl,21,15,c,0.0006679635844193399,0.007904821075499058
61,CN(C)c1nc(N)nc2c1ncn2Cc1ccccc1Cl,22,15,c,0.0010034982115030289,0.011196797713637352
61,CN(C)c1nc(N)nc2c1ncn2Cc1ccccc1Cl,23,15,c,0.001717096078209579,0.01808422990143299
61,CN(C)c1nc(N)nc2c1ncn2Cc1ccccc1Cl,24,15,c,0.0030548791401088238,0.0270976684987545
61,CN(C)c1nc(N)nc2c1ncn2Cc1ccccc1Cl,25,15,c,0.006467636674642563,0.04816405847668648
61,CN(C)c1nc(N)nc2c1ncn2Cc1ccccc1Cl,26,26,3,0.006061120890080929,0.06266608089208603
61,CN(C)c1nc(N)nc2c1ncn2Cc1ccccc1Cl,27,28,Cl,0.01071973517537117,0.08861479163169861
61,CN(C)c1nc(N)nc2c1ncn2Cc1ccccc1Cl,28,18,),0.0005560428835451603,0.007397345267236233
61,CN(C)c1nc(N)nc2c1ncn2Cc1ccccc1Cl,29,15,c,0.011613977141678333,0.07901926338672638
61,CN(C)c1nc(N)nc2c1ncn2Cc1ccccc1Cl,30,25,n,0.02507326938211918,0.17172600328922272
61,CN(C)c1nc(N)nc2c1ncn2Cc1ccccc1Cl,31,15,c,0.9867807626724243,0.8544543385505676
61,CN(C)c1nc(N)nc2c1ncn2Cc1ccccc1Cl,32,20,1,0.013029537163674831,0.11836645007133484
61,CN(C)c1nc(N)nc2c1ncn2Cc1ccccc1Cl,33,21,2,0.017080727964639664,0.13574852049350739
61,CN(C)c1nc(N)nc2c1ncn2Cc1ccccc1Cl,34,13,[SEP],0.0010640888940542936,0.011786442250013351
62,C[C@H]1CN(C(=O)OC(C)(C)C)CCN1Cc1cccc(-c2ccnc(Cl)n2)c1,0,16,C,0.0014178003184497356,0.016187487170100212
62,C[C@H]1CN(C(=O)OC(C)(C)C)CCN1Cc1cccc(-c2ccnc(Cl)n2)c1,1,35,[C@@H],1.1031430959701538,0.13291031122207642
62,C[C@H]1CN(C(=O)OC(C)(C)C)CCN1Cc1cccc(-c2ccnc(Cl)n2)c1,2,20,1,0.032687488943338394,0.2044661045074463
62,C[C@H]1CN(C(=O)OC(C)(C)C)CCN1Cc1cccc(-c2ccnc(Cl)n2)c1,3,16,C,0.26510852575302124,0.8707360029220581
62,C[C@H]1CN(C(=O)OC(C)(C)C)CCN1Cc1cccc(-c2ccnc(Cl)n2)c1,4,23,N,0.011537883430719376,0.09544596821069717
62,C[C@H]1CN(C(=O)OC(C)(C)C)CCN1Cc1cccc(-c2ccnc(Cl)n2)c1,5,17,(,0.007978780195116997,0.06696540117263794
62,C[C@H]1CN(C(=O)OC(C)(C)C)CCN1Cc1cccc(-c2ccnc(Cl)n2)c1,6,16,C,0.021072430536150932,0.1323523223400116
62,C[C@H]1CN(C(=O)OC(C)(C)C)CCN1Cc1cccc(-c2ccnc(Cl)n2)c1,7,17,(,0.24031387269496918,0.536940336227417
62,C[C@H]1CN(C(=O)OC(C)(C)C)CCN1Cc1cccc(-c2ccnc(Cl)n2)c1,8,22,=,0.0020126167219132185,0.02093852311372757
62,C[C@H]1CN(C(=O)OC(C)(C)C)CCN1Cc1cccc(-c2ccnc(Cl)n2)c1,9,19,O,0.0026068815495818853,0.024573026224970818
62,C[C@H]1CN(C(=O)OC(C)(C)C)CCN1Cc1cccc(-c2ccnc(Cl)n2)c1,10,18,),0.0005114560481160879,0.006868532858788967
62,C[C@H]1CN(C(=O)OC(C)(C)C)CCN1Cc1cccc(-c2ccnc(Cl)n2)c1,11,19,O,0.3700602352619171,0.6024187803268433
62,C[C@H]1CN(C(=O)OC(C)(C)C)CCN1Cc1cccc(-c2ccnc(Cl)n2)c1,12,16,C,0.0073245856910943985,0.0673726424574852
62,C[C@H]1CN(C(=O)OC(C)(C)C)CCN1Cc1cccc(-c2ccnc(Cl)n2)c1,13,17,(,0.015793440863490105,0.11873538792133331
62,C[C@H]1CN(C(=O)OC(C)(C)C)CCN1Cc1cccc(-c2ccnc(Cl)n2)c1,14,16,C,0.004371487069875002,0.041692040860652924
62,C[C@H]1CN(C(=O)OC(C)(C)C)CCN1Cc1cccc(-c2ccnc(Cl)n2)c1,15,18,),0.0007609595777466893,0.009724272415041924
62,C[C@H]1CN(C(=O)OC(C)(C)C)CCN1Cc1cccc(-c2ccnc(Cl)n2)c1,16,17,(,0.0017462342511862516,0.018499160185456276
62,C[C@H]1CN(C(=O)OC(C)(C)C)CCN1Cc1cccc(-c2ccnc(Cl)n2)c1,17,16,C,0.0010990139562636614,0.012787790969014168
62,C[C@H]1CN(C(=O)OC(C)(C)C)CCN1Cc1cccc(-c2ccnc(Cl)n2)c1,18,18,),0.0005672003608196974,0.007504092063754797
62,C[C@H]1CN(C(=O)OC(C)(C)C)CCN1Cc1cccc(-c2ccnc(Cl)n2)c1,19,16,C,0.001201564446091652,0.01385544054210186
62,C[C@H]1CN(C(=O)OC(C)(C)C)CCN1Cc1cccc(-c2ccnc(Cl)n2)c1,20,18,),0.0009139877511188388,0.01148708164691925
62,C[C@H]1CN(C(=O)OC(C)(C)C)CCN1Cc1cccc(-c2ccnc(Cl)n2)c1,21,16,C,0.002409582491964102,0.024771729484200478
62,C[C@H]1CN(C(=O)OC(C)(C)C)CCN1Cc1cccc(-c2ccnc(Cl)n2)c1,22,16,C,0.009523823857307434,0.07208015024662018
62,C[C@H]1CN(C(=O)OC(C)(C)C)CCN1Cc1cccc(-c2ccnc(Cl)n2)c1,23,23,N,0.00299722864292562,0.03227344527840614
62,C[C@H]1CN(C(=O)OC(C)(C)C)CCN1Cc1cccc(-c2ccnc(Cl)n2)c1,24,20,1,0.018773958086967468,0.12978887557983398
62,C[C@H]1CN(C(=O)OC(C)(C)C)CCN1Cc1cccc(-c2ccnc(Cl)n2)c1,25,16,C,0.012323369272053242,0.09230183809995651
62,C[C@H]1CN(C(=O)OC(C)(C)C)CCN1Cc1cccc(-c2ccnc(Cl)n2)c1,26,15,c,0.0023716436699032784,0.02490292862057686
62,C[C@H]1CN(C(=O)OC(C)(C)C)CCN1Cc1cccc(-c2ccnc(Cl)n2)c1,27,20,1,0.0009341168915852904,0.011745894327759743
62,C[C@H]1CN(C(=O)OC(C)(C)C)CCN1Cc1cccc(-c2ccnc(Cl)n2)c1,28,15,c,0.0013985083205625415,0.014490674249827862
62,C[C@H]1CN(C(=O)OC(C)(C)C)CCN1Cc1cccc(-c2ccnc(Cl)n2)c1,29,15,c,0.0012667207047343254,0.014251128770411015
62,C[C@H]1CN(C(=O)OC(C)(C)C)CCN1Cc1cccc(-c2ccnc(Cl)n2)c1,30,15,c,0.0031371060758829117,0.02863609604537487
62,C[C@H]1CN(C(=O)OC(C)(C)C)CCN1Cc1cccc(-c2ccnc(Cl)n2)c1,31,15,c,0.0014898160006850958,0.015362368896603584
62,C[C@H]1CN(C(=O)OC(C)(C)C)CCN1Cc1cccc(-c2ccnc(Cl)n2)c1,32,17,(,0.001538909855298698,0.016866881400346756
62,C[C@H]1CN(C(=O)OC(C)(C)C)CCN1Cc1cccc(-c2ccnc(Cl)n2)c1,33,31,-,0.0027756420895457268,0.031876690685749054
62,C[C@H]1CN(C(=O)OC(C)(C)C)CCN1Cc1cccc(-c2ccnc(Cl)n2)c1,34,15,c,0.00153968739323318,0.01744948886334896
62,C[C@H]1CN(C(=O)OC(C)(C)C)CCN1Cc1cccc(-c2ccnc(Cl)n2)c1,35,21,2,0.0009154491126537323,0.01168847642838955
62,C[C@H]1CN(C(=O)OC(C)(C)C)CCN1Cc1cccc(-c2ccnc(Cl)n2)c1,36,15,c,0.021485546603798866,0.11377231776714325
62,C[C@H]1CN(C(=O)OC(C)(C)C)CCN1Cc1cccc(-c2ccnc(Cl)n2)c1,37,15,c,0.0014573836233466864,0.016426170244812965
62,C[C@H]1CN(C(=O)OC(C)(C)C)CCN1Cc1cccc(-c2ccnc(Cl)n2)c1,38,25,n,0.0023189964704215527,0.024475935846567154
62,C[C@H]1CN(C(=O)OC(C)(C)C)CCN1Cc1cccc(-c2ccnc(Cl)n2)c1,39,15,c,0.0022363190073519945,0.021138940006494522
62,C[C@H]1CN(C(=O)OC(C)(C)C)CCN1Cc1cccc(-c2ccnc(Cl)n2)c1,40,17,(,0.01024953369051218,0.08127979189157486
62,C[C@H]1CN(C(=O)OC(C)(C)C)CCN1Cc1cccc(-c2ccnc(Cl)n2)c1,41,28,Cl,0.002094920026138425,0.02490260824561119
62,C[C@H]1CN(C(=O)OC(C)(C)C)CCN1Cc1cccc(-c2ccnc(Cl)n2)c1,42,18,),0.0005828291177749634,0.007757400628179312
62,C[C@H]1CN(C(=O)OC(C)(C)C)CCN1Cc1cccc(-c2ccnc(Cl)n2)c1,43,25,n,0.0042368387803435326,0.03696715831756592
62,C[C@H]1CN(C(=O)OC(C)(C)C)CCN1Cc1cccc(-c2ccnc(Cl)n2)c1,44,21,2,0.0008002094109542668,0.009903578087687492
62,C[C@H]1CN(C(=O)OC(C)(C)C)CCN1Cc1cccc(-c2ccnc(Cl)n2)c1,45,18,),0.0006378691759891808,0.008457026444375515
62,C[C@H]1CN(C(=O)OC(C)(C)C)CCN1Cc1cccc(-c2ccnc(Cl)n2)c1,46,15,c,0.041318025439977646,0.1787436157464981
62,C[C@H]1CN(C(=O)OC(C)(C)C)CCN1Cc1cccc(-c2ccnc(Cl)n2)c1,47,20,1,0.0009160498157143593,0.011541150510311127
62,C[C@H]1CN(C(=O)OC(C)(C)C)CCN1Cc1cccc(-c2ccnc(Cl)n2)c1,48,13,[SEP],0.005050094798207283,0.04217749089002609
63,COc1ccc(N2C(=O)Cc3ccccc32)cc1Cl,0,16,C,0.002629725029692054,0.025471534579992294
63,COc1ccc(N2C(=O)Cc3ccccc32)cc1Cl,1,19,O,0.026954639703035355,0.18417128920555115
63,COc1ccc(N2C(=O)Cc3ccccc32)cc1Cl,2,15,c,0.0658121407032013,0.41516226530075073
63,COc1ccc(N2C(=O)Cc3ccccc32)cc1Cl,3,20,1,0.0007998677901923656,0.009767536073923111
63,COc1ccc(N2C(=O)Cc3ccccc32)cc1Cl,4,15,c,0.012017380446195602,0.07579798996448517
63,COc1ccc(N2C(=O)Cc3ccccc32)cc1Cl,5,15,c,0.0034461019095033407,0.03166273981332779
63,COc1ccc(N2C(=O)Cc3ccccc32)cc1Cl,6,15,c,0.009251958690583706,0.07028508186340332
63,COc1ccc(N2C(=O)Cc3ccccc32)cc1Cl,7,17,(,0.3165605068206787,0.5674561858177185
63,COc1ccc(N2C(=O)Cc3ccccc32)cc1Cl,8,23,N,0.7282636165618896,1.3963018655776978
63,COc1ccc(N2C(=O)Cc3ccccc32)cc1Cl,9,21,2,0.16840143501758575,0.6241791248321533
63,COc1ccc(N2C(=O)Cc3ccccc32)cc1Cl,10,16,C,0.058009032160043716,0.3247036039829254
63,COc1ccc(N2C(=O)Cc3ccccc32)cc1Cl,11,17,(,0.6868494153022766,1.5501198768615723
63,COc1ccc(N2C(=O)Cc3ccccc32)cc1Cl,12,22,=,0.022412223741412163,0.15971137583255768
63,COc1ccc(N2C(=O)Cc3ccccc32)cc1Cl,13,19,O,0.0016882759518921375,0.017929067835211754
63,COc1ccc(N2C(=O)Cc3ccccc32)cc1Cl,14,18,),0.0005981886060908437,0.007883569225668907
63,COc1ccc(N2C(=O)Cc3ccccc32)cc1Cl,15,16,C,0.015660472214221954,0.12517014145851135
63,COc1ccc(N2C(=O)Cc3ccccc32)cc1Cl,16,15,c,0.003192703239619732,0.03144147992134094
63,COc1ccc(N2C(=O)Cc3ccccc32)cc1Cl,17,26,3,0.0012763672275468707,0.015689484775066376
63,COc1ccc(N2C(=O)Cc3ccccc32)cc1Cl,18,15,c,0.0007362558972090483,0.008474405854940414
63,COc1ccc(N2C(=O)Cc3ccccc32)cc1Cl,19,15,c,0.0017900248058140278,0.01799551211297512
63,COc1ccc(N2C(=O)Cc3ccccc32)cc1Cl,20,15,c,0.0020732865668833256,0.019710315391421318
63,COc1ccc(N2C(=O)Cc3ccccc32)cc1Cl,21,15,c,0.004337984137237072,0.03518545627593994
63,COc1ccc(N2C(=O)Cc3ccccc32)cc1Cl,22,15,c,0.0031166751869022846,0.025878993794322014
63,COc1ccc(N2C(=O)Cc3ccccc32)cc1Cl,23,26,3,0.002686284249648452,0.030847860500216484
63,COc1ccc(N2C(=O)Cc3ccccc32)cc1Cl,24,21,2,0.004931554198265076,0.050025925040245056
63,COc1ccc(N2C(=O)Cc3ccccc32)cc1Cl,25,18,),0.0013226072769612074,0.015760650858283043
63,COc1ccc(N2C(=O)Cc3ccccc32)cc1Cl,26,15,c,0.003761490574106574,0.030042752623558044
63,COc1ccc(N2C(=O)Cc3ccccc32)cc1Cl,27,15,c,0.07924694567918777,0.3329010009765625
63,COc1ccc(N2C(=O)Cc3ccccc32)cc1Cl,28,20,1,0.0011176264379173517,0.013708217069506645
63,COc1ccc(N2C(=O)Cc3ccccc32)cc1Cl,29,28,Cl,0.02307114563882351,0.1798648238182068
63,COc1ccc(N2C(=O)Cc3ccccc32)cc1Cl,30,13,[SEP],0.00033924455055966973,0.004634822253137827
64,CC(=O)N[C@@H](C)COc1ncc2nc(-c3ccc(OCc4ccccc4)cn3)oc2c1F,0,16,C,0.0018265241524204612,0.020379936322569847
64,CC(=O)N[C@@H](C)COc1ncc2nc(-c3ccc(OCc4ccccc4)cn3)oc2c1F,1,16,C,0.051910847425460815,0.2936152219772339
64,CC(=O)N[C@@H](C)COc1ncc2nc(-c3ccc(OCc4ccccc4)cn3)oc2c1F,2,17,(,0.0032650737557560205,0.03188079223036766
64,CC(=O)N[C@@H](C)COc1ncc2nc(-c3ccc(OCc4ccccc4)cn3)oc2c1F,3,22,=,0.01243188139051199,0.08484294265508652
64,CC(=O)N[C@@H](C)COc1ncc2nc(-c3ccc(OCc4ccccc4)cn3)oc2c1F,4,19,O,0.0011738797184079885,0.01329211425036192
64,CC(=O)N[C@@H](C)COc1ncc2nc(-c3ccc(OCc4ccccc4)cn3)oc2c1F,5,18,),0.000539373722858727,0.007175432983785868
64,CC(=O)N[C@@H](C)COc1ncc2nc(-c3ccc(OCc4ccccc4)cn3)oc2c1F,6,23,N,0.012446838431060314,0.09221981465816498
64,CC(=O)N[C@@H](C)COc1ncc2nc(-c3ccc(OCc4ccccc4)cn3)oc2c1F,7,35,[C@@H],0.5047605633735657,0.9373714327812195
64,CC(=O)N[C@@H](C)COc1ncc2nc(-c3ccc(OCc4ccccc4)cn3)oc2c1F,8,17,(,0.015037661418318748,0.11718209832906723
64,CC(=O)N[C@@H](C)COc1ncc2nc(-c3ccc(OCc4ccccc4)cn3)oc2c1F,9,16,C,0.0068836510181427,0.06471265852451324
64,CC(=O)N[C@@H](C)COc1ncc2nc(-c3ccc(OCc4ccccc4)cn3)oc2c1F,10,18,),0.011170289479196072,0.09136988967657089
64,CC(=O)N[C@@H](C)COc1ncc2nc(-c3ccc(OCc4ccccc4)cn3)oc2c1F,11,16,C,0.007687725592404604,0.060088858008384705
64,CC(=O)N[C@@H](C)COc1ncc2nc(-c3ccc(OCc4ccccc4)cn3)oc2c1F,12,19,O,0.013334724120795727,0.1150093823671341
64,CC(=O)N[C@@H](C)COc1ncc2nc(-c3ccc(OCc4ccccc4)cn3)oc2c1F,13,15,c,0.005261995829641819,0.04383676499128342
64,CC(=O)N[C@@H](C)COc1ncc2nc(-c3ccc(OCc4ccccc4)cn3)oc2c1F,14,20,1,0.003242065664380789,0.02793356031179428
64,CC(=O)N[C@@H](C)COc1ncc2nc(-c3ccc(OCc4ccccc4)cn3)oc2c1F,15,15,c,0.3458402454853058,0.46741223335266113
64,CC(=O)N[C@@H](C)COc1ncc2nc(-c3ccc(OCc4ccccc4)cn3)oc2c1F,16,15,c,0.5083566308021545,0.7717685699462891
64,CC(=O)N[C@@H](C)COc1ncc2nc(-c3ccc(OCc4ccccc4)cn3)oc2c1F,17,15,c,0.017301611602306366,0.1147797629237175
64,CC(=O)N[C@@H](C)COc1ncc2nc(-c3ccc(OCc4ccccc4)cn3)oc2c1F,18,17,(,0.06047665700316429,0.2632800042629242
64,CC(=O)N[C@@H](C)COc1ncc2nc(-c3ccc(OCc4ccccc4)cn3)oc2c1F,19,31,-,0.08926118910312653,0.5150516033172607
64,CC(=O)N[C@@H](C)COc1ncc2nc(-c3ccc(OCc4ccccc4)cn3)oc2c1F,20,15,c,0.00978715717792511,0.06513683497905731
64,CC(=O)N[C@@H](C)COc1ncc2nc(-c3ccc(OCc4ccccc4)cn3)oc2c1F,21,21,2,0.001396672334522009,0.017224963754415512
64,CC(=O)N[C@@H](C)COc1ncc2nc(-c3ccc(OCc4ccccc4)cn3)oc2c1F,22,15,c,0.48306334018707275,0.4052131175994873
64,CC(=O)N[C@@H](C)COc1ncc2nc(-c3ccc(OCc4ccccc4)cn3)oc2c1F,23,25,n,0.1547463983297348,0.49643105268478394
64,CC(=O)N[C@@H](C)COc1ncc2nc(-c3ccc(OCc4ccccc4)cn3)oc2c1F,24,15,c,0.02038312330842018,0.12488280981779099
64,CC(=O)N[C@@H](C)COc1ncc2nc(-c3ccc(OCc4ccccc4)cn3)oc2c1F,25,17,(,0.2861214578151703,0.7318561673164368
64,CC(=O)N[C@@H](C)COc1ncc2nc(-c3ccc(OCc4ccccc4)cn3)oc2c1F,26,19,O,1.1522133350372314,1.5581738948822021
64,CC(=O)N[C@@H](C)COc1ncc2nc(-c3ccc(OCc4ccccc4)cn3)oc2c1F,27,16,C,0.005671570543199778,0.05040699243545532
64,CC(=O)N[C@@H](C)COc1ncc2nc(-c3ccc(OCc4ccccc4)cn3)oc2c1F,28,15,c,0.008982072584331036,0.07404527068138123
64,CC(=O)N[C@@H](C)COc1ncc2nc(-c3ccc(OCc4ccccc4)cn3)oc2c1F,29,26,3,0.0036122158635407686,0.040001556277275085
64,CC(=O)N[C@@H](C)COc1ncc2nc(-c3ccc(OCc4ccccc4)cn3)oc2c1F,30,15,c,0.0011547243921086192,0.01250699907541275
64,CC(=O)N[C@@H](C)COc1ncc2nc(-c3ccc(OCc4ccccc4)cn3)oc2c1F,31,15,c,0.001236585434526205,0.01326598972082138
64,CC(=O)N[C@@H](C)COc1ncc2nc(-c3ccc(OCc4ccccc4)cn3)oc2c1F,32,15,c,0.002879084786400199,0.027147356420755386
64,CC(=O)N[C@@H](C)COc1ncc2nc(-c3ccc(OCc4ccccc4)cn3)oc2c1F,33,15,c,0.025104263797402382,0.13722814619541168
64,CC(=O)N[C@@H](C)COc1ncc2nc(-c3ccc(OCc4ccccc4)cn3)oc2c1F,34,15,c,0.0020980609115213156,0.019651181995868683
64,CC(=O)N[C@@H](C)COc1ncc2nc(-c3ccc(OCc4ccccc4)cn3)oc2c1F,35,26,3,0.0012113197008147836,0.01326395757496357
64,CC(=O)N[C@@H](C)COc1ncc2nc(-c3ccc(OCc4ccccc4)cn3)oc2c1F,36,18,),0.002520963316783309,0.026814641430974007
64,CC(=O)N[C@@H](C)COc1ncc2nc(-c3ccc(OCc4ccccc4)cn3)oc2c1F,37,15,c,0.01799938641488552,0.1159672811627388
64,CC(=O)N[C@@H](C)COc1ncc2nc(-c3ccc(OCc4ccccc4)cn3)oc2c1F,38,25,n,0.7170019149780273,0.5975562334060669
64,CC(=O)N[C@@H](C)COc1ncc2nc(-c3ccc(OCc4ccccc4)cn3)oc2c1F,39,21,2,0.0016358457505702972,0.01901339367032051
64,CC(=O)N[C@@H](C)COc1ncc2nc(-c3ccc(OCc4ccccc4)cn3)oc2c1F,40,18,),0.0008334549493156374,0.010660374537110329
64,CC(=O)N[C@@H](C)COc1ncc2nc(-c3ccc(OCc4ccccc4)cn3)oc2c1F,41,25,n,0.608279824256897,0.2072633057832718
64,CC(=O)N[C@@H](C)COc1ncc2nc(-c3ccc(OCc4ccccc4)cn3)oc2c1F,42,15,c,0.017105594277381897,0.11388003826141357
64,CC(=O)N[C@@H](C)COc1ncc2nc(-c3ccc(OCc4ccccc4)cn3)oc2c1F,43,20,1,0.012056847102940083,0.08909028768539429
64,CC(=O)N[C@@H](C)COc1ncc2nc(-c3ccc(OCc4ccccc4)cn3)oc2c1F,44,27,F,1.0658797025680542,1.6652435064315796
64,CC(=O)N[C@@H](C)COc1ncc2nc(-c3ccc(OCc4ccccc4)cn3)oc2c1F,45,13,[SEP],0.04473111778497696,0.1988232582807541
65,Fc1ccc(N2N=C(C(F)(F)C(F)(F)F)CC2c2cc(Br)ccn2)c(F)c1,0,23,N,0.7286281585693359,0.6028006672859192
65,Fc1ccc(N2N=C(C(F)(F)C(F)(F)F)CC2c2cc(Br)ccn2)c(F)c1,1,38,#,0.02662362903356552,0.20686399936676025
65,Fc1ccc(N2N=C(C(F)(F)C(F)(F)F)CC2c2cc(Br)ccn2)c(F)c1,2,16,C,0.002759960014373064,0.028793005272746086
65,Fc1ccc(N2N=C(C(F)(F)C(F)(F)F)CC2c2cc(Br)ccn2)c(F)c1,3,15,c,0.26502400636672974,0.6088869571685791
65,Fc1ccc(N2N=C(C(F)(F)C(F)(F)F)CC2c2cc(Br)ccn2)c(F)c1,4,20,1,0.0010330535005778074,0.01267008762806654
65,Fc1ccc(N2N=C(C(F)(F)C(F)(F)F)CC2c2cc(Br)ccn2)c(F)c1,5,15,c,0.3320687413215637,0.507363498210907
65,Fc1ccc(N2N=C(C(F)(F)C(F)(F)F)CC2c2cc(Br)ccn2)c(F)c1,6,15,c,0.01910896599292755,0.11816905438899994
65,Fc1ccc(N2N=C(C(F)(F)C(F)(F)F)CC2c2cc(Br)ccn2)c(F)c1,7,25,n,0.6486086845397949,0.8030333518981934
65,Fc1ccc(N2N=C(C(F)(F)C(F)(F)F)CC2c2cc(Br)ccn2)c(F)c1,8,15,c,0.011210649274289608,0.07135626673698425
65,Fc1ccc(N2N=C(C(F)(F)C(F)(F)F)CC2c2cc(Br)ccn2)c(F)c1,9,17,(,0.040426477789878845,0.22367775440216064
65,Fc1ccc(N2N=C(C(F)(F)C(F)(F)F)CC2c2cc(Br)ccn2)c(F)c1,10,16,C,0.7735312581062317,1.5722315311431885
65,Fc1ccc(N2N=C(C(F)(F)C(F)(F)F)CC2c2cc(Br)ccn2)c(F)c1,11,21,2,0.8608645796775818,1.3000504970550537
65,Fc1ccc(N2N=C(C(F)(F)C(F)(F)F)CC2c2cc(Br)ccn2)c(F)c1,12,16,C,0.1649087369441986,0.7277357578277588
65,Fc1ccc(N2N=C(C(F)(F)C(F)(F)F)CC2c2cc(Br)ccn2)c(F)c1,13,16,C,0.18391750752925873,0.5942415595054626
65,Fc1ccc(N2N=C(C(F)(F)C(F)(F)F)CC2c2cc(Br)ccn2)c(F)c1,14,17,(,0.7048405408859253,0.35555610060691833
65,Fc1ccc(N2N=C(C(F)(F)C(F)(F)F)CC2c2cc(Br)ccn2)c(F)c1,15,15,c,0.3158712685108185,0.9643551707267761
65,Fc1ccc(N2N=C(C(F)(F)C(F)(F)F)CC2c2cc(Br)ccn2)c(F)c1,16,26,3,0.002128087915480137,0.024570152163505554
65,Fc1ccc(N2N=C(C(F)(F)C(F)(F)F)CC2c2cc(Br)ccn2)c(F)c1,17,15,c,0.04342680796980858,0.1929675042629242
65,Fc1ccc(N2N=C(C(F)(F)C(F)(F)F)CC2c2cc(Br)ccn2)c(F)c1,18,15,c,0.0509505532681942,0.22561107575893402
65,Fc1ccc(N2N=C(C(F)(F)C(F)(F)F)CC2c2cc(Br)ccn2)c(F)c1,19,15,c,0.4688420295715332,0.7653583884239197
65,Fc1ccc(N2N=C(C(F)(F)C(F)(F)F)CC2c2cc(Br)ccn2)c(F)c1,20,17,(,0.06559988856315613,0.3056975305080414
65,Fc1ccc(N2N=C(C(F)(F)C(F)(F)F)CC2c2cc(Br)ccn2)c(F)c1,21,37,Br,0.859769880771637,0.692835807800293
65,Fc1ccc(N2N=C(C(F)(F)C(F)(F)F)CC2c2cc(Br)ccn2)c(F)c1,22,18,),0.0009876233525574207,0.01208727527409792
65,Fc1ccc(N2N=C(C(F)(F)C(F)(F)F)CC2c2cc(Br)ccn2)c(F)c1,23,15,c,0.6034749150276184,0.3398648500442505
65,Fc1ccc(N2N=C(C(F)(F)C(F)(F)F)CC2c2cc(Br)ccn2)c(F)c1,24,15,c,0.42613062262535095,0.5123844146728516
65,Fc1ccc(N2N=C(C(F)(F)C(F)(F)F)CC2c2cc(Br)ccn2)c(F)c1,25,26,3,0.032703254371881485,0.21557371318340302
65,Fc1ccc(N2N=C(C(F)(F)C(F)(F)F)CC2c2cc(Br)ccn2)c(F)c1,26,27,F,0.08097375184297562,0.46783024072647095
65,Fc1ccc(N2N=C(C(F)(F)C(F)(F)F)CC2c2cc(Br)ccn2)c(F)c1,27,18,),0.002915226621553302,0.02987523563206196
65,Fc1ccc(N2N=C(C(F)(F)C(F)(F)F)CC2c2cc(Br)ccn2)c(F)c1,28,22,=,0.5533779263496399,1.0443757772445679
65,Fc1ccc(N2N=C(C(F)(F)C(F)(F)F)CC2c2cc(Br)ccn2)c(F)c1,29,23,N,0.445302814245224,0.5552067160606384
65,Fc1ccc(N2N=C(C(F)(F)C(F)(F)F)CC2c2cc(Br)ccn2)c(F)c1,30,16,C,0.32455137372016907,0.786608099937439
65,Fc1ccc(N2N=C(C(F)(F)C(F)(F)F)CC2c2cc(Br)ccn2)c(F)c1,31,17,(,0.550848662853241,0.4105363190174103
65,Fc1ccc(N2N=C(C(F)(F)C(F)(F)F)CC2c2cc(Br)ccn2)c(F)c1,32,27,F,0.09228065609931946,0.41172969341278076
65,Fc1ccc(N2N=C(C(F)(F)C(F)(F)F)CC2c2cc(Br)ccn2)c(F)c1,33,18,),0.0008529826300218701,0.010577190667390823
65,Fc1ccc(N2N=C(C(F)(F)C(F)(F)F)CC2c2cc(Br)ccn2)c(F)c1,34,17,(,0.6583853960037231,0.35035622119903564
65,Fc1ccc(N2N=C(C(F)(F)C(F)(F)F)CC2c2cc(Br)ccn2)c(F)c1,35,27,F,0.17005909979343414,0.5180773735046387
65,Fc1ccc(N2N=C(C(F)(F)C(F)(F)F)CC2c2cc(Br)ccn2)c(F)c1,36,18,),0.0005299855256453156,0.007039271295070648
65,Fc1ccc(N2N=C(C(F)(F)C(F)(F)F)CC2c2cc(Br)ccn2)c(F)c1,37,16,C,0.04661349579691887,0.24732938408851624
65,Fc1ccc(N2N=C(C(F)(F)C(F)(F)F)CC2c2cc(Br)ccn2)c(F)c1,38,17,(,0.010213915258646011,0.07913569360971451
65,Fc1ccc(N2N=C(C(F)(F)C(F)(F)F)CC2c2cc(Br)ccn2)c(F)c1,39,27,F,0.003267092164605856,0.034375566989183426
65,Fc1ccc(N2N=C(C(F)(F)C(F)(F)F)CC2c2cc(Br)ccn2)c(F)c1,40,18,),0.0005090030608698726,0.006810617633163929
65,Fc1ccc(N2N=C(C(F)(F)C(F)(F)F)CC2c2cc(Br)ccn2)c(F)c1,41,17,(,0.1767212301492691,0.6521561145782471
65,Fc1ccc(N2N=C(C(F)(F)C(F)(F)F)CC2c2cc(Br)ccn2)c(F)c1,42,27,F,0.002619566861540079,0.028790824115276337
65,Fc1ccc(N2N=C(C(F)(F)C(F)(F)F)CC2c2cc(Br)ccn2)c(F)c1,43,18,),0.0005336749600246549,0.007143112830817699
65,Fc1ccc(N2N=C(C(F)(F)C(F)(F)F)CC2c2cc(Br)ccn2)c(F)c1,44,27,F,0.03644319996237755,0.23415422439575195
65,Fc1ccc(N2N=C(C(F)(F)C(F)(F)F)CC2c2cc(Br)ccn2)c(F)c1,45,18,),0.0006736656650900841,0.00873072724789381
65,Fc1ccc(N2N=C(C(F)(F)C(F)(F)F)CC2c2cc(Br)ccn2)c(F)c1,46,25,n,0.13675570487976074,0.4203282594680786
65,Fc1ccc(N2N=C(C(F)(F)C(F)(F)F)CC2c2cc(Br)ccn2)c(F)c1,47,20,1,0.009822273626923561,0.0712403729557991
65,Fc1ccc(N2N=C(C(F)(F)C(F)(F)F)CC2c2cc(Br)ccn2)c(F)c1,48,13,[SEP],0.022517772391438484,0.13130082190036774
66,COc1ccc2c(c1)CCN2C(=O)c1ccccc1,0,16,C,0.004689884837716818,0.03997622802853584
66,COc1ccc2c(c1)CCN2C(=O)c1ccccc1,1,19,O,0.0013763158349320292,0.015714921057224274
66,COc1ccc2c(c1)CCN2C(=O)c1ccccc1,2,15,c,0.0021083976607769728,0.02258920855820179
66,COc1ccc2c(c1)CCN2C(=O)c1ccccc1,3,20,1,0.000676782161463052,0.008608105592429638
66,COc1ccc2c(c1)CCN2C(=O)c1ccccc1,4,15,c,0.0007393378764390945,0.009108914993703365
66,COc1ccc2c(c1)CCN2C(=O)c1ccccc1,5,15,c,0.0007893625879660249,0.009446163661777973
66,COc1ccc2c(c1)CCN2C(=O)c1ccccc1,6,15,c,0.0015780474059283733,0.016205526888370514
66,COc1ccc2c(c1)CCN2C(=O)c1ccccc1,7,21,2,0.036823928356170654,0.22427435219287872
66,COc1ccc2c(c1)CCN2C(=O)c1ccccc1,8,15,c,0.0008868947625160217,0.010223046876490116
66,COc1ccc2c(c1)CCN2C(=O)c1ccccc1,9,17,(,0.0019038321916013956,0.020592689514160156
66,COc1ccc2c(c1)CCN2C(=O)c1ccccc1,10,15,c,0.0011759442277252674,0.012707811780273914
66,COc1ccc2c(c1)CCN2C(=O)c1ccccc1,11,20,1,0.0015646839747205377,0.017879022285342216
66,COc1ccc2c(c1)CCN2C(=O)c1ccccc1,12,18,),0.0009231350850313902,0.011508461087942123
66,COc1ccc2c(c1)CCN2C(=O)c1ccccc1,13,16,C,0.006502852309495211,0.055049289017915726
66,COc1ccc2c(c1)CCN2C(=O)c1ccccc1,14,16,C,0.010761589743196964,0.08086691796779633
66,COc1ccc2c(c1)CCN2C(=O)c1ccccc1,15,23,N,0.005674549378454685,0.05381457880139351
66,COc1ccc2c(c1)CCN2C(=O)c1ccccc1,16,21,2,0.011618359945714474,0.09783416986465454
66,COc1ccc2c(c1)CCN2C(=O)c1ccccc1,17,16,C,0.0033196252770721912,0.03238583728671074
66,COc1ccc2c(c1)CCN2C(=O)c1ccccc1,18,17,(,0.004467429593205452,0.04322759807109833
66,COc1ccc2c(c1)CCN2C(=O)c1ccccc1,19,22,=,0.0023167161270976067,0.02532361075282097
66,COc1ccc2c(c1)CCN2C(=O)c1ccccc1,20,19,O,0.0012758236844092607,0.014599114656448364
66,COc1ccc2c(c1)CCN2C(=O)c1ccccc1,21,18,),0.0005808998248539865,0.007664046715945005
66,COc1ccc2c(c1)CCN2C(=O)c1ccccc1,22,15,c,0.0020027474965900183,0.020572690293192863
66,COc1ccc2c(c1)CCN2C(=O)c1ccccc1,23,20,1,0.0020393391605466604,0.023543156683444977
66,COc1ccc2c(c1)CCN2C(=O)c1ccccc1,24,15,c,0.0006500617018900812,0.008167997933924198
66,COc1ccc2c(c1)CCN2C(=O)c1ccccc1,25,15,c,0.0006253634346649051,0.007738181855529547
66,COc1ccc2c(c1)CCN2C(=O)c1ccccc1,26,15,c,0.0011595156975090504,0.012503823265433311
66,COc1ccc2c(c1)CCN2C(=O)c1ccccc1,27,15,c,0.0007685106247663498,0.008502057753503323
66,COc1ccc2c(c1)CCN2C(=O)c1ccccc1,28,15,c,0.000963344587944448,0.009972278960049152
66,COc1ccc2c(c1)CCN2C(=O)c1ccccc1,29,20,1,0.0010489242849871516,0.013154355809092522
66,COc1ccc2c(c1)CCN2C(=O)c1ccccc1,30,13,[SEP],0.0009449998615309596,0.01007707417011261
67,CC(C)N1CCC(c2nc3cc(-c4ccc(F)cc4F)nc(Cl)n3n2)CC1,0,16,C,0.0016801415476948023,0.019124403595924377
67,CC(C)N1CCC(c2nc3cc(-c4ccc(F)cc4F)nc(Cl)n3n2)CC1,1,16,C,0.011668085120618343,0.09112443774938583
67,CC(C)N1CCC(c2nc3cc(-c4ccc(F)cc4F)nc(Cl)n3n2)CC1,2,17,(,0.20421506464481354,0.6839368343353271
67,CC(C)N1CCC(c2nc3cc(-c4ccc(F)cc4F)nc(Cl)n3n2)CC1,3,16,C,0.002908744616433978,0.03003157675266266
67,CC(C)N1CCC(c2nc3cc(-c4ccc(F)cc4F)nc(Cl)n3n2)CC1,4,18,),0.0011721818009391427,0.014096764847636223
67,CC(C)N1CCC(c2nc3cc(-c4ccc(F)cc4F)nc(Cl)n3n2)CC1,5,23,N,0.03434908762574196,0.21313193440437317
67,CC(C)N1CCC(c2nc3cc(-c4ccc(F)cc4F)nc(Cl)n3n2)CC1,6,20,1,0.009391924366354942,0.08226874470710754
67,CC(C)N1CCC(c2nc3cc(-c4ccc(F)cc4F)nc(Cl)n3n2)CC1,7,16,C,0.005863127764314413,0.054407358169555664
67,CC(C)N1CCC(c2nc3cc(-c4ccc(F)cc4F)nc(Cl)n3n2)CC1,8,16,C,0.0025451122783124447,0.026064909994602203
67,CC(C)N1CCC(c2nc3cc(-c4ccc(F)cc4F)nc(Cl)n3n2)CC1,9,16,C,0.006979070603847504,0.05869460478425026
67,CC(C)N1CCC(c2nc3cc(-c4ccc(F)cc4F)nc(Cl)n3n2)CC1,10,17,(,0.012720278464257717,0.09330716729164124
67,CC(C)N1CCC(c2nc3cc(-c4ccc(F)cc4F)nc(Cl)n3n2)CC1,11,15,c,0.01994815468788147,0.153499573469162
67,CC(C)N1CCC(c2nc3cc(-c4ccc(F)cc4F)nc(Cl)n3n2)CC1,12,21,2,0.0019330702489241958,0.02226884290575981
67,CC(C)N1CCC(c2nc3cc(-c4ccc(F)cc4F)nc(Cl)n3n2)CC1,13,25,n,0.348684161901474,0.484849214553833
67,CC(C)N1CCC(c2nc3cc(-c4ccc(F)cc4F)nc(Cl)n3n2)CC1,14,15,c,0.08507426083087921,0.31160208582878113
67,CC(C)N1CCC(c2nc3cc(-c4ccc(F)cc4F)nc(Cl)n3n2)CC1,15,17,(,0.2989790737628937,0.7183291912078857
67,CC(C)N1CCC(c2nc3cc(-c4ccc(F)cc4F)nc(Cl)n3n2)CC1,16,31,-,0.8341454863548279,0.9909437894821167
67,CC(C)N1CCC(c2nc3cc(-c4ccc(F)cc4F)nc(Cl)n3n2)CC1,17,15,c,0.018174171447753906,0.1070893332362175
67,CC(C)N1CCC(c2nc3cc(-c4ccc(F)cc4F)nc(Cl)n3n2)CC1,18,26,3,0.003179751103743911,0.034372374415397644
67,CC(C)N1CCC(c2nc3cc(-c4ccc(F)cc4F)nc(Cl)n3n2)CC1,19,15,c,0.006599845830351114,0.04884549602866173
67,CC(C)N1CCC(c2nc3cc(-c4ccc(F)cc4F)nc(Cl)n3n2)CC1,20,15,c,0.702271580696106,0.08673687279224396
67,CC(C)N1CCC(c2nc3cc(-c4ccc(F)cc4F)nc(Cl)n3n2)CC1,21,15,c,0.09846609830856323,0.4072088301181793
67,CC(C)N1CCC(c2nc3cc(-c4ccc(F)cc4F)nc(Cl)n3n2)CC1,22,17,(,0.0031071114353835583,0.03180911764502525
67,CC(C)N1CCC(c2nc3cc(-c4ccc(F)cc4F)nc(Cl)n3n2)CC1,23,27,F,0.010854437947273254,0.08183203637599945
67,CC(C)N1CCC(c2nc3cc(-c4ccc(F)cc4F)nc(Cl)n3n2)CC1,24,18,),0.0007355784764513373,0.009316487237811089
67,CC(C)N1CCC(c2nc3cc(-c4ccc(F)cc4F)nc(Cl)n3n2)CC1,25,15,c,0.034016601741313934,0.18648624420166016
67,CC(C)N1CCC(c2nc3cc(-c4ccc(F)cc4F)nc(Cl)n3n2)CC1,26,15,c,0.007287943735718727,0.05926288664340973
67,CC(C)N1CCC(c2nc3cc(-c4ccc(F)cc4F)nc(Cl)n3n2)CC1,27,26,3,0.1499508023262024,0.5676607489585876
67,CC(C)N1CCC(c2nc3cc(-c4ccc(F)cc4F)nc(Cl)n3n2)CC1,28,27,F,0.02939029037952423,0.1671968698501587
67,CC(C)N1CCC(c2nc3cc(-c4ccc(F)cc4F)nc(Cl)n3n2)CC1,29,18,),0.0006734057096764445,0.00876123458147049
67,CC(C)N1CCC(c2nc3cc(-c4ccc(F)cc4F)nc(Cl)n3n2)CC1,30,25,n,0.6861011385917664,0.14476646482944489
67,CC(C)N1CCC(c2nc3cc(-c4ccc(F)cc4F)nc(Cl)n3n2)CC1,31,15,c,0.9056996703147888,0.9738780856132507
67,CC(C)N1CCC(c2nc3cc(-c4ccc(F)cc4F)nc(Cl)n3n2)CC1,32,17,(,0.6316031217575073,0.5396260023117065
67,CC(C)N1CCC(c2nc3cc(-c4ccc(F)cc4F)nc(Cl)n3n2)CC1,33,28,Cl,0.009121783077716827,0.07853838801383972
67,CC(C)N1CCC(c2nc3cc(-c4ccc(F)cc4F)nc(Cl)n3n2)CC1,34,18,),0.0009764265269041061,0.01199544407427311
67,CC(C)N1CCC(c2nc3cc(-c4ccc(F)cc4F)nc(Cl)n3n2)CC1,35,25,n,0.0026301913894712925,0.02450716681778431
67,CC(C)N1CCC(c2nc3cc(-c4ccc(F)cc4F)nc(Cl)n3n2)CC1,36,21,2,0.01717817410826683,0.1269102692604065
67,CC(C)N1CCC(c2nc3cc(-c4ccc(F)cc4F)nc(Cl)n3n2)CC1,37,18,),0.03796862065792084,0.27690377831459045
67,CC(C)N1CCC(c2nc3cc(-c4ccc(F)cc4F)nc(Cl)n3n2)CC1,38,16,C,0.00792043935507536,0.06613036245107651
67,CC(C)N1CCC(c2nc3cc(-c4ccc(F)cc4F)nc(Cl)n3n2)CC1,39,16,C,0.0011590128997340798,0.013333870097994804
67,CC(C)N1CCC(c2nc3cc(-c4ccc(F)cc4F)nc(Cl)n3n2)CC1,40,20,1,0.0028517446480691433,0.03078363463282585
67,CC(C)N1CCC(c2nc3cc(-c4ccc(F)cc4F)nc(Cl)n3n2)CC1,41,18,),0.2512960433959961,0.5464233756065369
67,CC(C)N1CCC(c2nc3cc(-c4ccc(F)cc4F)nc(Cl)n3n2)CC1,42,22,=,1.1144685745239258,0.8530847430229187
67,CC(C)N1CCC(c2nc3cc(-c4ccc(F)cc4F)nc(Cl)n3n2)CC1,43,23,N,0.007212288212031126,0.06282182782888412
67,CC(C)N1CCC(c2nc3cc(-c4ccc(F)cc4F)nc(Cl)n3n2)CC1,44,16,C,0.44925829768180847,1.569799780845642
67,CC(C)N1CCC(c2nc3cc(-c4ccc(F)cc4F)nc(Cl)n3n2)CC1,45,38,#,0.1090104728937149,0.6029536128044128
67,CC(C)N1CCC(c2nc3cc(-c4ccc(F)cc4F)nc(Cl)n3n2)CC1,46,23,N,0.005091410130262375,0.049020569771528244
67,CC(C)N1CCC(c2nc3cc(-c4ccc(F)cc4F)nc(Cl)n3n2)CC1,47,13,[SEP],0.0004912498407065868,0.0065422626212239265
68,CNC(=O)c1ccc2c(c1)OCCc1cc(C(=O)N(C)c3ccc(C(=O)N(C)C)cc3Cl)sc1-2,0,16,C,0.0013418140588328242,0.015443072654306889
68,CNC(=O)c1ccc2c(c1)OCCc1cc(C(=O)N(C)c3ccc(C(=O)N(C)C)cc3Cl)sc1-2,1,23,N,0.007078282069414854,0.06441117078065872
68,CNC(=O)c1ccc2c(c1)OCCc1cc(C(=O)N(C)c3ccc(C(=O)N(C)C)cc3Cl)sc1-2,2,16,C,0.00891601387411356,0.07365444302558899
68,CNC(=O)c1ccc2c(c1)OCCc1cc(C(=O)N(C)c3ccc(C(=O)N(C)C)cc3Cl)sc1-2,3,17,(,0.001130912802182138,0.012530870735645294
68,CNC(=O)c1ccc2c(c1)OCCc1cc(C(=O)N(C)c3ccc(C(=O)N(C)C)cc3Cl)sc1-2,4,22,=,0.0007689573103561997,0.009412959218025208
68,CNC(=O)c1ccc2c(c1)OCCc1cc(C(=O)N(C)c3ccc(C(=O)N(C)C)cc3Cl)sc1-2,5,19,O,0.002349349670112133,0.0224858820438385
68,CNC(=O)c1ccc2c(c1)OCCc1cc(C(=O)N(C)c3ccc(C(=O)N(C)C)cc3Cl)sc1-2,6,18,),0.0005321853677742183,0.007045518606901169
68,CNC(=O)c1ccc2c(c1)OCCc1cc(C(=O)N(C)c3ccc(C(=O)N(C)C)cc3Cl)sc1-2,7,15,c,0.016323035582900047,0.11664281785488129
68,CNC(=O)c1ccc2c(c1)OCCc1cc(C(=O)N(C)c3ccc(C(=O)N(C)C)cc3Cl)sc1-2,8,20,1,0.0007753768004477024,0.009824158623814583
68,CNC(=O)c1ccc2c(c1)OCCc1cc(C(=O)N(C)c3ccc(C(=O)N(C)C)cc3Cl)sc1-2,9,15,c,0.004725843667984009,0.040626853704452515
68,CNC(=O)c1ccc2c(c1)OCCc1cc(C(=O)N(C)c3ccc(C(=O)N(C)C)cc3Cl)sc1-2,10,15,c,0.03081255406141281,0.17909768223762512
68,CNC(=O)c1ccc2c(c1)OCCc1cc(C(=O)N(C)c3ccc(C(=O)N(C)C)cc3Cl)sc1-2,11,15,c,0.07983236014842987,0.3314096927642822
68,CNC(=O)c1ccc2c(c1)OCCc1cc(C(=O)N(C)c3ccc(C(=O)N(C)C)cc3Cl)sc1-2,12,21,2,0.39476218819618225,0.5582460761070251
68,CNC(=O)c1ccc2c(c1)OCCc1cc(C(=O)N(C)c3ccc(C(=O)N(C)C)cc3Cl)sc1-2,13,15,c,0.0038565322756767273,0.0352521613240242
68,CNC(=O)c1ccc2c(c1)OCCc1cc(C(=O)N(C)c3ccc(C(=O)N(C)C)cc3Cl)sc1-2,14,17,(,0.004937909077852964,0.04239818826317787
68,CNC(=O)c1ccc2c(c1)OCCc1cc(C(=O)N(C)c3ccc(C(=O)N(C)C)cc3Cl)sc1-2,15,15,c,0.008129313588142395,0.0681602731347084
68,CNC(=O)c1ccc2c(c1)OCCc1cc(C(=O)N(C)c3ccc(C(=O)N(C)C)cc3Cl)sc1-2,16,20,1,0.0019028037786483765,0.02097019925713539
68,CNC(=O)c1ccc2c(c1)OCCc1cc(C(=O)N(C)c3ccc(C(=O)N(C)C)cc3Cl)sc1-2,17,18,),0.007358499802649021,0.06416567414999008
68,CNC(=O)c1ccc2c(c1)OCCc1cc(C(=O)N(C)c3ccc(C(=O)N(C)C)cc3Cl)sc1-2,18,23,N,0.9323466420173645,0.7543614506721497
68,CNC(=O)c1ccc2c(c1)OCCc1cc(C(=O)N(C)c3ccc(C(=O)N(C)C)cc3Cl)sc1-2,19,17,(,0.5993471145629883,0.6548141241073608
68,CNC(=O)c1ccc2c(c1)OCCc1cc(C(=O)N(C)c3ccc(C(=O)N(C)C)cc3Cl)sc1-2,20,16,C,0.11491040885448456,0.5614693760871887
68,CNC(=O)c1ccc2c(c1)OCCc1cc(C(=O)N(C)c3ccc(C(=O)N(C)C)cc3Cl)sc1-2,21,18,),0.07514523714780807,0.38262587785720825
68,CNC(=O)c1ccc2c(c1)OCCc1cc(C(=O)N(C)c3ccc(C(=O)N(C)C)cc3Cl)sc1-2,22,16,C,0.026868535205721855,0.18581938743591309
68,CNC(=O)c1ccc2c(c1)OCCc1cc(C(=O)N(C)c3ccc(C(=O)N(C)C)cc3Cl)sc1-2,23,17,(,0.2987709939479828,0.8297376036643982
68,CNC(=O)c1ccc2c(c1)OCCc1cc(C(=O)N(C)c3ccc(C(=O)N(C)C)cc3Cl)sc1-2,24,22,=,0.011478698812425137,0.09719757735729218
68,CNC(=O)c1ccc2c(c1)OCCc1cc(C(=O)N(C)c3ccc(C(=O)N(C)C)cc3Cl)sc1-2,25,19,O,0.014182589016854763,0.09662002325057983
68,CNC(=O)c1ccc2c(c1)OCCc1cc(C(=O)N(C)c3ccc(C(=O)N(C)C)cc3Cl)sc1-2,26,18,),0.000537893152795732,0.007066537160426378
68,CNC(=O)c1ccc2c(c1)OCCc1cc(C(=O)N(C)c3ccc(C(=O)N(C)C)cc3Cl)sc1-2,27,16,C,1.0158411264419556,0.6870319843292236
68,CNC(=O)c1ccc2c(c1)OCCc1cc(C(=O)N(C)c3ccc(C(=O)N(C)C)cc3Cl)sc1-2,28,16,C,0.9598722457885742,1.5596516132354736
68,CNC(=O)c1ccc2c(c1)OCCc1cc(C(=O)N(C)c3ccc(C(=O)N(C)C)cc3Cl)sc1-2,29,19,O,1.0359482765197754,0.9613839983940125
68,CNC(=O)c1ccc2c(c1)OCCc1cc(C(=O)N(C)c3ccc(C(=O)N(C)C)cc3Cl)sc1-2,30,15,c,0.766552209854126,1.0090000629425049
68,CNC(=O)c1ccc2c(c1)OCCc1cc(C(=O)N(C)c3ccc(C(=O)N(C)C)cc3Cl)sc1-2,31,20,1,0.0008045096765272319,0.010021637193858624
68,CNC(=O)c1ccc2c(c1)OCCc1cc(C(=O)N(C)c3ccc(C(=O)N(C)C)cc3Cl)sc1-2,32,15,c,0.26137325167655945,0.5747526288032532
68,CNC(=O)c1ccc2c(c1)OCCc1cc(C(=O)N(C)c3ccc(C(=O)N(C)C)cc3Cl)sc1-2,33,17,(,0.5275688767433167,1.040350317955017
68,CNC(=O)c1ccc2c(c1)OCCc1cc(C(=O)N(C)c3ccc(C(=O)N(C)C)cc3Cl)sc1-2,34,15,c,1.0434985160827637,1.4404101371765137
68,CNC(=O)c1ccc2c(c1)OCCc1cc(C(=O)N(C)c3ccc(C(=O)N(C)C)cc3Cl)sc1-2,35,15,c,0.3625885546207428,1.0382323265075684
68,CNC(=O)c1ccc2c(c1)OCCc1cc(C(=O)N(C)c3ccc(C(=O)N(C)C)cc3Cl)sc1-2,36,17,(,0.6929104328155518,0.6899690628051758
68,CNC(=O)c1ccc2c(c1)OCCc1cc(C(=O)N(C)c3ccc(C(=O)N(C)C)cc3Cl)sc1-2,37,31,-,1.1640567779541016,0.36665964126586914
68,CNC(=O)c1ccc2c(c1)OCCc1cc(C(=O)N(C)c3ccc(C(=O)N(C)C)cc3Cl)sc1-2,38,15,c,0.011686011217534542,0.0814792662858963
68,CNC(=O)c1ccc2c(c1)OCCc1cc(C(=O)N(C)c3ccc(C(=O)N(C)C)cc3Cl)sc1-2,39,26,3,0.31976714730262756,0.5633290410041809
68,CNC(=O)c1ccc2c(c1)OCCc1cc(C(=O)N(C)c3ccc(C(=O)N(C)C)cc3Cl)sc1-2,40,15,c,0.392009437084198,0.5513137578964233
68,CNC(=O)c1ccc2c(c1)OCCc1cc(C(=O)N(C)c3ccc(C(=O)N(C)C)cc3Cl)sc1-2,41,15,c,0.059436507523059845,0.27984294295310974
68,CNC(=O)c1ccc2c(c1)OCCc1cc(C(=O)N(C)c3ccc(C(=O)N(C)C)cc3Cl)sc1-2,42,15,c,0.11538677662611008,0.4894697070121765
68,CNC(=O)c1ccc2c(c1)OCCc1cc(C(=O)N(C)c3ccc(C(=O)N(C)C)cc3Cl)sc1-2,43,17,(,0.1360807865858078,0.6126692891120911
68,CNC(=O)c1ccc2c(c1)OCCc1cc(C(=O)N(C)c3ccc(C(=O)N(C)C)cc3Cl)sc1-2,44,28,Cl,0.8042786717414856,0.47493669390678406
68,CNC(=O)c1ccc2c(c1)OCCc1cc(C(=O)N(C)c3ccc(C(=O)N(C)C)cc3Cl)sc1-2,45,18,),0.0007405176875181496,0.009478498250246048
68,CNC(=O)c1ccc2c(c1)OCCc1cc(C(=O)N(C)c3ccc(C(=O)N(C)C)cc3Cl)sc1-2,46,15,c,0.6362231969833374,0.40348565578460693
68,CNC(=O)c1ccc2c(c1)OCCc1cc(C(=O)N(C)c3ccc(C(=O)N(C)C)cc3Cl)sc1-2,47,15,c,0.7262517809867859,0.48495736718177795
68,CNC(=O)c1ccc2c(c1)OCCc1cc(C(=O)N(C)c3ccc(C(=O)N(C)C)cc3Cl)sc1-2,48,26,3,0.002778950845822692,0.030579961836338043
68,CNC(=O)c1ccc2c(c1)OCCc1cc(C(=O)N(C)c3ccc(C(=O)N(C)C)cc3Cl)sc1-2,49,18,),0.35955363512039185,0.9787497520446777
68,CNC(=O)c1ccc2c(c1)OCCc1cc(C(=O)N(C)c3ccc(C(=O)N(C)C)cc3Cl)sc1-2,50,25,n,0.9085500836372375,0.8506465554237366
68,CNC(=O)c1ccc2c(c1)OCCc1cc(C(=O)N(C)c3ccc(C(=O)N(C)C)cc3Cl)sc1-2,51,15,c,1.4681073427200317,0.8016960024833679
68,CNC(=O)c1ccc2c(c1)OCCc1cc(C(=O)N(C)c3ccc(C(=O)N(C)C)cc3Cl)sc1-2,52,20,1,0.7890766859054565,0.5066414475440979
68,CNC(=O)c1ccc2c(c1)OCCc1cc(C(=O)N(C)c3ccc(C(=O)N(C)C)cc3Cl)sc1-2,53,16,C,1.5746891498565674,0.6979730129241943
68,CNC(=O)c1ccc2c(c1)OCCc1cc(C(=O)N(C)c3ccc(C(=O)N(C)C)cc3Cl)sc1-2,54,17,(,0.5706466436386108,1.1983211040496826
68,CNC(=O)c1ccc2c(c1)OCCc1cc(C(=O)N(C)c3ccc(C(=O)N(C)C)cc3Cl)sc1-2,55,22,=,0.004057032521814108,0.039418019354343414
68,CNC(=O)c1ccc2c(c1)OCCc1cc(C(=O)N(C)c3ccc(C(=O)N(C)C)cc3Cl)sc1-2,56,19,O,0.005409098695963621,0.04776766523718834
68,CNC(=O)c1ccc2c(c1)OCCc1cc(C(=O)N(C)c3ccc(C(=O)N(C)C)cc3Cl)sc1-2,57,18,),0.0005193265387788415,0.006999054923653603
68,CNC(=O)c1ccc2c(c1)OCCc1cc(C(=O)N(C)c3ccc(C(=O)N(C)C)cc3Cl)sc1-2,58,23,N,0.006482257507741451,0.06458789855241776
68,CNC(=O)c1ccc2c(c1)OCCc1cc(C(=O)N(C)c3ccc(C(=O)N(C)C)cc3Cl)sc1-2,59,16,C,0.07845619320869446,0.40132153034210205
68,CNC(=O)c1ccc2c(c1)OCCc1cc(C(=O)N(C)c3ccc(C(=O)N(C)C)cc3Cl)sc1-2,60,18,),0.002953678136691451,0.03166290000081062
68,CNC(=O)c1ccc2c(c1)OCCc1cc(C(=O)N(C)c3ccc(C(=O)N(C)C)cc3Cl)sc1-2,61,34,S,0.05879857391119003,0.37838301062583923
68,CNC(=O)c1ccc2c(c1)OCCc1cc(C(=O)N(C)c3ccc(C(=O)N(C)C)cc3Cl)sc1-2,62,21,2,0.04764635115861893,0.2936302423477173
68,CNC(=O)c1ccc2c(c1)OCCc1cc(C(=O)N(C)c3ccc(C(=O)N(C)C)cc3Cl)sc1-2,63,13,[SEP],0.005041527561843395,0.047210317105054855
69,Cc1oc2c(NC(=O)c3c(Cl)ccc(CO)c3Cl)cccc2c1C,0,16,C,0.0019073605071753263,0.020571574568748474
69,Cc1oc2c(NC(=O)c3c(Cl)ccc(CO)c3Cl)cccc2c1C,1,15,c,0.017869580537080765,0.12832997739315033
69,Cc1oc2c(NC(=O)c3c(Cl)ccc(CO)c3Cl)cccc2c1C,2,20,1,0.0011200373992323875,0.013821546919643879
69,Cc1oc2c(NC(=O)c3c(Cl)ccc(CO)c3Cl)cccc2c1C,3,15,c,0.6064298748970032,0.5715332627296448
69,Cc1oc2c(NC(=O)c3c(Cl)ccc(CO)c3Cl)cccc2c1C,4,17,(,0.26035255193710327,0.5818116068840027
69,Cc1oc2c(NC(=O)c3c(Cl)ccc(CO)c3Cl)cccc2c1C,5,16,C,0.993393063545227,0.6369524598121643
69,Cc1oc2c(NC(=O)c3c(Cl)ccc(CO)c3Cl)cccc2c1C,6,17,(,0.6926663517951965,1.6267122030258179
69,Cc1oc2c(NC(=O)c3c(Cl)ccc(CO)c3Cl)cccc2c1C,7,22,=,0.002837889362126589,0.029202286154031754
69,Cc1oc2c(NC(=O)c3c(Cl)ccc(CO)c3Cl)cccc2c1C,8,19,O,0.0017603961750864983,0.018732663244009018
69,Cc1oc2c(NC(=O)c3c(Cl)ccc(CO)c3Cl)cccc2c1C,9,18,),0.0005332364235073328,0.00709916278719902
69,Cc1oc2c(NC(=O)c3c(Cl)ccc(CO)c3Cl)cccc2c1C,10,23,N,0.013826679438352585,0.11191882193088531
69,Cc1oc2c(NC(=O)c3c(Cl)ccc(CO)c3Cl)cccc2c1C,11,15,c,0.012658892199397087,0.0996680036187172
69,Cc1oc2c(NC(=O)c3c(Cl)ccc(CO)c3Cl)cccc2c1C,12,21,2,0.0016931965947151184,0.019846465438604355
69,Cc1oc2c(NC(=O)c3c(Cl)ccc(CO)c3Cl)cccc2c1C,13,15,c,0.00473511079326272,0.04121161624789238
69,Cc1oc2c(NC(=O)c3c(Cl)ccc(CO)c3Cl)cccc2c1C,14,15,c,0.2741162180900574,0.5038488507270813
69,Cc1oc2c(NC(=O)c3c(Cl)ccc(CO)c3Cl)cccc2c1C,15,15,c,0.012356093153357506,0.09987325966358185
69,Cc1oc2c(NC(=O)c3c(Cl)ccc(CO)c3Cl)cccc2c1C,16,15,c,0.5087247490882874,0.7287835478782654
69,Cc1oc2c(NC(=O)c3c(Cl)ccc(CO)c3Cl)cccc2c1C,17,26,3,0.5546373128890991,0.8521839380264282
69,Cc1oc2c(NC(=O)c3c(Cl)ccc(CO)c3Cl)cccc2c1C,18,15,c,0.031957194209098816,0.19876697659492493
69,Cc1oc2c(NC(=O)c3c(Cl)ccc(CO)c3Cl)cccc2c1C,19,15,c,0.8739519119262695,0.654617428779602
69,Cc1oc2c(NC(=O)c3c(Cl)ccc(CO)c3Cl)cccc2c1C,20,17,(,0.7541704177856445,0.42609959840774536
69,Cc1oc2c(NC(=O)c3c(Cl)ccc(CO)c3Cl)cccc2c1C,21,16,C,0.0162216629832983,0.12606774270534515
69,Cc1oc2c(NC(=O)c3c(Cl)ccc(CO)c3Cl)cccc2c1C,22,19,O,0.012007023207843304,0.09913486987352371
69,Cc1oc2c(NC(=O)c3c(Cl)ccc(CO)c3Cl)cccc2c1C,23,18,),0.00136500783264637,0.016919927671551704
69,Cc1oc2c(NC(=O)c3c(Cl)ccc(CO)c3Cl)cccc2c1C,24,44,o,0.6562215089797974,0.5582396388053894
69,Cc1oc2c(NC(=O)c3c(Cl)ccc(CO)c3Cl)cccc2c1C,25,15,c,0.002884162124246359,0.029766207560896873
69,Cc1oc2c(NC(=O)c3c(Cl)ccc(CO)c3Cl)cccc2c1C,26,21,2,0.005890693981200457,0.05159933120012283
69,Cc1oc2c(NC(=O)c3c(Cl)ccc(CO)c3Cl)cccc2c1C,27,26,3,0.0011669155210256577,0.013248633593320847
69,Cc1oc2c(NC(=O)c3c(Cl)ccc(CO)c3Cl)cccc2c1C,28,18,),0.0009511634125374258,0.01157816406339407
69,Cc1oc2c(NC(=O)c3c(Cl)ccc(CO)c3Cl)cccc2c1C,29,15,c,1.226120948791504,1.3460807800292969
69,Cc1oc2c(NC(=O)c3c(Cl)ccc(CO)c3Cl)cccc2c1C,30,15,c,0.1288040578365326,0.5975440740585327
69,Cc1oc2c(NC(=O)c3c(Cl)ccc(CO)c3Cl)cccc2c1C,31,15,c,0.0888972207903862,0.3491673171520233
69,Cc1oc2c(NC(=O)c3c(Cl)ccc(CO)c3Cl)cccc2c1C,32,17,(,0.008309809491038322,0.06128063052892685
69,Cc1oc2c(NC(=O)c3c(Cl)ccc(CO)c3Cl)cccc2c1C,33,28,Cl,0.019657807424664497,0.13875709474086761
69,Cc1oc2c(NC(=O)c3c(Cl)ccc(CO)c3Cl)cccc2c1C,34,18,),0.0005971910431981087,0.007848785258829594
69,Cc1oc2c(NC(=O)c3c(Cl)ccc(CO)c3Cl)cccc2c1C,35,15,c,0.0027738858480006456,0.025274382904171944
69,Cc1oc2c(NC(=O)c3c(Cl)ccc(CO)c3Cl)cccc2c1C,36,20,1,0.21321870386600494,0.6406506896018982
69,Cc1oc2c(NC(=O)c3c(Cl)ccc(CO)c3Cl)cccc2c1C,37,28,Cl,0.7253578305244446,0.3798736035823822
69,Cc1oc2c(NC(=O)c3c(Cl)ccc(CO)c3Cl)cccc2c1C,38,13,[SEP],0.029736235737800598,0.14793354272842407
70,CSc1nc(C=O)cn1C,0,16,C,0.0026830246206372976,0.027576889842748642
70,CSc1nc(C=O)cn1C,1,34,S,0.07182268798351288,0.4420081377029419
70,CSc1nc(C=O)cn1C,2,16,C,0.5955706834793091,0.9817412495613098
70,CSc1nc(C=O)cn1C,3,17,(,0.6752855777740479,1.7520676851272583
70,CSc1nc(C=O)cn1C,4,22,=,0.7929192185401917,0.6722620725631714
70,CSc1nc(C=O)cn1C,5,19,O,0.5247310400009155,0.7605006098747253
70,CSc1nc(C=O)cn1C,6,18,),0.0005631560925394297,0.007522987201809883
70,CSc1nc(C=O)cn1C,7,23,N,1.6098613739013672,0.9554845094680786
70,CSc1nc(C=O)cn1C,8,20,1,1.670955777168274,1.9774090051651
70,CSc1nc(C=O)cn1C,9,16,C,0.08977264910936356,0.4866095781326294
70,CSc1nc(C=O)cn1C,10,16,C,0.5128728151321411,0.8934265971183777
70,CSc1nc(C=O)cn1C,11,20,1,0.18146303296089172,0.9198775291442871
70,CSc1nc(C=O)cn1C,12,13,[SEP],0.020360777154564857,0.16208726167678833
71,CC(C)(C)OC(=O)Nc1ccc(Cl)cc1-c1cc2n(c(=O)c1)C(C=O)CC2,0,16,C,0.0014704824425280094,0.01649986021220684
71,CC(C)(C)OC(=O)Nc1ccc(Cl)cc1-c1cc2n(c(=O)c1)C(C=O)CC2,1,16,C,0.002448505721986294,0.025842169299721718
71,CC(C)(C)OC(=O)Nc1ccc(Cl)cc1-c1cc2n(c(=O)c1)C(C=O)CC2,2,17,(,0.0021618749015033245,0.02180432341992855
71,CC(C)(C)OC(=O)Nc1ccc(Cl)cc1-c1cc2n(c(=O)c1)C(C=O)CC2,3,16,C,0.0012773710768669844,0.014443730935454369
71,CC(C)(C)OC(=O)Nc1ccc(Cl)cc1-c1cc2n(c(=O)c1)C(C=O)CC2,4,18,),0.0014239882584661245,0.016096455976366997
71,CC(C)(C)OC(=O)Nc1ccc(Cl)cc1-c1cc2n(c(=O)c1)C(C=O)CC2,5,17,(,0.0008392619783990085,0.009854752570390701
71,CC(C)(C)OC(=O)Nc1ccc(Cl)cc1-c1cc2n(c(=O)c1)C(C=O)CC2,6,16,C,0.0010150853777304292,0.011994438245892525
71,CC(C)(C)OC(=O)Nc1ccc(Cl)cc1-c1cc2n(c(=O)c1)C(C=O)CC2,7,18,),0.0013397191651165485,0.01505221426486969
71,CC(C)(C)OC(=O)Nc1ccc(Cl)cc1-c1cc2n(c(=O)c1)C(C=O)CC2,8,19,O,0.004051832482218742,0.03718547895550728
71,CC(C)(C)OC(=O)Nc1ccc(Cl)cc1-c1cc2n(c(=O)c1)C(C=O)CC2,9,16,C,0.002942184219136834,0.02967517077922821
71,CC(C)(C)OC(=O)Nc1ccc(Cl)cc1-c1cc2n(c(=O)c1)C(C=O)CC2,10,17,(,0.0009413865627720952,0.010745655745267868
71,CC(C)(C)OC(=O)Nc1ccc(Cl)cc1-c1cc2n(c(=O)c1)C(C=O)CC2,11,22,=,0.0007373366970568895,0.009035726077854633
71,CC(C)(C)OC(=O)Nc1ccc(Cl)cc1-c1cc2n(c(=O)c1)C(C=O)CC2,12,19,O,0.0007807399379089475,0.009179549291729927
71,CC(C)(C)OC(=O)Nc1ccc(Cl)cc1-c1cc2n(c(=O)c1)C(C=O)CC2,13,18,),0.0005351475556381047,0.007142092101275921
71,CC(C)(C)OC(=O)Nc1ccc(Cl)cc1-c1cc2n(c(=O)c1)C(C=O)CC2,14,23,N,0.002993545727804303,0.029757710173726082
71,CC(C)(C)OC(=O)Nc1ccc(Cl)cc1-c1cc2n(c(=O)c1)C(C=O)CC2,15,15,c,0.7551790475845337,1.5297707319259644
71,CC(C)(C)OC(=O)Nc1ccc(Cl)cc1-c1cc2n(c(=O)c1)C(C=O)CC2,16,20,1,0.0007008641259744763,0.00888666883111
71,CC(C)(C)OC(=O)Nc1ccc(Cl)cc1-c1cc2n(c(=O)c1)C(C=O)CC2,17,15,c,0.013571060262620449,0.08464747667312622
71,CC(C)(C)OC(=O)Nc1ccc(Cl)cc1-c1cc2n(c(=O)c1)C(C=O)CC2,18,15,c,0.0017831173026934266,0.019319161772727966
71,CC(C)(C)OC(=O)Nc1ccc(Cl)cc1-c1cc2n(c(=O)c1)C(C=O)CC2,19,15,c,0.7027069330215454,0.9019465446472168
71,CC(C)(C)OC(=O)Nc1ccc(Cl)cc1-c1cc2n(c(=O)c1)C(C=O)CC2,20,21,2,0.5262005925178528,0.43911105394363403
71,CC(C)(C)OC(=O)Nc1ccc(Cl)cc1-c1cc2n(c(=O)c1)C(C=O)CC2,21,15,c,0.15368138253688812,0.5274834632873535
71,CC(C)(C)OC(=O)Nc1ccc(Cl)cc1-c1cc2n(c(=O)c1)C(C=O)CC2,22,17,(,0.04548210650682449,0.20519466698169708
71,CC(C)(C)OC(=O)Nc1ccc(Cl)cc1-c1cc2n(c(=O)c1)C(C=O)CC2,23,15,c,0.006112080533057451,0.049052562564611435
71,CC(C)(C)OC(=O)Nc1ccc(Cl)cc1-c1cc2n(c(=O)c1)C(C=O)CC2,24,20,1,0.0030120345763862133,0.030659416690468788
71,CC(C)(C)OC(=O)Nc1ccc(Cl)cc1-c1cc2n(c(=O)c1)C(C=O)CC2,25,18,),0.0022146361880004406,0.024134960025548935
71,CC(C)(C)OC(=O)Nc1ccc(Cl)cc1-c1cc2n(c(=O)c1)C(C=O)CC2,26,16,C,0.05554421246051788,0.34255754947662354
71,CC(C)(C)OC(=O)Nc1ccc(Cl)cc1-c1cc2n(c(=O)c1)C(C=O)CC2,27,16,C,0.3293149173259735,1.040123701095581
71,CC(C)(C)OC(=O)Nc1ccc(Cl)cc1-c1cc2n(c(=O)c1)C(C=O)CC2,28,16,C,0.015325920656323433,0.11623402684926987
71,CC(C)(C)OC(=O)Nc1ccc(Cl)cc1-c1cc2n(c(=O)c1)C(C=O)CC2,29,17,(,1.0610884428024292,0.6794756650924683
71,CC(C)(C)OC(=O)Nc1ccc(Cl)cc1-c1cc2n(c(=O)c1)C(C=O)CC2,30,16,C,0.036795999854803085,0.2627354860305786
71,CC(C)(C)OC(=O)Nc1ccc(Cl)cc1-c1cc2n(c(=O)c1)C(C=O)CC2,31,22,=,0.007343058008700609,0.06580081582069397
71,CC(C)(C)OC(=O)Nc1ccc(Cl)cc1-c1cc2n(c(=O)c1)C(C=O)CC2,32,19,O,0.020203886553645134,0.13573330640792847
71,CC(C)(C)OC(=O)Nc1ccc(Cl)cc1-c1cc2n(c(=O)c1)C(C=O)CC2,33,18,),0.0007804984925314784,0.009769001975655556
71,CC(C)(C)OC(=O)Nc1ccc(Cl)cc1-c1cc2n(c(=O)c1)C(C=O)CC2,34,23,N,1.1662242412567139,0.8645757436752319
71,CC(C)(C)OC(=O)Nc1ccc(Cl)cc1-c1cc2n(c(=O)c1)C(C=O)CC2,35,21,2,0.16915740072727203,0.7015055418014526
71,CC(C)(C)OC(=O)Nc1ccc(Cl)cc1-c1cc2n(c(=O)c1)C(C=O)CC2,36,16,C,0.6716314554214478,1.0171079635620117
71,CC(C)(C)OC(=O)Nc1ccc(Cl)cc1-c1cc2n(c(=O)c1)C(C=O)CC2,37,22,=,0.1465926468372345,0.5041100978851318
71,CC(C)(C)OC(=O)Nc1ccc(Cl)cc1-c1cc2n(c(=O)c1)C(C=O)CC2,38,19,O,0.05066459998488426,0.25763627886772156
71,CC(C)(C)OC(=O)Nc1ccc(Cl)cc1-c1cc2n(c(=O)c1)C(C=O)CC2,39,18,),0.25631222128868103,0.4883458912372589
71,CC(C)(C)OC(=O)Nc1ccc(Cl)cc1-c1cc2n(c(=O)c1)C(C=O)CC2,40,15,c,0.12847071886062622,0.6046027541160583
71,CC(C)(C)OC(=O)Nc1ccc(Cl)cc1-c1cc2n(c(=O)c1)C(C=O)CC2,41,20,1,0.8040382266044617,0.9796194434165955
71,CC(C)(C)OC(=O)Nc1ccc(Cl)cc1-c1cc2n(c(=O)c1)C(C=O)CC2,42,15,c,0.018849311396479607,0.11392538994550705
71,CC(C)(C)OC(=O)Nc1ccc(Cl)cc1-c1cc2n(c(=O)c1)C(C=O)CC2,43,15,c,0.0450015515089035,0.25219953060150146
71,CC(C)(C)OC(=O)Nc1ccc(Cl)cc1-c1cc2n(c(=O)c1)C(C=O)CC2,44,17,(,0.10807613283395767,0.3838224709033966
71,CC(C)(C)OC(=O)Nc1ccc(Cl)cc1-c1cc2n(c(=O)c1)C(C=O)CC2,45,28,Cl,0.0018521270249038935,0.02149052545428276
71,CC(C)(C)OC(=O)Nc1ccc(Cl)cc1-c1cc2n(c(=O)c1)C(C=O)CC2,46,18,),0.000585230765864253,0.007689618971198797
71,CC(C)(C)OC(=O)Nc1ccc(Cl)cc1-c1cc2n(c(=O)c1)C(C=O)CC2,47,15,c,0.1346966028213501,0.41708675026893616
71,CC(C)(C)OC(=O)Nc1ccc(Cl)cc1-c1cc2n(c(=O)c1)C(C=O)CC2,48,15,c,0.005386510863900185,0.04368998855352402
71,CC(C)(C)OC(=O)Nc1ccc(Cl)cc1-c1cc2n(c(=O)c1)C(C=O)CC2,49,15,c,0.6660676598548889,0.15182365477085114
71,CC(C)(C)OC(=O)Nc1ccc(Cl)cc1-c1cc2n(c(=O)c1)C(C=O)CC2,50,20,1,0.006050266791135073,0.0503404438495636
71,CC(C)(C)OC(=O)Nc1ccc(Cl)cc1-c1cc2n(c(=O)c1)C(C=O)CC2,51,31,-,0.7777498960494995,2.048840045928955
71,CC(C)(C)OC(=O)Nc1ccc(Cl)cc1-c1cc2n(c(=O)c1)C(C=O)CC2,52,21,2,0.007216508034616709,0.06753354519605637
71,CC(C)(C)OC(=O)Nc1ccc(Cl)cc1-c1cc2n(c(=O)c1)C(C=O)CC2,53,13,[SEP],0.0012107895454391837,0.014759134501218796
72,CSC1=Nc2ccccc2N(C)c2cscc21,0,16,C,0.002501626266166568,0.026082497090101242
72,CSC1=Nc2ccccc2N(C)c2cscc21,1,34,S,0.21929140388965607,0.8624704480171204
72,CSC1=Nc2ccccc2N(C)c2cscc21,2,16,C,0.5208290219306946,1.0446293354034424
72,CSC1=Nc2ccccc2N(C)c2cscc21,3,20,1,0.7297097444534302,0.4110916554927826
72,CSC1=Nc2ccccc2N(C)c2cscc21,4,22,=,0.012402488850057125,0.08771493285894394
72,CSC1=Nc2ccccc2N(C)c2cscc21,5,23,N,0.035711560398340225,0.21514569222927094
72,CSC1=Nc2ccccc2N(C)c2cscc21,6,15,c,0.1301671713590622,0.6000903844833374
72,CSC1=Nc2ccccc2N(C)c2cscc21,7,21,2,0.0014997185207903385,0.01777506433427334
72,CSC1=Nc2ccccc2N(C)c2cscc21,8,15,c,0.009963215328752995,0.07093369215726852
72,CSC1=Nc2ccccc2N(C)c2cscc21,9,15,c,0.058195676654577255,0.3024226427078247
72,CSC1=Nc2ccccc2N(C)c2cscc21,10,15,c,0.21663515269756317,0.5460147857666016
72,CSC1=Nc2ccccc2N(C)c2cscc21,11,15,c,0.029574619606137276,0.16125330328941345
72,CSC1=Nc2ccccc2N(C)c2cscc21,12,15,c,0.005421338602900505,0.04227105900645256
72,CSC1=Nc2ccccc2N(C)c2cscc21,13,21,2,0.004357044585049152,0.04364517331123352
72,CSC1=Nc2ccccc2N(C)c2cscc21,14,23,N,0.16695640981197357,0.6744151711463928
72,CSC1=Nc2ccccc2N(C)c2cscc21,15,17,(,0.17938727140426636,0.7567926645278931
72,CSC1=Nc2ccccc2N(C)c2cscc21,16,16,C,0.0044554476626217365,0.04402317851781845
72,CSC1=Nc2ccccc2N(C)c2cscc21,17,18,),0.001880562398582697,0.021038919687271118
72,CSC1=Nc2ccccc2N(C)c2cscc21,18,16,C,1.393353819847107,1.9911525249481201
72,CSC1=Nc2ccccc2N(C)c2cscc21,19,20,1,0.07593321055173874,0.4200260639190674
72,CSC1=Nc2ccccc2N(C)c2cscc21,20,22,=,0.7735317349433899,0.9369946718215942
72,CSC1=Nc2ccccc2N(C)c2cscc21,21,34,S,1.0006264448165894,1.3066624402999878
72,CSC1=Nc2ccccc2N(C)c2cscc21,22,13,[SEP],0.18086227774620056,0.542294979095459
73,CN(C)CCN1C(=O)N2C(c3cccc(O)c3)c3[nH]c4ccc(O)cc4c3CC2(C)C1=O,0,16,C,0.0010808231309056282,0.012796187773346901
73,CN(C)CCN1C(=O)N2C(c3cccc(O)c3)c3[nH]c4ccc(O)cc4c3CC2(C)C1=O,1,23,N,0.42702770233154297,0.8952411413192749
73,CN(C)CCN1C(=O)N2C(c3cccc(O)c3)c3[nH]c4ccc(O)cc4c3CC2(C)C1=O,2,17,(,0.03414895012974739,0.18711398541927338
73,CN(C)CCN1C(=O)N2C(c3cccc(O)c3)c3[nH]c4ccc(O)cc4c3CC2(C)C1=O,3,16,C,0.002134185517206788,0.022896651178598404
73,CN(C)CCN1C(=O)N2C(c3cccc(O)c3)c3[nH]c4ccc(O)cc4c3CC2(C)C1=O,4,18,),0.031334660947322845,0.18830682337284088
73,CN(C)CCN1C(=O)N2C(c3cccc(O)c3)c3[nH]c4ccc(O)cc4c3CC2(C)C1=O,5,16,C,0.007042460143566132,0.06522887945175171
73,CN(C)CCN1C(=O)N2C(c3cccc(O)c3)c3[nH]c4ccc(O)cc4c3CC2(C)C1=O,6,16,C,0.28279638290405273,0.9407176971435547
73,CN(C)CCN1C(=O)N2C(c3cccc(O)c3)c3[nH]c4ccc(O)cc4c3CC2(C)C1=O,7,16,C,1.1150559186935425,1.069750428199768
73,CN(C)CCN1C(=O)N2C(c3cccc(O)c3)c3[nH]c4ccc(O)cc4c3CC2(C)C1=O,8,17,(,0.05426911637187004,0.27640581130981445
73,CN(C)CCN1C(=O)N2C(c3cccc(O)c3)c3[nH]c4ccc(O)cc4c3CC2(C)C1=O,9,22,=,0.007684099953621626,0.0636216402053833
73,CN(C)CCN1C(=O)N2C(c3cccc(O)c3)c3[nH]c4ccc(O)cc4c3CC2(C)C1=O,10,19,O,0.0020431848242878914,0.020529640838503838
73,CN(C)CCN1C(=O)N2C(c3cccc(O)c3)c3[nH]c4ccc(O)cc4c3CC2(C)C1=O,11,18,),0.000590314157307148,0.007749901153147221
73,CN(C)CCN1C(=O)N2C(c3cccc(O)c3)c3[nH]c4ccc(O)cc4c3CC2(C)C1=O,12,23,N,0.07247170805931091,0.38029229640960693
73,CN(C)CCN1C(=O)N2C(c3cccc(O)c3)c3[nH]c4ccc(O)cc4c3CC2(C)C1=O,13,20,1,1.1761631965637207,1.7420798540115356
73,CN(C)CCN1C(=O)N2C(c3cccc(O)c3)c3[nH]c4ccc(O)cc4c3CC2(C)C1=O,14,16,C,0.8675042390823364,0.7662648558616638
73,CN(C)CCN1C(=O)N2C(c3cccc(O)c3)c3[nH]c4ccc(O)cc4c3CC2(C)C1=O,15,16,C,0.7244886159896851,1.3481253385543823
73,CN(C)CCN1C(=O)N2C(c3cccc(O)c3)c3[nH]c4ccc(O)cc4c3CC2(C)C1=O,16,17,(,1.3246406316757202,1.1744003295898438
73,CN(C)CCN1C(=O)N2C(c3cccc(O)c3)c3[nH]c4ccc(O)cc4c3CC2(C)C1=O,17,15,c,0.8129085302352905,1.0544604063034058
73,CN(C)CCN1C(=O)N2C(c3cccc(O)c3)c3[nH]c4ccc(O)cc4c3CC2(C)C1=O,18,21,2,0.0011736927554011345,0.014329656027257442
73,CN(C)CCN1C(=O)N2C(c3cccc(O)c3)c3[nH]c4ccc(O)cc4c3CC2(C)C1=O,19,15,c,0.012934578582644463,0.09288210421800613
73,CN(C)CCN1C(=O)N2C(c3cccc(O)c3)c3[nH]c4ccc(O)cc4c3CC2(C)C1=O,20,15,c,0.05932924151420593,0.3136614263057709
73,CN(C)CCN1C(=O)N2C(c3cccc(O)c3)c3[nH]c4ccc(O)cc4c3CC2(C)C1=O,21,15,c,0.1619555950164795,0.6739726066589355
73,CN(C)CCN1C(=O)N2C(c3cccc(O)c3)c3[nH]c4ccc(O)cc4c3CC2(C)C1=O,22,15,c,0.16864049434661865,0.6179943680763245
73,CN(C)CCN1C(=O)N2C(c3cccc(O)c3)c3[nH]c4ccc(O)cc4c3CC2(C)C1=O,23,17,(,0.15522368252277374,0.585972011089325
73,CN(C)CCN1C(=O)N2C(c3cccc(O)c3)c3[nH]c4ccc(O)cc4c3CC2(C)C1=O,24,19,O,0.005507094319909811,0.051870837807655334
73,CN(C)CCN1C(=O)N2C(c3cccc(O)c3)c3[nH]c4ccc(O)cc4c3CC2(C)C1=O,25,18,),0.011898241005837917,0.09128891676664352
73,CN(C)CCN1C(=O)N2C(c3cccc(O)c3)c3[nH]c4ccc(O)cc4c3CC2(C)C1=O,26,15,c,0.0012839114060625434,0.013514228165149689
73,CN(C)CCN1C(=O)N2C(c3cccc(O)c3)c3[nH]c4ccc(O)cc4c3CC2(C)C1=O,27,21,2,0.0016840953612700105,0.019692568108439445
73,CN(C)CCN1C(=O)N2C(c3cccc(O)c3)c3[nH]c4ccc(O)cc4c3CC2(C)C1=O,28,18,),0.0039473632350564,0.038917724043130875
73,CN(C)CCN1C(=O)N2C(c3cccc(O)c3)c3[nH]c4ccc(O)cc4c3CC2(C)C1=O,29,15,c,1.5481048822402954,1.0055197477340698
73,CN(C)CCN1C(=O)N2C(c3cccc(O)c3)c3[nH]c4ccc(O)cc4c3CC2(C)C1=O,30,21,2,0.0012542663607746363,0.015225431881844997
73,CN(C)CCN1C(=O)N2C(c3cccc(O)c3)c3[nH]c4ccc(O)cc4c3CC2(C)C1=O,31,40,[nH],0.6475927829742432,0.3592349588871002
73,CN(C)CCN1C(=O)N2C(c3cccc(O)c3)c3[nH]c4ccc(O)cc4c3CC2(C)C1=O,32,15,c,0.09202752262353897,0.3288498818874359
73,CN(C)CCN1C(=O)N2C(c3cccc(O)c3)c3[nH]c4ccc(O)cc4c3CC2(C)C1=O,33,26,3,0.24331943690776825,0.7235486507415771
73,CN(C)CCN1C(=O)N2C(c3cccc(O)c3)c3[nH]c4ccc(O)cc4c3CC2(C)C1=O,34,15,c,0.05977681279182434,0.25399351119995117
73,CN(C)CCN1C(=O)N2C(c3cccc(O)c3)c3[nH]c4ccc(O)cc4c3CC2(C)C1=O,35,15,c,0.03090016543865204,0.16550230979919434
73,CN(C)CCN1C(=O)N2C(c3cccc(O)c3)c3[nH]c4ccc(O)cc4c3CC2(C)C1=O,36,15,c,0.07878408581018448,0.28986382484436035
73,CN(C)CCN1C(=O)N2C(c3cccc(O)c3)c3[nH]c4ccc(O)cc4c3CC2(C)C1=O,37,17,(,0.045740555971860886,0.20394279062747955
73,CN(C)CCN1C(=O)N2C(c3cccc(O)c3)c3[nH]c4ccc(O)cc4c3CC2(C)C1=O,38,19,O,0.2837201952934265,0.973747730255127
73,CN(C)CCN1C(=O)N2C(c3cccc(O)c3)c3[nH]c4ccc(O)cc4c3CC2(C)C1=O,39,18,),0.010702871717512608,0.08812396973371506
73,CN(C)CCN1C(=O)N2C(c3cccc(O)c3)c3[nH]c4ccc(O)cc4c3CC2(C)C1=O,40,15,c,0.045178189873695374,0.2006179243326187
73,CN(C)CCN1C(=O)N2C(c3cccc(O)c3)c3[nH]c4ccc(O)cc4c3CC2(C)C1=O,41,15,c,0.003783221123740077,0.03575989976525307
73,CN(C)CCN1C(=O)N2C(c3cccc(O)c3)c3[nH]c4ccc(O)cc4c3CC2(C)C1=O,42,26,3,0.0020881372038275003,0.02375194989144802
73,CN(C)CCN1C(=O)N2C(c3cccc(O)c3)c3[nH]c4ccc(O)cc4c3CC2(C)C1=O,43,15,c,0.04986921697854996,0.3016809821128845
73,CN(C)CCN1C(=O)N2C(c3cccc(O)c3)c3[nH]c4ccc(O)cc4c3CC2(C)C1=O,44,21,2,0.002242154674604535,0.02406473271548748
73,CN(C)CCN1C(=O)N2C(c3cccc(O)c3)c3[nH]c4ccc(O)cc4c3CC2(C)C1=O,45,23,N,0.8006358742713928,1.7585831880569458
73,CN(C)CCN1C(=O)N2C(c3cccc(O)c3)c3[nH]c4ccc(O)cc4c3CC2(C)C1=O,46,16,C,0.08057308197021484,0.4309476613998413
73,CN(C)CCN1C(=O)N2C(c3cccc(O)c3)c3[nH]c4ccc(O)cc4c3CC2(C)C1=O,47,20,1,0.08566290140151978,0.3178480863571167
73,CN(C)CCN1C(=O)N2C(c3cccc(O)c3)c3[nH]c4ccc(O)cc4c3CC2(C)C1=O,48,22,=,0.0023165331222116947,0.024619605392217636
73,CN(C)CCN1C(=O)N2C(c3cccc(O)c3)c3[nH]c4ccc(O)cc4c3CC2(C)C1=O,49,19,O,0.01460012886673212,0.09296476095914841
73,CN(C)CCN1C(=O)N2C(c3cccc(O)c3)c3[nH]c4ccc(O)cc4c3CC2(C)C1=O,50,13,[SEP],0.24710364639759064,0.46445760130882263
74,CCC1CNCCc2ccc(I)cc21,0,16,C,0.0014075648505240679,0.01654471829533577
74,CCC1CNCCc2ccc(I)cc21,1,16,C,0.0038878361228853464,0.03875984996557236
74,CCC1CNCCc2ccc(I)cc21,2,16,C,1.0129791498184204,0.3103448152542114
74,CCC1CNCCc2ccc(I)cc21,3,20,1,0.2525848150253296,0.5239785313606262
74,CCC1CNCCc2ccc(I)cc21,4,16,C,0.07188255339860916,0.3592020869255066
74,CCC1CNCCc2ccc(I)cc21,5,15,c,0.9323326349258423,0.5934566259384155
74,CCC1CNCCc2ccc(I)cc21,6,21,2,0.001462804153561592,0.017733760178089142
74,CCC1CNCCc2ccc(I)cc21,7,15,c,0.0009456932893954217,0.01024008821696043
74,CCC1CNCCc2ccc(I)cc21,8,15,c,0.0037412671372294426,0.03182569518685341
74,CCC1CNCCc2ccc(I)cc21,9,15,c,0.015454800799489021,0.09000954777002335
74,CCC1CNCCc2ccc(I)cc21,10,17,(,0.0010272967629134655,0.012326007708907127
74,CCC1CNCCc2ccc(I)cc21,11,48,I,0.007010291796177626,0.07018809765577316
74,CCC1CNCCc2ccc(I)cc21,12,18,),0.0015300902305170894,0.018228909000754356
74,CCC1CNCCc2ccc(I)cc21,13,15,c,0.001055006985552609,0.01148284412920475
74,CCC1CNCCc2ccc(I)cc21,14,15,c,0.001282152021303773,0.014096362516283989
74,CCC1CNCCc2ccc(I)cc21,15,21,2,0.0011716407025232911,0.014390138909220695
74,CCC1CNCCc2ccc(I)cc21,16,23,N,0.6540024876594543,0.5818703770637512
74,CCC1CNCCc2ccc(I)cc21,17,16,C,0.24831809103488922,0.5892750024795532
74,CCC1CNCCc2ccc(I)cc21,18,16,C,0.7370918989181519,0.3014298677444458
74,CCC1CNCCc2ccc(I)cc21,19,23,N,0.6480276584625244,0.5742879509925842
74,CCC1CNCCc2ccc(I)cc21,20,20,1,0.0035389354452490807,0.03573295474052429
74,CCC1CNCCc2ccc(I)cc21,21,13,[SEP],0.001909472863189876,0.020393723621964455
75,CC(C)(C)c1cc(OC(=O)/C=C\C(=O)O)cc(C(C)(C)C)c1O,0,16,C,0.007858172059059143,0.06920339167118073
75,CC(C)(C)c1cc(OC(=O)/C=C\C(=O)O)cc(C(C)(C)C)c1O,1,16,C,0.02326395735144615,0.16528230905532837
75,CC(C)(C)c1cc(OC(=O)/C=C\C(=O)O)cc(C(C)(C)C)c1O,2,17,(,0.009137595072388649,0.07411161810159683
75,CC(C)(C)c1cc(OC(=O)/C=C\C(=O)O)cc(C(C)(C)C)c1O,3,16,C,0.010823101736605167,0.08601607382297516
75,CC(C)(C)c1cc(OC(=O)/C=C\C(=O)O)cc(C(C)(C)C)c1O,4,18,),0.0013036375166848302,0.015175619162619114
75,CC(C)(C)c1cc(OC(=O)/C=C\C(=O)O)cc(C(C)(C)C)c1O,5,17,(,0.0017992666689679027,0.018489154055714607
75,CC(C)(C)c1cc(OC(=O)/C=C\C(=O)O)cc(C(C)(C)C)c1O,6,16,C,0.00205413019284606,0.02149520441889763
75,CC(C)(C)c1cc(OC(=O)/C=C\C(=O)O)cc(C(C)(C)C)c1O,7,18,),0.0015560979954898357,0.01755215972661972
75,CC(C)(C)c1cc(OC(=O)/C=C\C(=O)O)cc(C(C)(C)C)c1O,8,15,c,0.3055010139942169,0.700302243232727
75,CC(C)(C)c1cc(OC(=O)/C=C\C(=O)O)cc(C(C)(C)C)c1O,9,20,1,0.001094145467504859,0.013000127859413624
75,CC(C)(C)c1cc(OC(=O)/C=C\C(=O)O)cc(C(C)(C)C)c1O,10,15,c,0.026225244626402855,0.17095854878425598
75,CC(C)(C)c1cc(OC(=O)/C=C\C(=O)O)cc(C(C)(C)C)c1O,11,15,c,0.09146939963102341,0.32509589195251465
75,CC(C)(C)c1cc(OC(=O)/C=C\C(=O)O)cc(C(C)(C)C)c1O,12,17,(,0.20292320847511292,0.5958619117736816
75,CC(C)(C)c1cc(OC(=O)/C=C\C(=O)O)cc(C(C)(C)C)c1O,13,19,O,0.5884814262390137,0.9928339123725891
75,CC(C)(C)c1cc(OC(=O)/C=C\C(=O)O)cc(C(C)(C)C)c1O,14,18,),0.06905534118413925,0.3152540326118469
75,CC(C)(C)c1cc(OC(=O)/C=C\C(=O)O)cc(C(C)(C)C)c1O,15,15,c,0.0012719326186925173,0.014463242143392563
75,CC(C)(C)c1cc(OC(=O)/C=C\C(=O)O)cc(C(C)(C)C)c1O,16,17,(,0.7020012736320496,0.3587966859340668
75,CC(C)(C)c1cc(OC(=O)/C=C\C(=O)O)cc(C(C)(C)C)c1O,17,19,O,0.4236578941345215,0.9372625350952148
75,CC(C)(C)c1cc(OC(=O)/C=C\C(=O)O)cc(C(C)(C)C)c1O,18,18,),0.1833028346300125,0.5390202403068542
75,CC(C)(C)c1cc(OC(=O)/C=C\C(=O)O)cc(C(C)(C)C)c1O,19,15,c,0.0022469782270491123,0.021637389436364174
75,CC(C)(C)c1cc(OC(=O)/C=C\C(=O)O)cc(C(C)(C)C)c1O,20,17,(,0.05465153977274895,0.2539283037185669
75,CC(C)(C)c1cc(OC(=O)/C=C\C(=O)O)cc(C(C)(C)C)c1O,21,16,C,0.6983976364135742,1.3790637254714966
75,CC(C)(C)c1cc(OC(=O)/C=C\C(=O)O)cc(C(C)(C)C)c1O,22,17,(,0.4669562578201294,0.5557472705841064
75,CC(C)(C)c1cc(OC(=O)/C=C\C(=O)O)cc(C(C)(C)C)c1O,23,22,=,0.36885911226272583,0.5351276993751526
75,CC(C)(C)c1cc(OC(=O)/C=C\C(=O)O)cc(C(C)(C)C)c1O,24,19,O,0.00897585041821003,0.0631728321313858
75,CC(C)(C)c1cc(OC(=O)/C=C\C(=O)O)cc(C(C)(C)C)c1O,25,18,),0.0005058911629021168,0.006831423379480839
75,CC(C)(C)c1cc(OC(=O)/C=C\C(=O)O)cc(C(C)(C)C)c1O,26,16,C,1.1101151704788208,0.6442984342575073
75,CC(C)(C)c1cc(OC(=O)/C=C\C(=O)O)cc(C(C)(C)C)c1O,27,22,=,0.016039900481700897,0.12274114787578583
75,CC(C)(C)c1cc(OC(=O)/C=C\C(=O)O)cc(C(C)(C)C)c1O,28,16,C,0.008214019238948822,0.07391929626464844
75,CC(C)(C)c1cc(OC(=O)/C=C\C(=O)O)cc(C(C)(C)C)c1O,29,16,C,0.18570531904697418,0.9349005222320557
75,CC(C)(C)c1cc(OC(=O)/C=C\C(=O)O)cc(C(C)(C)C)c1O,30,17,(,0.035248152911663055,0.19650307297706604
75,CC(C)(C)c1cc(OC(=O)/C=C\C(=O)O)cc(C(C)(C)C)c1O,31,22,=,0.6777544617652893,0.3177332580089569
75,CC(C)(C)c1cc(OC(=O)/C=C\C(=O)O)cc(C(C)(C)C)c1O,32,19,O,0.004957141820341349,0.044122740626335144
75,CC(C)(C)c1cc(OC(=O)/C=C\C(=O)O)cc(C(C)(C)C)c1O,33,18,),0.0005290111294016242,0.007132606115192175
75,CC(C)(C)c1cc(OC(=O)/C=C\C(=O)O)cc(C(C)(C)C)c1O,34,16,C,1.347428321838379,1.2785669565200806
75,CC(C)(C)c1cc(OC(=O)/C=C\C(=O)O)cc(C(C)(C)C)c1O,35,17,(,0.1610991507768631,0.6745631098747253
75,CC(C)(C)c1cc(OC(=O)/C=C\C(=O)O)cc(C(C)(C)C)c1O,36,16,C,0.012064591981470585,0.10005743056535721
75,CC(C)(C)c1cc(OC(=O)/C=C\C(=O)O)cc(C(C)(C)C)c1O,37,18,),0.0010937306797131896,0.013551098294556141
75,CC(C)(C)c1cc(OC(=O)/C=C\C(=O)O)cc(C(C)(C)C)c1O,38,17,(,0.0013641780242323875,0.015288010239601135
75,CC(C)(C)c1cc(OC(=O)/C=C\C(=O)O)cc(C(C)(C)C)c1O,39,16,C,0.0030470003839582205,0.03119574300944805
75,CC(C)(C)c1cc(OC(=O)/C=C\C(=O)O)cc(C(C)(C)C)c1O,40,18,),0.0007028230465948582,0.009239829145371914
75,CC(C)(C)c1cc(OC(=O)/C=C\C(=O)O)cc(C(C)(C)C)c1O,41,16,C,0.0014218793949112296,0.016251225024461746
75,CC(C)(C)c1cc(OC(=O)/C=C\C(=O)O)cc(C(C)(C)C)c1O,42,18,),0.0010810715612024069,0.01361862849444151
75,CC(C)(C)c1cc(OC(=O)/C=C\C(=O)O)cc(C(C)(C)C)c1O,43,15,c,0.12248647958040237,0.46471115946769714
75,CC(C)(C)c1cc(OC(=O)/C=C\C(=O)O)cc(C(C)(C)C)c1O,44,20,1,0.016608931124210358,0.13016320765018463
75,CC(C)(C)c1cc(OC(=O)/C=C\C(=O)O)cc(C(C)(C)C)c1O,45,13,[SEP],0.03958740830421448,0.2206346094608307
76,CCn1cc(-c2cccc(CCOCCC(=O)N(CC(OC)OC)C3CCCC3)c2)cn1,0,16,C,0.0010775186819955707,0.012608260847628117
76,CCn1cc(-c2cccc(CCOCCC(=O)N(CC(OC)OC)C3CCCC3)c2)cn1,1,16,C,0.024488896131515503,0.16796578466892242
76,CCn1cc(-c2cccc(CCOCCC(=O)N(CC(OC)OC)C3CCCC3)c2)cn1,2,25,n,0.09964805096387863,0.401754766702652
76,CCn1cc(-c2cccc(CCOCCC(=O)N(CC(OC)OC)C3CCCC3)c2)cn1,3,20,1,0.0018170832190662622,0.020971432328224182
76,CCn1cc(-c2cccc(CCOCCC(=O)N(CC(OC)OC)C3CCCC3)c2)cn1,4,15,c,0.0026327960658818483,0.0246832687407732
76,CCn1cc(-c2cccc(CCOCCC(=O)N(CC(OC)OC)C3CCCC3)c2)cn1,5,15,c,0.0026260563172399998,0.025706863030791283
76,CCn1cc(-c2cccc(CCOCCC(=O)N(CC(OC)OC)C3CCCC3)c2)cn1,6,17,(,0.016011644154787064,0.11865539848804474
76,CCn1cc(-c2cccc(CCOCCC(=O)N(CC(OC)OC)C3CCCC3)c2)cn1,7,31,-,0.3127215802669525,0.661767303943634
76,CCn1cc(-c2cccc(CCOCCC(=O)N(CC(OC)OC)C3CCCC3)c2)cn1,8,15,c,0.0017558843828737736,0.017303364351391792
76,CCn1cc(-c2cccc(CCOCCC(=O)N(CC(OC)OC)C3CCCC3)c2)cn1,9,21,2,0.0015642489306628704,0.018272370100021362
76,CCn1cc(-c2cccc(CCOCCC(=O)N(CC(OC)OC)C3CCCC3)c2)cn1,10,15,c,0.001304187928326428,0.01468074694275856
76,CCn1cc(-c2cccc(CCOCCC(=O)N(CC(OC)OC)C3CCCC3)c2)cn1,11,15,c,0.003482252126559615,0.03175675496459007
76,CCn1cc(-c2cccc(CCOCCC(=O)N(CC(OC)OC)C3CCCC3)c2)cn1,12,15,c,0.012966522946953773,0.08835384994745255
76,CCn1cc(-c2cccc(CCOCCC(=O)N(CC(OC)OC)C3CCCC3)c2)cn1,13,15,c,0.023074699565768242,0.12894797325134277
76,CCn1cc(-c2cccc(CCOCCC(=O)N(CC(OC)OC)C3CCCC3)c2)cn1,14,17,(,0.4238652288913727,0.4716062843799591
76,CCn1cc(-c2cccc(CCOCCC(=O)N(CC(OC)OC)C3CCCC3)c2)cn1,15,16,C,0.02164306864142418,0.15908481180667877
76,CCn1cc(-c2cccc(CCOCCC(=O)N(CC(OC)OC)C3CCCC3)c2)cn1,16,16,C,0.217016339302063,0.8223664164543152
76,CCn1cc(-c2cccc(CCOCCC(=O)N(CC(OC)OC)C3CCCC3)c2)cn1,17,19,O,0.5039850473403931,1.053504467010498
76,CCn1cc(-c2cccc(CCOCCC(=O)N(CC(OC)OC)C3CCCC3)c2)cn1,18,16,C,0.015604417771100998,0.11939166486263275
76,CCn1cc(-c2cccc(CCOCCC(=O)N(CC(OC)OC)C3CCCC3)c2)cn1,19,16,C,1.1056230068206787,1.3890610933303833
76,CCn1cc(-c2cccc(CCOCCC(=O)N(CC(OC)OC)C3CCCC3)c2)cn1,20,16,C,0.9260293841362,0.7666177749633789
76,CCn1cc(-c2cccc(CCOCCC(=O)N(CC(OC)OC)C3CCCC3)c2)cn1,21,17,(,0.04632638767361641,0.27008700370788574
76,CCn1cc(-c2cccc(CCOCCC(=O)N(CC(OC)OC)C3CCCC3)c2)cn1,22,22,=,0.0066895801573991776,0.05709938332438469
76,CCn1cc(-c2cccc(CCOCCC(=O)N(CC(OC)OC)C3CCCC3)c2)cn1,23,19,O,0.0015287853311747313,0.016566088423132896
76,CCn1cc(-c2cccc(CCOCCC(=O)N(CC(OC)OC)C3CCCC3)c2)cn1,24,18,),0.0005434196791611612,0.007219632621854544
76,CCn1cc(-c2cccc(CCOCCC(=O)N(CC(OC)OC)C3CCCC3)c2)cn1,25,23,N,0.045500461012125015,0.2286992073059082
76,CCn1cc(-c2cccc(CCOCCC(=O)N(CC(OC)OC)C3CCCC3)c2)cn1,26,17,(,0.4746755361557007,0.6375706791877747
76,CCn1cc(-c2cccc(CCOCCC(=O)N(CC(OC)OC)C3CCCC3)c2)cn1,27,16,C,0.06755238771438599,0.2841242849826813
76,CCn1cc(-c2cccc(CCOCCC(=O)N(CC(OC)OC)C3CCCC3)c2)cn1,28,18,),0.8752245306968689,0.976564347743988
76,CCn1cc(-c2cccc(CCOCCC(=O)N(CC(OC)OC)C3CCCC3)c2)cn1,29,19,O,0.15648379921913147,0.4603324830532074
76,CCn1cc(-c2cccc(CCOCCC(=O)N(CC(OC)OC)C3CCCC3)c2)cn1,30,16,C,0.026011236011981964,0.1794498860836029
76,CCn1cc(-c2cccc(CCOCCC(=O)N(CC(OC)OC)C3CCCC3)c2)cn1,31,18,),0.3574439287185669,1.104129672050476
76,CCn1cc(-c2cccc(CCOCCC(=O)N(CC(OC)OC)C3CCCC3)c2)cn1,32,15,c,0.0014779319753870368,0.014560859650373459
76,CCn1cc(-c2cccc(CCOCCC(=O)N(CC(OC)OC)C3CCCC3)c2)cn1,33,21,2,0.0009126055520027876,0.011123831383883953
76,CCn1cc(-c2cccc(CCOCCC(=O)N(CC(OC)OC)C3CCCC3)c2)cn1,34,18,),0.005606034770607948,0.052452731877565384
76,CCn1cc(-c2cccc(CCOCCC(=O)N(CC(OC)OC)C3CCCC3)c2)cn1,35,15,c,0.08852043002843857,0.31629708409309387
76,CCn1cc(-c2cccc(CCOCCC(=O)N(CC(OC)OC)C3CCCC3)c2)cn1,36,15,c,0.8526461124420166,0.4790031611919403
76,CCn1cc(-c2cccc(CCOCCC(=O)N(CC(OC)OC)C3CCCC3)c2)cn1,37,20,1,0.031183941289782524,0.19515164196491241
76,CCn1cc(-c2cccc(CCOCCC(=O)N(CC(OC)OC)C3CCCC3)c2)cn1,38,16,C,0.022743001580238342,0.16631761193275452
76,CCn1cc(-c2cccc(CCOCCC(=O)N(CC(OC)OC)C3CCCC3)c2)cn1,39,17,(,0.039153117686510086,0.24046079814434052
76,CCn1cc(-c2cccc(CCOCCC(=O)N(CC(OC)OC)C3CCCC3)c2)cn1,40,22,=,0.01923116110265255,0.12993791699409485
76,CCn1cc(-c2cccc(CCOCCC(=O)N(CC(OC)OC)C3CCCC3)c2)cn1,41,19,O,0.00292580365203321,0.028533007949590683
76,CCn1cc(-c2cccc(CCOCCC(=O)N(CC(OC)OC)C3CCCC3)c2)cn1,42,18,),0.0006274983752518892,0.00820523127913475
76,CCn1cc(-c2cccc(CCOCCC(=O)N(CC(OC)OC)C3CCCC3)c2)cn1,43,23,N,0.005925016012042761,0.05882508307695389
76,CCn1cc(-c2cccc(CCOCCC(=O)N(CC(OC)OC)C3CCCC3)c2)cn1,44,20,1,0.08744543045759201,0.31816762685775757
76,CCn1cc(-c2cccc(CCOCCC(=O)N(CC(OC)OC)C3CCCC3)c2)cn1,45,16,C,0.002888733521103859,0.029404137283563614
76,CCn1cc(-c2cccc(CCOCCC(=O)N(CC(OC)OC)C3CCCC3)c2)cn1,46,16,C,0.005207427311688662,0.050139427185058594
76,CCn1cc(-c2cccc(CCOCCC(=O)N(CC(OC)OC)C3CCCC3)c2)cn1,47,16,C,0.01740197464823723,0.1302938312292099
76,CCn1cc(-c2cccc(CCOCCC(=O)N(CC(OC)OC)C3CCCC3)c2)cn1,48,16,C,0.04773622378706932,0.2790205180644989
76,CCn1cc(-c2cccc(CCOCCC(=O)N(CC(OC)OC)C3CCCC3)c2)cn1,49,20,1,0.5835087299346924,0.783939778804779
76,CCn1cc(-c2cccc(CCOCCC(=O)N(CC(OC)OC)C3CCCC3)c2)cn1,50,13,[SEP],0.4642820954322815,1.3773976564407349
77,CC(C)(C)OC(=O)N(c1nc(Br)cn2c(C=O)cnc12)C1CC1,0,16,C,0.0015514623373746872,0.017356209456920624
77,CC(C)(C)OC(=O)N(c1nc(Br)cn2c(C=O)cnc12)C1CC1,1,16,C,0.004320577252656221,0.04169997200369835
77,CC(C)(C)OC(=O)N(c1nc(Br)cn2c(C=O)cnc12)C1CC1,2,17,(,0.18934433162212372,0.6174441576004028
77,CC(C)(C)OC(=O)N(c1nc(Br)cn2c(C=O)cnc12)C1CC1,3,16,C,0.0015317379729822278,0.016840465366840363
77,CC(C)(C)OC(=O)N(c1nc(Br)cn2c(C=O)cnc12)C1CC1,4,18,),0.0009892145171761513,0.011920987628400326
77,CC(C)(C)OC(=O)N(c1nc(Br)cn2c(C=O)cnc12)C1CC1,5,17,(,0.0030236649326980114,0.028544802218675613
77,CC(C)(C)OC(=O)N(c1nc(Br)cn2c(C=O)cnc12)C1CC1,6,16,C,0.0010410032700747252,0.012277530506253242
77,CC(C)(C)OC(=O)N(c1nc(Br)cn2c(C=O)cnc12)C1CC1,7,18,),0.0007820525206625462,0.009820893406867981
77,CC(C)(C)OC(=O)N(c1nc(Br)cn2c(C=O)cnc12)C1CC1,8,19,O,0.019371800124645233,0.11985044181346893
77,CC(C)(C)OC(=O)N(c1nc(Br)cn2c(C=O)cnc12)C1CC1,9,16,C,0.004953331314027309,0.045774709433317184
77,CC(C)(C)OC(=O)N(c1nc(Br)cn2c(C=O)cnc12)C1CC1,10,17,(,0.0009589557303115726,0.010973913595080376
77,CC(C)(C)OC(=O)N(c1nc(Br)cn2c(C=O)cnc12)C1CC1,11,22,=,0.0024959349539130926,0.025043098255991936
77,CC(C)(C)OC(=O)N(c1nc(Br)cn2c(C=O)cnc12)C1CC1,12,19,O,0.0009151794365607202,0.010658051818609238
77,CC(C)(C)OC(=O)N(c1nc(Br)cn2c(C=O)cnc12)C1CC1,13,18,),0.0005727199604734778,0.007574556861072779
77,CC(C)(C)OC(=O)N(c1nc(Br)cn2c(C=O)cnc12)C1CC1,14,23,N,0.6440420746803284,1.251693844795227
77,CC(C)(C)OC(=O)N(c1nc(Br)cn2c(C=O)cnc12)C1CC1,15,17,(,0.15488256514072418,0.5740500092506409
77,CC(C)(C)OC(=O)N(c1nc(Br)cn2c(C=O)cnc12)C1CC1,16,15,c,0.04417746141552925,0.2157239019870758
77,CC(C)(C)OC(=O)N(c1nc(Br)cn2c(C=O)cnc12)C1CC1,17,20,1,0.004150618799030781,0.034247685223817825
77,CC(C)(C)OC(=O)N(c1nc(Br)cn2c(C=O)cnc12)C1CC1,18,15,c,0.3104378283023834,0.5132868885993958
77,CC(C)(C)OC(=O)N(c1nc(Br)cn2c(C=O)cnc12)C1CC1,19,25,n,0.5802338719367981,0.8438466787338257
77,CC(C)(C)OC(=O)N(c1nc(Br)cn2c(C=O)cnc12)C1CC1,20,25,n,0.8445018529891968,0.8988100290298462
77,CC(C)(C)OC(=O)N(c1nc(Br)cn2c(C=O)cnc12)C1CC1,21,15,c,1.1355352401733398,0.49094220995903015
77,CC(C)(C)OC(=O)N(c1nc(Br)cn2c(C=O)cnc12)C1CC1,22,21,2,0.8842315077781677,1.4272229671478271
77,CC(C)(C)OC(=O)N(c1nc(Br)cn2c(C=O)cnc12)C1CC1,23,15,c,0.021965935826301575,0.16992433369159698
77,CC(C)(C)OC(=O)N(c1nc(Br)cn2c(C=O)cnc12)C1CC1,24,17,(,0.2714795470237732,0.6734586358070374
77,CC(C)(C)OC(=O)N(c1nc(Br)cn2c(C=O)cnc12)C1CC1,25,37,Br,0.294168621301651,0.8482605218887329
77,CC(C)(C)OC(=O)N(c1nc(Br)cn2c(C=O)cnc12)C1CC1,26,18,),0.0014441817766055465,0.016826549544930458
77,CC(C)(C)OC(=O)N(c1nc(Br)cn2c(C=O)cnc12)C1CC1,27,15,c,0.2700066864490509,0.559394359588623
77,CC(C)(C)OC(=O)N(c1nc(Br)cn2c(C=O)cnc12)C1CC1,28,25,n,1.3534519672393799,1.0407408475875854
77,CC(C)(C)OC(=O)N(c1nc(Br)cn2c(C=O)cnc12)C1CC1,29,15,c,0.4686294198036194,0.9327816367149353
77,CC(C)(C)OC(=O)N(c1nc(Br)cn2c(C=O)cnc12)C1CC1,30,15,c,0.1426653116941452,0.6790361404418945
77,CC(C)(C)OC(=O)N(c1nc(Br)cn2c(C=O)cnc12)C1CC1,31,20,1,0.002612755633890629,0.0278814435005188
77,CC(C)(C)OC(=O)N(c1nc(Br)cn2c(C=O)cnc12)C1CC1,32,21,2,0.01316856686025858,0.10969119518995285
77,CC(C)(C)OC(=O)N(c1nc(Br)cn2c(C=O)cnc12)C1CC1,33,18,),0.001647926401346922,0.01834644377231598
77,CC(C)(C)OC(=O)N(c1nc(Br)cn2c(C=O)cnc12)C1CC1,34,16,C,0.010410328395664692,0.07925678789615631
77,CC(C)(C)OC(=O)N(c1nc(Br)cn2c(C=O)cnc12)C1CC1,35,20,1,0.10654802620410919,0.41283535957336426
77,CC(C)(C)OC(=O)N(c1nc(Br)cn2c(C=O)cnc12)C1CC1,36,16,C,0.0024839965626597404,0.026560481637716293
77,CC(C)(C)OC(=O)N(c1nc(Br)cn2c(C=O)cnc12)C1CC1,37,16,C,0.0017212954116985202,0.019158724695444107
77,CC(C)(C)OC(=O)N(c1nc(Br)cn2c(C=O)cnc12)C1CC1,38,20,1,0.0018325301352888346,0.02116687037050724
77,CC(C)(C)OC(=O)N(c1nc(Br)cn2c(C=O)cnc12)C1CC1,39,13,[SEP],0.0007546843262389302,0.009062281809747219
78,COc1cc(C(=O)c2cc(OC)c(OC)c(OC)c2OC)c(O)c(OC)c1OC,0,16,C,0.0028995906468480825,0.029881855472922325
78,COc1cc(C(=O)c2cc(OC)c(OC)c(OC)c2OC)c(O)c(OC)c1OC,1,19,O,0.008321092464029789,0.06684418022632599
78,COc1cc(C(=O)c2cc(OC)c(OC)c(OC)c2OC)c(O)c(OC)c1OC,2,15,c,0.016579223796725273,0.10899005085229874
78,COc1cc(C(=O)c2cc(OC)c(OC)c(OC)c2OC)c(O)c(OC)c1OC,3,20,1,0.0013087796978652477,0.014281844720244408
78,COc1cc(C(=O)c2cc(OC)c(OC)c(OC)c2OC)c(O)c(OC)c1OC,4,15,c,0.004274148494005203,0.03996853157877922
78,COc1cc(C(=O)c2cc(OC)c(OC)c(OC)c2OC)c(O)c(OC)c1OC,5,17,(,0.7066341638565063,0.151961550116539
78,COc1cc(C(=O)c2cc(OC)c(OC)c(OC)c2OC)c(O)c(OC)c1OC,6,19,O,0.8290863633155823,0.7228178381919861
78,COc1cc(C(=O)c2cc(OC)c(OC)c(OC)c2OC)c(O)c(OC)c1OC,7,16,C,0.7204921245574951,0.2022678107023239
78,COc1cc(C(=O)c2cc(OC)c(OC)c(OC)c2OC)c(O)c(OC)c1OC,8,18,),0.01893838495016098,0.1426244080066681
78,COc1cc(C(=O)c2cc(OC)c(OC)c(OC)c2OC)c(O)c(OC)c1OC,9,15,c,0.0017622135346755385,0.019967764616012573
78,COc1cc(C(=O)c2cc(OC)c(OC)c(OC)c2OC)c(O)c(OC)c1OC,10,17,(,0.5980465412139893,0.3666233420372009
78,COc1cc(C(=O)c2cc(OC)c(OC)c(OC)c2OC)c(O)c(OC)c1OC,11,19,O,0.7582775354385376,0.8749334812164307
78,COc1cc(C(=O)c2cc(OC)c(OC)c(OC)c2OC)c(O)c(OC)c1OC,12,16,C,0.23713825643062592,0.5958262085914612
78,COc1cc(C(=O)c2cc(OC)c(OC)c(OC)c2OC)c(O)c(OC)c1OC,13,18,),0.029040753841400146,0.1992591768503189
78,COc1cc(C(=O)c2cc(OC)c(OC)c(OC)c2OC)c(O)c(OC)c1OC,14,15,c,0.0016644345596432686,0.017537398263812065
78,COc1cc(C(=O)c2cc(OC)c(OC)c(OC)c2OC)c(O)c(OC)c1OC,15,15,c,0.6628412008285522,0.3297496736049652
78,COc1cc(C(=O)c2cc(OC)c(OC)c(OC)c2OC)c(O)c(OC)c1OC,16,17,(,0.08268482983112335,0.35649845004081726
78,COc1cc(C(=O)c2cc(OC)c(OC)c(OC)c2OC)c(O)c(OC)c1OC,17,16,C,0.2213783860206604,0.6246476769447327
78,COc1cc(C(=O)c2cc(OC)c(OC)c(OC)c2OC)c(O)c(OC)c1OC,18,22,=,0.661004364490509,0.5595682859420776
78,COc1cc(C(=O)c2cc(OC)c(OC)c(OC)c2OC)c(O)c(OC)c1OC,19,19,O,0.1121901199221611,0.39629143476486206
78,COc1cc(C(=O)c2cc(OC)c(OC)c(OC)c2OC)c(O)c(OC)c1OC,20,18,),0.0005898220697417855,0.007744984235614538
78,COc1cc(C(=O)c2cc(OC)c(OC)c(OC)c2OC)c(O)c(OC)c1OC,21,15,c,0.012042883783578873,0.10053660720586777
78,COc1cc(C(=O)c2cc(OC)c(OC)c(OC)c2OC)c(O)c(OC)c1OC,22,17,(,0.3936176598072052,0.8182925581932068
78,COc1cc(C(=O)c2cc(OC)c(OC)c(OC)c2OC)c(O)c(OC)c1OC,23,19,O,0.6484450101852417,0.9013816714286804
78,COc1cc(C(=O)c2cc(OC)c(OC)c(OC)c2OC)c(O)c(OC)c1OC,24,16,C,0.04392746090888977,0.22708402574062347
78,COc1cc(C(=O)c2cc(OC)c(OC)c(OC)c2OC)c(O)c(OC)c1OC,25,18,),0.005308603402227163,0.04976978525519371
78,COc1cc(C(=O)c2cc(OC)c(OC)c(OC)c2OC)c(O)c(OC)c1OC,26,15,c,0.004279256798326969,0.038692109286785126
78,COc1cc(C(=O)c2cc(OC)c(OC)c(OC)c2OC)c(O)c(OC)c1OC,27,20,1,0.12314195930957794,0.4785967171192169
78,COc1cc(C(=O)c2cc(OC)c(OC)c(OC)c2OC)c(O)c(OC)c1OC,28,19,O,0.7072627544403076,1.9711525440216064
78,COc1cc(C(=O)c2cc(OC)c(OC)c(OC)c2OC)c(O)c(OC)c1OC,29,16,C,0.006998440250754356,0.06740955263376236
78,COc1cc(C(=O)c2cc(OC)c(OC)c(OC)c2OC)c(O)c(OC)c1OC,30,13,[SEP],0.531161367893219,0.8941079378128052
79,CC1(C)[C@@H](CO)C[C@H]1NC(=O)OCc1ccccc1,0,16,C,0.0010625511640682817,0.012595782987773418
79,CC1(C)[C@@H](CO)C[C@H]1NC(=O)OCc1ccccc1,1,16,C,0.6395220160484314,0.7957770824432373
79,CC1(C)[C@@H](CO)C[C@H]1NC(=O)OCc1ccccc1,2,20,1,0.5937315821647644,0.3617529571056366
79,CC1(C)[C@@H](CO)C[C@H]1NC(=O)OCc1ccccc1,3,17,(,0.7517049312591553,0.4366042912006378
79,CC1(C)[C@@H](CO)C[C@H]1NC(=O)OCc1ccccc1,4,16,C,0.0075406236574053764,0.06465745717287064
79,CC1(C)[C@@H](CO)C[C@H]1NC(=O)OCc1ccccc1,5,18,),0.006227429024875164,0.059314433485269547
79,CC1(C)[C@@H](CO)C[C@H]1NC(=O)OCc1ccccc1,6,35,[C@@H],1.053186058998108,0.2199126034975052
79,CC1(C)[C@@H](CO)C[C@H]1NC(=O)OCc1ccccc1,7,17,(,0.1346452534198761,0.6290721893310547
79,CC1(C)[C@@H](CO)C[C@H]1NC(=O)OCc1ccccc1,8,16,C,0.7019546031951904,1.1182637214660645
79,CC1(C)[C@@H](CO)C[C@H]1NC(=O)OCc1ccccc1,9,19,O,0.30990171432495117,1.257784366607666
79,CC1(C)[C@@H](CO)C[C@H]1NC(=O)OCc1ccccc1,10,18,),0.009531781077384949,0.08331124484539032
79,CC1(C)[C@@H](CO)C[C@H]1NC(=O)OCc1ccccc1,11,16,C,0.23331980407238007,0.8154958486557007
79,CC1(C)[C@@H](CO)C[C@H]1NC(=O)OCc1ccccc1,12,33,[C@H],0.9459723830223083,0.7307263016700745
79,CC1(C)[C@@H](CO)C[C@H]1NC(=O)OCc1ccccc1,13,20,1,0.05238203704357147,0.2569219768047333
79,CC1(C)[C@@H](CO)C[C@H]1NC(=O)OCc1ccccc1,14,23,N,0.005671719089150429,0.05336180329322815
79,CC1(C)[C@@H](CO)C[C@H]1NC(=O)OCc1ccccc1,15,16,C,0.005207454320043325,0.05032459646463394
79,CC1(C)[C@@H](CO)C[C@H]1NC(=O)OCc1ccccc1,16,17,(,0.0008186283521354198,0.009873933158814907
79,CC1(C)[C@@H](CO)C[C@H]1NC(=O)OCc1ccccc1,17,22,=,0.002116304822266102,0.02159590646624565
79,CC1(C)[C@@H](CO)C[C@H]1NC(=O)OCc1ccccc1,18,19,O,0.0007208772003650665,0.009142550639808178
79,CC1(C)[C@@H](CO)C[C@H]1NC(=O)OCc1ccccc1,19,18,),0.0005510580376721919,0.007370032835751772
79,CC1(C)[C@@H](CO)C[C@H]1NC(=O)OCc1ccccc1,20,19,O,0.0013785400660708547,0.016316529363393784
79,CC1(C)[C@@H](CO)C[C@H]1NC(=O)OCc1ccccc1,21,16,C,0.0020147538743913174,0.022676054388284683
79,CC1(C)[C@@H](CO)C[C@H]1NC(=O)OCc1ccccc1,22,15,c,0.0041722324676811695,0.04223385080695152
79,CC1(C)[C@@H](CO)C[C@H]1NC(=O)OCc1ccccc1,23,20,1,0.0007825740613043308,0.009924415498971939
79,CC1(C)[C@@H](CO)C[C@H]1NC(=O)OCc1ccccc1,24,15,c,0.0011018560035154223,0.012286861427128315
79,CC1(C)[C@@H](CO)C[C@H]1NC(=O)OCc1ccccc1,25,15,c,0.0014283079653978348,0.01529823336750269
79,CC1(C)[C@@H](CO)C[C@H]1NC(=O)OCc1ccccc1,26,15,c,0.0009042645106092095,0.010263483971357346
79,CC1(C)[C@@H](CO)C[C@H]1NC(=O)OCc1ccccc1,27,15,c,0.0007798044825904071,0.008943217806518078
79,CC1(C)[C@@H](CO)C[C@H]1NC(=O)OCc1ccccc1,28,15,c,0.002024788409471512,0.018528755754232407
79,CC1(C)[C@@H](CO)C[C@H]1NC(=O)OCc1ccccc1,29,20,1,0.0010699070990085602,0.013300633057951927
79,CC1(C)[C@@H](CO)C[C@H]1NC(=O)OCc1ccccc1,30,13,[SEP],0.0005208707880228758,0.006518719717860222
80,CSc1nccn1NCc1cc(C(C)(C)C)c(O)c(C(C)(C)C)c1,0,16,C,0.001202354789711535,0.013872576877474785
80,CSc1nccn1NCc1cc(C(C)(C)C)c(O)c(C(C)(C)C)c1,1,15,c,0.6242998838424683,1.021000623703003
80,CSc1nccn1NCc1cc(C(C)(C)C)c(O)c(C(C)(C)C)c1,2,20,1,0.001452982542105019,0.01716657169163227
80,CSc1nccn1NCc1cc(C(C)(C)C)c(O)c(C(C)(C)C)c1,3,25,n,0.7306032180786133,0.31073707342147827
80,CSc1nccn1NCc1cc(C(C)(C)C)c(O)c(C(C)(C)C)c1,4,15,c,0.08659431338310242,0.43286576867103577
80,CSc1nccn1NCc1cc(C(C)(C)C)c(O)c(C(C)(C)C)c1,5,15,c,0.012171328999102116,0.08915232121944427
80,CSc1nccn1NCc1cc(C(C)(C)C)c(O)c(C(C)(C)C)c1,6,25,n,0.39593130350112915,0.7729068994522095
80,CSc1nccn1NCc1cc(C(C)(C)C)c(O)c(C(C)(C)C)c1,7,20,1,0.016518140211701393,0.11868992447853088
80,CSc1nccn1NCc1cc(C(C)(C)C)c(O)c(C(C)(C)C)c1,8,31,-,0.7386934161186218,1.1253920793533325
80,CSc1nccn1NCc1cc(C(C)(C)C)c(O)c(C(C)(C)C)c1,9,15,c,0.001641825889237225,0.018506290391087532
80,CSc1nccn1NCc1cc(C(C)(C)C)c(O)c(C(C)(C)C)c1,10,20,1,0.0006351210176944733,0.008224280551075935
80,CSc1nccn1NCc1cc(C(C)(C)C)c(O)c(C(C)(C)C)c1,11,15,c,0.037037935107946396,0.198972687125206
80,CSc1nccn1NCc1cc(C(C)(C)C)c(O)c(C(C)(C)C)c1,12,15,c,0.23691889643669128,0.7141857743263245
80,CSc1nccn1NCc1cc(C(C)(C)C)c(O)c(C(C)(C)C)c1,13,15,c,1.1394762992858887,0.5918915271759033
80,CSc1nccn1NCc1cc(C(C)(C)C)c(O)c(C(C)(C)C)c1,14,17,(,0.009819059632718563,0.07091314345598221
80,CSc1nccn1NCc1cc(C(C)(C)C)c(O)c(C(C)(C)C)c1,15,16,C,0.005913275759667158,0.052700892090797424
80,CSc1nccn1NCc1cc(C(C)(C)C)c(O)c(C(C)(C)C)c1,16,23,N,0.31235843896865845,1.034791111946106
80,CSc1nccn1NCc1cc(C(C)(C)C)c(O)c(C(C)(C)C)c1,17,19,O,0.7165204882621765,1.258100152015686
80,CSc1nccn1NCc1cc(C(C)(C)C)c(O)c(C(C)(C)C)c1,18,18,),0.08587861061096191,0.35835546255111694
80,CSc1nccn1NCc1cc(C(C)(C)C)c(O)c(C(C)(C)C)c1,19,15,c,0.07515192776918411,0.29475918412208557
80,CSc1nccn1NCc1cc(C(C)(C)C)c(O)c(C(C)(C)C)c1,20,15,c,0.3256116509437561,0.4877639710903168
80,CSc1nccn1NCc1cc(C(C)(C)C)c(O)c(C(C)(C)C)c1,21,20,1,0.001123302849009633,0.012527989223599434
80,CSc1nccn1NCc1cc(C(C)(C)C)c(O)c(C(C)(C)C)c1,22,16,C,0.07768847793340683,0.4404630959033966
80,CSc1nccn1NCc1cc(C(C)(C)C)c(O)c(C(C)(C)C)c1,23,17,(,0.010685697197914124,0.08643500506877899
80,CSc1nccn1NCc1cc(C(C)(C)C)c(O)c(C(C)(C)C)c1,24,16,C,0.004801734816282988,0.04599456861615181
80,CSc1nccn1NCc1cc(C(C)(C)C)c(O)c(C(C)(C)C)c1,25,18,),0.0016586050624027848,0.0184139646589756
80,CSc1nccn1NCc1cc(C(C)(C)C)c(O)c(C(C)(C)C)c1,26,17,(,0.0028051657136529684,0.028672626242041588
80,CSc1nccn1NCc1cc(C(C)(C)C)c(O)c(C(C)(C)C)c1,27,16,C,0.0009793033823370934,0.011596115306019783
80,CSc1nccn1NCc1cc(C(C)(C)C)c(O)c(C(C)(C)C)c1,28,18,),0.0006766755250282586,0.0086970254778862
80,CSc1nccn1NCc1cc(C(C)(C)C)c(O)c(C(C)(C)C)c1,29,16,C,0.0015225696843117476,0.016903892159461975
80,CSc1nccn1NCc1cc(C(C)(C)C)c(O)c(C(C)(C)C)c1,30,18,),0.6404235363006592,0.25962579250335693
80,CSc1nccn1NCc1cc(C(C)(C)C)c(O)c(C(C)(C)C)c1,31,16,C,1.423268437385559,1.6743069887161255
80,CSc1nccn1NCc1cc(C(C)(C)C)c(O)c(C(C)(C)C)c1,32,17,(,0.14625601470470428,0.6526544690132141
80,CSc1nccn1NCc1cc(C(C)(C)C)c(O)c(C(C)(C)C)c1,33,16,C,0.0066725872457027435,0.061384417116642
80,CSc1nccn1NCc1cc(C(C)(C)C)c(O)c(C(C)(C)C)c1,34,18,),0.0030380405951291323,0.03087182715535164
80,CSc1nccn1NCc1cc(C(C)(C)C)c(O)c(C(C)(C)C)c1,35,17,(,0.005048706196248531,0.04878626763820648
80,CSc1nccn1NCc1cc(C(C)(C)C)c(O)c(C(C)(C)C)c1,36,16,C,0.001493828371167183,0.017078261822462082
80,CSc1nccn1NCc1cc(C(C)(C)C)c(O)c(C(C)(C)C)c1,37,18,),0.0015662835212424397,0.017218302935361862
80,CSc1nccn1NCc1cc(C(C)(C)C)c(O)c(C(C)(C)C)c1,38,16,C,0.0026515997014939785,0.028047475963830948
80,CSc1nccn1NCc1cc(C(C)(C)C)c(O)c(C(C)(C)C)c1,39,13,[SEP],0.0003106147050857544,0.00437502795830369
81,C=CCC1(OC(C)=O)CCN(C(=O)OC(C)(C)C)CC1,0,16,C,0.0011163478484377265,0.013160069473087788
81,C=CCC1(OC(C)=O)CCN(C(=O)OC(C)(C)C)CC1,1,22,=,0.0025152224116027355,0.024887043982744217
81,C=CCC1(OC(C)=O)CCN(C(=O)OC(C)(C)C)CC1,2,16,C,0.0012671275762841105,0.014601212926208973
81,C=CCC1(OC(C)=O)CCN(C(=O)OC(C)(C)C)CC1,3,16,C,0.006325905676931143,0.06096997112035751
81,C=CCC1(OC(C)=O)CCN(C(=O)OC(C)(C)C)CC1,4,16,C,0.016505077481269836,0.1372227668762207
81,C=CCC1(OC(C)=O)CCN(C(=O)OC(C)(C)C)CC1,5,20,1,0.06269682943820953,0.3215048611164093
81,C=CCC1(OC(C)=O)CCN(C(=O)OC(C)(C)C)CC1,6,17,(,0.0029665117617696524,0.029069721698760986
81,C=CCC1(OC(C)=O)CCN(C(=O)OC(C)(C)C)CC1,7,19,O,0.14032012224197388,0.4986597001552582
81,C=CCC1(OC(C)=O)CCN(C(=O)OC(C)(C)C)CC1,8,16,C,0.032110970467329025,0.2228308767080307
81,C=CCC1(OC(C)=O)CCN(C(=O)OC(C)(C)C)CC1,9,17,(,0.16766464710235596,0.4664759039878845
81,C=CCC1(OC(C)=O)CCN(C(=O)OC(C)(C)C)CC1,10,16,C,0.3391493558883667,0.5305814146995544
81,C=CCC1(OC(C)=O)CCN(C(=O)OC(C)(C)C)CC1,11,18,),0.0014876746572554111,0.016849759966135025
81,C=CCC1(OC(C)=O)CCN(C(=O)OC(C)(C)C)CC1,12,22,=,0.24544496834278107,0.547594428062439
81,C=CCC1(OC(C)=O)CCN(C(=O)OC(C)(C)C)CC1,13,19,O,0.00179902499075979,0.01888047344982624
81,C=CCC1(OC(C)=O)CCN(C(=O)OC(C)(C)C)CC1,14,18,),0.00047955993795767426,0.006484352517873049
81,C=CCC1(OC(C)=O)CCN(C(=O)OC(C)(C)C)CC1,15,16,C,0.0023703959304839373,0.025690695270895958
81,C=CCC1(OC(C)=O)CCN(C(=O)OC(C)(C)C)CC1,16,16,C,0.002137167379260063,0.023309294134378433
81,C=CCC1(OC(C)=O)CCN(C(=O)OC(C)(C)C)CC1,17,23,N,0.003203406697139144,0.03402739763259888
81,C=CCC1(OC(C)=O)CCN(C(=O)OC(C)(C)C)CC1,18,17,(,0.002723360201343894,0.027629554271697998
81,C=CCC1(OC(C)=O)CCN(C(=O)OC(C)(C)C)CC1,19,16,C,0.0029820913914591074,0.028191789984703064
81,C=CCC1(OC(C)=O)CCN(C(=O)OC(C)(C)C)CC1,20,17,(,0.0018698731437325478,0.01889011636376381
81,C=CCC1(OC(C)=O)CCN(C(=O)OC(C)(C)C)CC1,21,22,=,0.24702094495296478,0.48638787865638733
81,C=CCC1(OC(C)=O)CCN(C(=O)OC(C)(C)C)CC1,22,19,O,0.0019683409482240677,0.018933331593871117
81,C=CCC1(OC(C)=O)CCN(C(=O)OC(C)(C)C)CC1,23,18,),0.00048774780589155853,0.006611900869756937
81,C=CCC1(OC(C)=O)CCN(C(=O)OC(C)(C)C)CC1,24,19,O,0.0039139860309660435,0.03558972105383873
81,C=CCC1(OC(C)=O)CCN(C(=O)OC(C)(C)C)CC1,25,16,C,0.0021080905571579933,0.023191090673208237
81,C=CCC1(OC(C)=O)CCN(C(=O)OC(C)(C)C)CC1,26,17,(,0.008869336917996407,0.0709846243262291
81,C=CCC1(OC(C)=O)CCN(C(=O)OC(C)(C)C)CC1,27,16,C,0.0025725888554006815,0.02596339024603367
81,C=CCC1(OC(C)=O)CCN(C(=O)OC(C)(C)C)CC1,28,18,),0.0006496662390418351,0.008550348691642284
81,C=CCC1(OC(C)=O)CCN(C(=O)OC(C)(C)C)CC1,29,17,(,0.002178829163312912,0.021749546751379967
81,C=CCC1(OC(C)=O)CCN(C(=O)OC(C)(C)C)CC1,30,16,C,0.00133588258177042,0.015530954115092754
81,C=CCC1(OC(C)=O)CCN(C(=O)OC(C)(C)C)CC1,31,18,),0.0006366620655171573,0.008391385897994041
81,C=CCC1(OC(C)=O)CCN(C(=O)OC(C)(C)C)CC1,32,16,C,0.0009200011263601482,0.011071262881159782
81,C=CCC1(OC(C)=O)CCN(C(=O)OC(C)(C)C)CC1,33,18,),0.0007133602048270404,0.009358695708215237
81,C=CCC1(OC(C)=O)CCN(C(=O)OC(C)(C)C)CC1,34,16,C,0.0015154378488659859,0.01735980249941349
81,C=CCC1(OC(C)=O)CCN(C(=O)OC(C)(C)C)CC1,35,16,C,0.0026951164472848177,0.02755424566566944
81,C=CCC1(OC(C)=O)CCN(C(=O)OC(C)(C)C)CC1,36,20,1,0.001990282442420721,0.02301626466214657
81,C=CCC1(OC(C)=O)CCN(C(=O)OC(C)(C)C)CC1,37,13,[SEP],0.00033051546779461205,0.004526764154434204
82,C[C@@H](N)c1ccc(Cl)c(Cl)c1,0,16,C,0.014756987802684307,0.09688809514045715
82,C[C@@H](N)c1ccc(Cl)c(Cl)c1,1,16,C,1.0168240070343018,0.2818225920200348
82,C[C@@H](N)c1ccc(Cl)c(Cl)c1,2,17,(,0.0028144996613264084,0.02988845482468605
82,C[C@@H](N)c1ccc(Cl)c(Cl)c1,3,23,N,0.004039447288960218,0.040133342146873474
82,C[C@@H](N)c1ccc(Cl)c(Cl)c1,4,18,),0.0016641444526612759,0.019561048597097397
82,C[C@@H](N)c1ccc(Cl)c(Cl)c1,5,15,c,0.0013674574438482523,0.015740273520350456
82,C[C@@H](N)c1ccc(Cl)c(Cl)c1,6,20,1,0.0007013026624917984,0.009111707098782063
82,C[C@@H](N)c1ccc(Cl)c(Cl)c1,7,15,c,0.0009489356889389455,0.011114867404103279
82,C[C@@H](N)c1ccc(Cl)c(Cl)c1,8,15,c,0.0020095675718039274,0.019855303689837456
82,C[C@@H](N)c1ccc(Cl)c(Cl)c1,9,15,c,0.0071829394437372684,0.05756571516394615
82,C[C@@H](N)c1ccc(Cl)c(Cl)c1,10,17,(,0.0037257173098623753,0.03532324358820915
82,C[C@@H](N)c1ccc(Cl)c(Cl)c1,11,28,Cl,0.002132255118340254,0.024637725204229355
82,C[C@@H](N)c1ccc(Cl)c(Cl)c1,12,18,),0.0006104745552875102,0.008028000593185425
82,C[C@@H](N)c1ccc(Cl)c(Cl)c1,13,15,c,0.009106104262173176,0.06024151295423508
82,C[C@@H](N)c1ccc(Cl)c(Cl)c1,14,17,(,0.019249865785241127,0.1185968816280365
82,C[C@@H](N)c1ccc(Cl)c(Cl)c1,15,28,Cl,0.33620166778564453,1.5481716394424438
82,C[C@@H](N)c1ccc(Cl)c(Cl)c1,16,18,),0.0006811778875999153,0.008954640477895737
82,C[C@@H](N)c1ccc(Cl)c(Cl)c1,17,15,c,0.010920592583715916,0.07360155880451202
82,C[C@@H](N)c1ccc(Cl)c(Cl)c1,18,20,1,0.0026658321730792522,0.029317844659090042
82,C[C@@H](N)c1ccc(Cl)c(Cl)c1,19,13,[SEP],0.032586660236120224,0.19745337963104248
83,Cn1cc(-c2nccc3cnc(O)cc23)cn1,0,16,C,0.1913577765226364,0.6137754917144775
83,Cn1cc(-c2nccc3cnc(O)cc23)cn1,1,25,n,0.00700843520462513,0.06670989096164703
83,Cn1cc(-c2nccc3cnc(O)cc23)cn1,2,20,1,0.017026953399181366,0.15037710964679718
83,Cn1cc(-c2nccc3cnc(O)cc23)cn1,3,15,c,0.4152583181858063,0.4450325667858124
83,Cn1cc(-c2nccc3cnc(O)cc23)cn1,4,15,c,0.1782306432723999,0.5752135515213013
83,Cn1cc(-c2nccc3cnc(O)cc23)cn1,5,17,(,0.03380785509943962,0.20879973471164703
83,Cn1cc(-c2nccc3cnc(O)cc23)cn1,6,31,-,0.032618697732686996,0.20433183014392853
83,Cn1cc(-c2nccc3cnc(O)cc23)cn1,7,15,c,0.0019037569873034954,0.019150683656334877
83,Cn1cc(-c2nccc3cnc(O)cc23)cn1,8,21,2,0.0015577318845316768,0.017910202965140343
83,Cn1cc(-c2nccc3cnc(O)cc23)cn1,9,15,c,0.06875085830688477,0.26089397072792053
83,Cn1cc(-c2nccc3cnc(O)cc23)cn1,10,15,c,0.004161045886576176,0.034185342490673065
83,Cn1cc(-c2nccc3cnc(O)cc23)cn1,11,25,n,0.025063399225473404,0.15766598284244537
83,Cn1cc(-c2nccc3cnc(O)cc23)cn1,12,15,c,0.09655118733644485,0.31145042181015015
83,Cn1cc(-c2nccc3cnc(O)cc23)cn1,13,17,(,1.22370445728302,0.5356863141059875
83,Cn1cc(-c2nccc3cnc(O)cc23)cn1,14,16,C,0.15043160319328308,0.6172518134117126
83,Cn1cc(-c2nccc3cnc(O)cc23)cn1,15,38,#,0.11714929342269897,0.4729616641998291
83,Cn1cc(-c2nccc3cnc(O)cc23)cn1,16,23,N,0.005392879713326693,0.05148167163133621
83,Cn1cc(-c2nccc3cnc(O)cc23)cn1,17,18,),0.0008624781621620059,0.010898745618760586
83,Cn1cc(-c2nccc3cnc(O)cc23)cn1,18,15,c,0.12311240285634995,0.3538320064544678
83,Cn1cc(-c2nccc3cnc(O)cc23)cn1,19,21,2,0.0032618355471640825,0.0327007956802845
83,Cn1cc(-c2nccc3cnc(O)cc23)cn1,20,18,),0.017721595242619514,0.11281784623861313
83,Cn1cc(-c2nccc3cnc(O)cc23)cn1,21,15,c,0.017427055165171623,0.09943309426307678
83,Cn1cc(-c2nccc3cnc(O)cc23)cn1,22,25,n,0.03581203520298004,0.1922018676996231
83,Cn1cc(-c2nccc3cnc(O)cc23)cn1,23,20,1,0.057591814547777176,0.2622821629047394
83,Cn1cc(-c2nccc3cnc(O)cc23)cn1,24,13,[SEP],0.01239109504967928,0.0900123119354248
84,OCc1ccc(CNc2ccccc2)o1,0,19,O,0.02379525639116764,0.17088200151920319
84,OCc1ccc(CNc2ccccc2)o1,1,16,C,0.03964384272694588,0.21482224762439728
84,OCc1ccc(CNc2ccccc2)o1,2,15,c,0.0034391446970403194,0.03440242260694504
84,OCc1ccc(CNc2ccccc2)o1,3,20,1,0.0007234335644170642,0.009263523854315281
84,OCc1ccc(CNc2ccccc2)o1,4,15,c,0.0013618447119370103,0.014532431028783321
84,OCc1ccc(CNc2ccccc2)o1,5,15,c,0.005819983314722776,0.049147315323352814
84,OCc1ccc(CNc2ccccc2)o1,6,15,c,0.007861754857003689,0.06736131757497787
84,OCc1ccc(CNc2ccccc2)o1,7,17,(,0.022544410079717636,0.14214032888412476
84,OCc1ccc(CNc2ccccc2)o1,8,16,C,0.35110169649124146,0.6325067281723022
84,OCc1ccc(CNc2ccccc2)o1,9,23,N,0.011348954401910305,0.10443958640098572
84,OCc1ccc(CNc2ccccc2)o1,10,15,c,0.02586527168750763,0.19744916260242462
84,OCc1ccc(CNc2ccccc2)o1,11,21,2,0.0016436497680842876,0.019723210483789444
84,OCc1ccc(CNc2ccccc2)o1,12,15,c,0.0012140868930146098,0.013503759168088436
84,OCc1ccc(CNc2ccccc2)o1,13,15,c,0.001496455748565495,0.017392553389072418
84,OCc1ccc(CNc2ccccc2)o1,14,15,c,0.0025900504551827908,0.02719207853078842
84,OCc1ccc(CNc2ccccc2)o1,15,15,c,0.0030374396592378616,0.029695991426706314
84,OCc1ccc(CNc2ccccc2)o1,16,15,c,0.004971546120941639,0.040022075176239014
84,OCc1ccc(CNc2ccccc2)o1,17,21,2,0.0010308321798220277,0.012802590616047382
84,OCc1ccc(CNc2ccccc2)o1,18,18,),0.0017282554181292653,0.02044922672212124
84,OCc1ccc(CNc2ccccc2)o1,19,44,o,0.006437927484512329,0.061481475830078125
84,OCc1ccc(CNc2ccccc2)o1,20,20,1,0.002241350244730711,0.022892732173204422
84,OCc1ccc(CNc2ccccc2)o1,21,13,[SEP],0.0009131261613219976,0.011632397770881653
85,CC[C@H]1[C@H](C)[C@@H](Nc2ccc(F)cn2)c2cc(N3CCOCC3)ccc2N1C(C)=O,0,16,C,0.001219243393279612,0.014544925652444363
85,CC[C@H]1[C@H](C)[C@@H](Nc2ccc(F)cn2)c2cc(N3CCOCC3)ccc2N1C(C)=O,1,16,C,0.002716425573453307,0.02753082662820816
85,CC[C@H]1[C@H](C)[C@@H](Nc2ccc(F)cn2)c2cc(N3CCOCC3)ccc2N1C(C)=O,2,33,[C@H],0.7433725595474243,0.6025750637054443
85,CC[C@H]1[C@H](C)[C@@H](Nc2ccc(F)cn2)c2cc(N3CCOCC3)ccc2N1C(C)=O,3,20,1,0.6596930027008057,0.14985673129558563
85,CC[C@H]1[C@H](C)[C@@H](Nc2ccc(F)cn2)c2cc(N3CCOCC3)ccc2N1C(C)=O,4,16,C,1.2553613185882568,0.5432870388031006
85,CC[C@H]1[C@H](C)[C@@H](Nc2ccc(F)cn2)c2cc(N3CCOCC3)ccc2N1C(C)=O,5,19,O,0.9852429628372192,2.005119562149048
85,CC[C@H]1[C@H](C)[C@@H](Nc2ccc(F)cn2)c2cc(N3CCOCC3)ccc2N1C(C)=O,6,16,C,0.38692012429237366,0.6251442432403564
85,CC[C@H]1[C@H](C)[C@@H](Nc2ccc(F)cn2)c2cc(N3CCOCC3)ccc2N1C(C)=O,7,16,C,0.8286240696907043,0.8863087892532349
85,CC[C@H]1[C@H](C)[C@@H](Nc2ccc(F)cn2)c2cc(N3CCOCC3)ccc2N1C(C)=O,8,23,N,0.5088739991188049,0.759041428565979
85,CC[C@H]1[C@H](C)[C@@H](Nc2ccc(F)cn2)c2cc(N3CCOCC3)ccc2N1C(C)=O,9,20,1,0.009778761304914951,0.08359374850988388
85,CC[C@H]1[C@H](C)[C@@H](Nc2ccc(F)cn2)c2cc(N3CCOCC3)ccc2N1C(C)=O,10,15,c,0.6675577759742737,0.475419819355011
85,CC[C@H]1[C@H](C)[C@@H](Nc2ccc(F)cn2)c2cc(N3CCOCC3)ccc2N1C(C)=O,11,20,1,0.0006455077091231942,0.008399412967264652
85,CC[C@H]1[C@H](C)[C@@H](Nc2ccc(F)cn2)c2cc(N3CCOCC3)ccc2N1C(C)=O,12,15,c,0.00678540114313364,0.04970168694853783
85,CC[C@H]1[C@H](C)[C@@H](Nc2ccc(F)cn2)c2cc(N3CCOCC3)ccc2N1C(C)=O,13,15,c,0.0010256957029923797,0.01104300282895565
85,CC[C@H]1[C@H](C)[C@@H](Nc2ccc(F)cn2)c2cc(N3CCOCC3)ccc2N1C(C)=O,14,15,c,0.06777694821357727,0.25962570309638977
85,CC[C@H]1[C@H](C)[C@@H](Nc2ccc(F)cn2)c2cc(N3CCOCC3)ccc2N1C(C)=O,15,17,(,0.018128860741853714,0.11355119198560715
85,CC[C@H]1[C@H](C)[C@@H](Nc2ccc(F)cn2)c2cc(N3CCOCC3)ccc2N1C(C)=O,16,16,C,1.4750734567642212,0.7077943086624146
85,CC[C@H]1[C@H](C)[C@@H](Nc2ccc(F)cn2)c2cc(N3CCOCC3)ccc2N1C(C)=O,17,17,(,1.6132501363754272,1.2207831144332886
85,CC[C@H]1[C@H](C)[C@@H](Nc2ccc(F)cn2)c2cc(N3CCOCC3)ccc2N1C(C)=O,18,16,C,0.19232317805290222,0.6775471568107605
85,CC[C@H]1[C@H](C)[C@@H](Nc2ccc(F)cn2)c2cc(N3CCOCC3)ccc2N1C(C)=O,19,16,C,0.9421954154968262,0.8005846738815308
85,CC[C@H]1[C@H](C)[C@@H](Nc2ccc(F)cn2)c2cc(N3CCOCC3)ccc2N1C(C)=O,20,18,),0.016830112785100937,0.11550921201705933
85,CC[C@H]1[C@H](C)[C@@H](Nc2ccc(F)cn2)c2cc(N3CCOCC3)ccc2N1C(C)=O,21,23,N,0.017856528982520103,0.1361895352602005
85,CC[C@H]1[C@H](C)[C@@H](Nc2ccc(F)cn2)c2cc(N3CCOCC3)ccc2N1C(C)=O,22,16,C,0.24167349934577942,0.7888175845146179
85,CC[C@H]1[C@H](C)[C@@H](Nc2ccc(F)cn2)c2cc(N3CCOCC3)ccc2N1C(C)=O,23,17,(,0.008730634115636349,0.06826629489660263
85,CC[C@H]1[C@H](C)[C@@H](Nc2ccc(F)cn2)c2cc(N3CCOCC3)ccc2N1C(C)=O,24,22,=,0.5573691129684448,0.5216744542121887
85,CC[C@H]1[C@H](C)[C@@H](Nc2ccc(F)cn2)c2cc(N3CCOCC3)ccc2N1C(C)=O,25,19,O,0.0014229919761419296,0.015122510492801666
85,CC[C@H]1[C@H](C)[C@@H](Nc2ccc(F)cn2)c2cc(N3CCOCC3)ccc2N1C(C)=O,26,18,),0.000520471774507314,0.006972006056457758
85,CC[C@H]1[C@H](C)[C@@H](Nc2ccc(F)cn2)c2cc(N3CCOCC3)ccc2N1C(C)=O,27,16,C,0.21540021896362305,0.7991305589675903
85,CC[C@H]1[C@H](C)[C@@H](Nc2ccc(F)cn2)c2cc(N3CCOCC3)ccc2N1C(C)=O,28,15,c,1.7920624017715454,1.5668535232543945
85,CC[C@H]1[C@H](C)[C@@H](Nc2ccc(F)cn2)c2cc(N3CCOCC3)ccc2N1C(C)=O,29,21,2,0.0028893996495753527,0.03143211826682091
85,CC[C@H]1[C@H](C)[C@@H](Nc2ccc(F)cn2)c2cc(N3CCOCC3)ccc2N1C(C)=O,30,15,c,0.04382512718439102,0.22662265598773956
85,CC[C@H]1[C@H](C)[C@@H](Nc2ccc(F)cn2)c2cc(N3CCOCC3)ccc2N1C(C)=O,31,15,c,0.10397757589817047,0.4832572638988495
85,CC[C@H]1[C@H](C)[C@@H](Nc2ccc(F)cn2)c2cc(N3CCOCC3)ccc2N1C(C)=O,32,17,(,0.7249445915222168,0.35039597749710083
85,CC[C@H]1[C@H](C)[C@@H](Nc2ccc(F)cn2)c2cc(N3CCOCC3)ccc2N1C(C)=O,33,16,C,0.7432891726493835,0.3388696312904358
85,CC[C@H]1[C@H](C)[C@@H](Nc2ccc(F)cn2)c2cc(N3CCOCC3)ccc2N1C(C)=O,34,18,),0.00427134707570076,0.04115200787782669
85,CC[C@H]1[C@H](C)[C@@H](Nc2ccc(F)cn2)c2cc(N3CCOCC3)ccc2N1C(C)=O,35,25,n,0.07231459021568298,0.3652009665966034
85,CC[C@H]1[C@H](C)[C@@H](Nc2ccc(F)cn2)c2cc(N3CCOCC3)ccc2N1C(C)=O,36,15,c,0.42850014567375183,1.090710163116455
85,CC[C@H]1[C@H](C)[C@@H](Nc2ccc(F)cn2)c2cc(N3CCOCC3)ccc2N1C(C)=O,37,25,n,0.8895568251609802,0.4666284918785095
85,CC[C@H]1[C@H](C)[C@@H](Nc2ccc(F)cn2)c2cc(N3CCOCC3)ccc2N1C(C)=O,38,21,2,0.001774930045939982,0.020680785179138184
85,CC[C@H]1[C@H](C)[C@@H](Nc2ccc(F)cn2)c2cc(N3CCOCC3)ccc2N1C(C)=O,39,18,),0.004593638703227043,0.041318949311971664
85,CC[C@H]1[C@H](C)[C@@H](Nc2ccc(F)cn2)c2cc(N3CCOCC3)ccc2N1C(C)=O,40,15,c,0.015589887276291847,0.10132743418216705
85,CC[C@H]1[C@H](C)[C@@H](Nc2ccc(F)cn2)c2cc(N3CCOCC3)ccc2N1C(C)=O,41,17,(,0.5790659785270691,0.3178374469280243
85,CC[C@H]1[C@H](C)[C@@H](Nc2ccc(F)cn2)c2cc(N3CCOCC3)ccc2N1C(C)=O,42,27,F,0.01292557641863823,0.10068051517009735
85,CC[C@H]1[C@H](C)[C@@H](Nc2ccc(F)cn2)c2cc(N3CCOCC3)ccc2N1C(C)=O,43,18,),0.0005472139455378056,0.007323895581066608
85,CC[C@H]1[C@H](C)[C@@H](Nc2ccc(F)cn2)c2cc(N3CCOCC3)ccc2N1C(C)=O,44,15,c,0.0076097347773611546,0.056729115545749664
85,CC[C@H]1[C@H](C)[C@@H](Nc2ccc(F)cn2)c2cc(N3CCOCC3)ccc2N1C(C)=O,45,20,1,0.006212071515619755,0.057863712310791016
85,CC[C@H]1[C@H](C)[C@@H](Nc2ccc(F)cn2)c2cc(N3CCOCC3)ccc2N1C(C)=O,46,13,[SEP],0.0018760503735393286,0.020226260647177696
86,CC(C)(C)OC(=O)Nc1ccc2c(c1)C[C@H](CI)C2,0,16,C,0.0012213560985401273,0.01446352619677782
86,CC(C)(C)OC(=O)Nc1ccc2c(c1)C[C@H](CI)C2,1,16,C,0.022090289741754532,0.15171077847480774
86,CC(C)(C)OC(=O)Nc1ccc2c(c1)C[C@H](CI)C2,2,17,(,0.03532243147492409,0.21541574597358704
86,CC(C)(C)OC(=O)Nc1ccc2c(c1)C[C@H](CI)C2,3,16,C,0.00144179945345968,0.016429023817181587
86,CC(C)(C)OC(=O)Nc1ccc2c(c1)C[C@H](CI)C2,4,18,),0.0011168865021318197,0.013757288455963135
86,CC(C)(C)OC(=O)Nc1ccc2c(c1)C[C@H](CI)C2,5,17,(,0.001085251453332603,0.01310158334672451
86,CC(C)(C)OC(=O)Nc1ccc2c(c1)C[C@H](CI)C2,6,16,C,0.0012295537162572145,0.014504462480545044
86,CC(C)(C)OC(=O)Nc1ccc2c(c1)C[C@H](CI)C2,7,18,),0.0010191088076680899,0.01268934365361929
86,CC(C)(C)OC(=O)Nc1ccc2c(c1)C[C@H](CI)C2,8,19,O,0.0021885153837502003,0.0235904548317194
86,CC(C)(C)OC(=O)Nc1ccc2c(c1)C[C@H](CI)C2,9,16,C,0.001682404661551118,0.019090760499238968
86,CC(C)(C)OC(=O)Nc1ccc2c(c1)C[C@H](CI)C2,10,17,(,0.0013273978838697076,0.01482930313795805
86,CC(C)(C)OC(=O)Nc1ccc2c(c1)C[C@H](CI)C2,11,22,=,0.0007462644716724753,0.009509244002401829
86,CC(C)(C)OC(=O)Nc1ccc2c(c1)C[C@H](CI)C2,12,19,O,0.0005956568056717515,0.007678208872675896
86,CC(C)(C)OC(=O)Nc1ccc2c(c1)C[C@H](CI)C2,13,18,),0.0005803580861538649,0.007715123239904642
86,CC(C)(C)OC(=O)Nc1ccc2c(c1)C[C@H](CI)C2,14,23,N,0.0016141134547069669,0.01893046498298645
86,CC(C)(C)OC(=O)Nc1ccc2c(c1)C[C@H](CI)C2,15,15,c,0.07803155481815338,0.47103896737098694
86,CC(C)(C)OC(=O)Nc1ccc2c(c1)C[C@H](CI)C2,16,20,1,0.002294761361554265,0.023544153198599815
86,CC(C)(C)OC(=O)Nc1ccc2c(c1)C[C@H](CI)C2,17,15,c,0.0009520247695036232,0.011086959391832352
86,CC(C)(C)OC(=O)Nc1ccc2c(c1)C[C@H](CI)C2,18,15,c,0.001305971760302782,0.01527154166251421
86,CC(C)(C)OC(=O)Nc1ccc2c(c1)C[C@H](CI)C2,19,15,c,0.0025099029298871756,0.025001849979162216
86,CC(C)(C)OC(=O)Nc1ccc2c(c1)C[C@H](CI)C2,20,21,2,0.008782068267464638,0.07323874533176422
86,CC(C)(C)OC(=O)Nc1ccc2c(c1)C[C@H](CI)C2,21,15,c,0.0013536595506593585,0.01481428649276495
86,CC(C)(C)OC(=O)Nc1ccc2c(c1)C[C@H](CI)C2,22,17,(,0.011422397568821907,0.08755253255367279
86,CC(C)(C)OC(=O)Nc1ccc2c(c1)C[C@H](CI)C2,23,15,c,0.0020635509863495827,0.020690565928816795
86,CC(C)(C)OC(=O)Nc1ccc2c(c1)C[C@H](CI)C2,24,20,1,0.0016915162559598684,0.019228041172027588
86,CC(C)(C)OC(=O)Nc1ccc2c(c1)C[C@H](CI)C2,25,18,),0.0011207165662199259,0.013812471181154251
86,CC(C)(C)OC(=O)Nc1ccc2c(c1)C[C@H](CI)C2,26,16,C,0.0054799094796180725,0.05144309252500534
86,CC(C)(C)OC(=O)Nc1ccc2c(c1)C[C@H](CI)C2,27,16,C,0.5063570141792297,1.021666407585144
86,CC(C)(C)OC(=O)Nc1ccc2c(c1)C[C@H](CI)C2,28,17,(,0.9734548926353455,1.2041866779327393
86,CC(C)(C)OC(=O)Nc1ccc2c(c1)C[C@H](CI)C2,29,48,I,0.4711993336677551,0.8198723793029785
86,CC(C)(C)OC(=O)Nc1ccc2c(c1)C[C@H](CI)C2,30,18,),0.0008157525444403291,0.010593989863991737
86,CC(C)(C)OC(=O)Nc1ccc2c(c1)C[C@H](CI)C2,31,16,C,0.0028779960703104734,0.03073601983487606
86,CC(C)(C)OC(=O)Nc1ccc2c(c1)C[C@H](CI)C2,32,21,2,0.0251160841435194,0.1923372447490692
86,CC(C)(C)OC(=O)Nc1ccc2c(c1)C[C@H](CI)C2,33,13,[SEP],0.0470103845000267,0.22459857165813446
87,COc1c(C)c(C)c(S(=O)(=O)Cl)c(C)c1C,0,16,C,0.0032115511130541563,0.03232422471046448
87,COc1c(C)c(C)c(S(=O)(=O)Cl)c(C)c1C,1,19,O,0.8138724565505981,0.5790935754776001
87,COc1c(C)c(C)c(S(=O)(=O)Cl)c(C)c1C,2,15,c,0.6766323447227478,1.116336703300476
87,COc1c(C)c(C)c(S(=O)(=O)Cl)c(C)c1C,3,20,1,0.001227532047778368,0.014525539241731167
87,COc1c(C)c(C)c(S(=O)(=O)Cl)c(C)c1C,4,15,c,0.010070047341287136,0.07994213700294495
87,COc1c(C)c(C)c(S(=O)(=O)Cl)c(C)c1C,5,17,(,0.004254762548953295,0.03798051178455353
87,COc1c(C)c(C)c(S(=O)(=O)Cl)c(C)c1C,6,16,C,0.03027893416583538,0.19092430174350739
87,COc1c(C)c(C)c(S(=O)(=O)Cl)c(C)c1C,7,18,),0.007987086661159992,0.06932257860898972
87,COc1c(C)c(C)c(S(=O)(=O)Cl)c(C)c1C,8,15,c,0.15906889736652374,0.8678537011146545
87,COc1c(C)c(C)c(S(=O)(=O)Cl)c(C)c1C,9,17,(,0.7225456237792969,0.27115195989608765
87,COc1c(C)c(C)c(S(=O)(=O)Cl)c(C)c1C,10,34,S,0.9811573624610901,0.9288344383239746
87,COc1c(C)c(C)c(S(=O)(=O)Cl)c(C)c1C,11,17,(,0.03761139139533043,0.19784267246723175
87,COc1c(C)c(C)c(S(=O)(=O)Cl)c(C)c1C,12,22,=,0.1286812573671341,0.45127445459365845
87,COc1c(C)c(C)c(S(=O)(=O)Cl)c(C)c1C,13,19,O,0.0026151372585445642,0.027010297402739525
87,COc1c(C)c(C)c(S(=O)(=O)Cl)c(C)c1C,14,18,),0.0005321982898749411,0.007127712946385145
87,COc1c(C)c(C)c(S(=O)(=O)Cl)c(C)c1C,15,16,C,0.25589776039123535,0.8909980654716492
87,COc1c(C)c(C)c(S(=O)(=O)Cl)c(C)c1C,16,17,(,0.6977609992027283,1.6895675659179688
87,COc1c(C)c(C)c(S(=O)(=O)Cl)c(C)c1C,17,16,C,0.02822708711028099,0.19404947757720947
87,COc1c(C)c(C)c(S(=O)(=O)Cl)c(C)c1C,18,18,),0.0008077938109636307,0.01016827579587698
87,COc1c(C)c(C)c(S(=O)(=O)Cl)c(C)c1C,19,28,Cl,0.7304419279098511,1.2847827672958374
87,COc1c(C)c(C)c(S(=O)(=O)Cl)c(C)c1C,20,18,),0.00060376210603863,0.007990380749106407
87,COc1c(C)c(C)c(S(=O)(=O)Cl)c(C)c1C,21,15,c,0.28692618012428284,0.6855852603912354
87,COc1c(C)c(C)c(S(=O)(=O)Cl)c(C)c1C,22,17,(,0.8840977549552917,0.9642576575279236
87,COc1c(C)c(C)c(S(=O)(=O)Cl)c(C)c1C,23,16,C,0.011564057320356369,0.10151218622922897
87,COc1c(C)c(C)c(S(=O)(=O)Cl)c(C)c1C,24,18,),0.0016066045500338078,0.019067443907260895
87,COc1c(C)c(C)c(S(=O)(=O)Cl)c(C)c1C,25,15,c,1.0588679313659668,1.1638767719268799
87,COc1c(C)c(C)c(S(=O)(=O)Cl)c(C)c1C,26,20,1,1.3424837589263916,1.9244716167449951
87,COc1c(C)c(C)c(S(=O)(=O)Cl)c(C)c1C,27,16,C,2.3271806240081787,2.2689602375030518
87,COc1c(C)c(C)c(S(=O)(=O)Cl)c(C)c1C,28,13,[SEP],0.019438058137893677,0.169544979929924
88,CC(=O)c1cc(-c2ccccc2)no1,0,16,C,0.003642494324594736,0.03684529289603233
88,CC(=O)c1cc(-c2ccccc2)no1,1,16,C,0.004235534463077784,0.03897685185074806
88,CC(=O)c1cc(-c2ccccc2)no1,2,17,(,0.0024724104441702366,0.022021809592843056
88,CC(=O)c1cc(-c2ccccc2)no1,3,22,=,0.0026497782673686743,0.02680235356092453
88,CC(=O)c1cc(-c2ccccc2)no1,4,19,O,0.0018936553969979286,0.0201106034219265
88,CC(=O)c1cc(-c2ccccc2)no1,5,18,),0.0005566949839703739,0.007463380694389343
88,CC(=O)c1cc(-c2ccccc2)no1,6,15,c,0.11010412871837616,0.47359657287597656
88,CC(=O)c1cc(-c2ccccc2)no1,7,20,1,0.0012250220170244575,0.014726242981851101
88,CC(=O)c1cc(-c2ccccc2)no1,8,15,c,0.006558927241712809,0.04702695459127426
88,CC(=O)c1cc(-c2ccccc2)no1,9,15,c,0.004548319149762392,0.04065987467765808
88,CC(=O)c1cc(-c2ccccc2)no1,10,17,(,0.06506076455116272,0.3423941135406494
88,CC(=O)c1cc(-c2ccccc2)no1,11,31,-,0.013524990528821945,0.09595530480146408
88,CC(=O)c1cc(-c2ccccc2)no1,12,15,c,0.002556431107223034,0.026974862441420555
88,CC(=O)c1cc(-c2ccccc2)no1,13,21,2,0.005919069983065128,0.059397630393505096
88,CC(=O)c1cc(-c2ccccc2)no1,14,15,c,0.001696761348284781,0.01831538788974285
88,CC(=O)c1cc(-c2ccccc2)no1,15,15,c,0.001172578427940607,0.013538576662540436
88,CC(=O)c1cc(-c2ccccc2)no1,16,15,c,0.004008101765066385,0.03683948889374733
88,CC(=O)c1cc(-c2ccccc2)no1,17,15,c,0.0009414273081347346,0.010439828038215637
88,CC(=O)c1cc(-c2ccccc2)no1,18,15,c,0.0021540618035942316,0.019139038398861885
88,CC(=O)c1cc(-c2ccccc2)no1,19,21,2,0.0010917021427303553,0.013194275088608265
88,CC(=O)c1cc(-c2ccccc2)no1,20,18,),0.0007125422125682235,0.009212436154484749
88,CC(=O)c1cc(-c2ccccc2)no1,21,25,n,0.3127202093601227,0.7315657734870911
88,CC(=O)c1cc(-c2ccccc2)no1,22,44,o,0.25962942838668823,1.1607041358947754
88,CC(=O)c1cc(-c2ccccc2)no1,23,20,1,0.0024550510570406914,0.026619192212820053
88,CC(=O)c1cc(-c2ccccc2)no1,24,13,[SEP],0.0008882522815838456,0.011239321902394295
89,C=CCN(C)C/C=C/COc1cc2c(cc1F)c(-c1ccc(Br)cc1)nn2C,0,16,C,0.0011902666883543134,0.013785460963845253
89,C=CCN(C)C/C=C/COc1cc2c(cc1F)c(-c1ccc(Br)cc1)nn2C,1,22,=,0.005939057562500238,0.054928530007600784
89,C=CCN(C)C/C=C/COc1cc2c(cc1F)c(-c1ccc(Br)cc1)nn2C,2,16,C,0.0013607668224722147,0.015284468419849873
89,C=CCN(C)C/C=C/COc1cc2c(cc1F)c(-c1ccc(Br)cc1)nn2C,3,16,C,0.00622145738452673,0.055302366614341736
89,C=CCN(C)C/C=C/COc1cc2c(cc1F)c(-c1ccc(Br)cc1)nn2C,4,23,N,0.1428195983171463,0.6206234693527222
89,C=CCN(C)C/C=C/COc1cc2c(cc1F)c(-c1ccc(Br)cc1)nn2C,5,17,(,0.05181249976158142,0.27687346935272217
89,C=CCN(C)C/C=C/COc1cc2c(cc1F)c(-c1ccc(Br)cc1)nn2C,6,16,C,0.04053321108222008,0.24566437304019928
89,C=CCN(C)C/C=C/COc1cc2c(cc1F)c(-c1ccc(Br)cc1)nn2C,7,18,),0.6308413743972778,1.5200221538543701
89,C=CCN(C)C/C=C/COc1cc2c(cc1F)c(-c1ccc(Br)cc1)nn2C,8,16,C,0.0720922127366066,0.31560447812080383
89,C=CCN(C)C/C=C/COc1cc2c(cc1F)c(-c1ccc(Br)cc1)nn2C,9,39,/,0.515568733215332,1.0779880285263062
89,C=CCN(C)C/C=C/COc1cc2c(cc1F)c(-c1ccc(Br)cc1)nn2C,10,16,C,0.008155573159456253,0.06211814656853676
89,C=CCN(C)C/C=C/COc1cc2c(cc1F)c(-c1ccc(Br)cc1)nn2C,11,22,=,0.010857571847736835,0.07738327234983444
89,C=CCN(C)C/C=C/COc1cc2c(cc1F)c(-c1ccc(Br)cc1)nn2C,12,16,C,0.0022154294420033693,0.0223979651927948
89,C=CCN(C)C/C=C/COc1cc2c(cc1F)c(-c1ccc(Br)cc1)nn2C,13,39,/,0.12834323942661285,0.5894947648048401
89,C=CCN(C)C/C=C/COc1cc2c(cc1F)c(-c1ccc(Br)cc1)nn2C,14,16,C,0.048887595534324646,0.2959086298942566
89,C=CCN(C)C/C=C/COc1cc2c(cc1F)c(-c1ccc(Br)cc1)nn2C,15,19,O,0.19451606273651123,0.9801188707351685
89,C=CCN(C)C/C=C/COc1cc2c(cc1F)c(-c1ccc(Br)cc1)nn2C,16,16,C,0.7036870718002319,1.1715877056121826
89,C=CCN(C)C/C=C/COc1cc2c(cc1F)c(-c1ccc(Br)cc1)nn2C,17,25,n,0.9755123853683472,0.9877390265464783
89,C=CCN(C)C/C=C/COc1cc2c(cc1F)c(-c1ccc(Br)cc1)nn2C,18,20,1,0.0007192195625975728,0.009065025486052036
89,C=CCN(C)C/C=C/COc1cc2c(cc1F)c(-c1ccc(Br)cc1)nn2C,19,15,c,0.17288139462471008,0.42941007018089294
89,C=CCN(C)C/C=C/COc1cc2c(cc1F)c(-c1ccc(Br)cc1)nn2C,20,15,c,0.623970091342926,0.4205992519855499
89,C=CCN(C)C/C=C/COc1cc2c(cc1F)c(-c1ccc(Br)cc1)nn2C,21,17,(,0.7353641986846924,0.7946626543998718
89,C=CCN(C)C/C=C/COc1cc2c(cc1F)c(-c1ccc(Br)cc1)nn2C,22,31,-,0.5984921455383301,1.3166775703430176
89,C=CCN(C)C/C=C/COc1cc2c(cc1F)c(-c1ccc(Br)cc1)nn2C,23,15,c,0.0010555259650573134,0.011615674942731857
89,C=CCN(C)C/C=C/COc1cc2c(cc1F)c(-c1ccc(Br)cc1)nn2C,24,21,2,0.001071327948011458,0.013372986577451229
89,C=CCN(C)C/C=C/COc1cc2c(cc1F)c(-c1ccc(Br)cc1)nn2C,25,15,c,0.004923524800688028,0.04059275612235069
89,C=CCN(C)C/C=C/COc1cc2c(cc1F)c(-c1ccc(Br)cc1)nn2C,26,15,c,0.011050893925130367,0.0758117288351059
89,C=CCN(C)C/C=C/COc1cc2c(cc1F)c(-c1ccc(Br)cc1)nn2C,27,15,c,0.11813929677009583,0.4189070463180542
89,C=CCN(C)C/C=C/COc1cc2c(cc1F)c(-c1ccc(Br)cc1)nn2C,28,17,(,0.005343681201338768,0.045306574553251266
89,C=CCN(C)C/C=C/COc1cc2c(cc1F)c(-c1ccc(Br)cc1)nn2C,29,37,Br,0.06006854772567749,0.3458422124385834
89,C=CCN(C)C/C=C/COc1cc2c(cc1F)c(-c1ccc(Br)cc1)nn2C,30,18,),0.0007985190022736788,0.010123097337782383
89,C=CCN(C)C/C=C/COc1cc2c(cc1F)c(-c1ccc(Br)cc1)nn2C,31,15,c,0.002820313209667802,0.02505532279610634
89,C=CCN(C)C/C=C/COc1cc2c(cc1F)c(-c1ccc(Br)cc1)nn2C,32,15,c,0.043176647275686264,0.18765170872211456
89,C=CCN(C)C/C=C/COc1cc2c(cc1F)c(-c1ccc(Br)cc1)nn2C,33,21,2,0.0009220523643307388,0.011356236413121223
89,C=CCN(C)C/C=C/COc1cc2c(cc1F)c(-c1ccc(Br)cc1)nn2C,34,18,),0.019159119576215744,0.124716617166996
89,C=CCN(C)C/C=C/COc1cc2c(cc1F)c(-c1ccc(Br)cc1)nn2C,35,25,n,0.38002386689186096,0.4640794098377228
89,C=CCN(C)C/C=C/COc1cc2c(cc1F)c(-c1ccc(Br)cc1)nn2C,36,15,c,0.028179610148072243,0.17869406938552856
89,C=CCN(C)C/C=C/COc1cc2c(cc1F)c(-c1ccc(Br)cc1)nn2C,37,20,1,0.0015483713941648602,0.017149100080132484
89,C=CCN(C)C/C=C/COc1cc2c(cc1F)c(-c1ccc(Br)cc1)nn2C,38,31,-,0.6088371276855469,1.0739023685455322
89,C=CCN(C)C/C=C/COc1cc2c(cc1F)c(-c1ccc(Br)cc1)nn2C,39,15,c,0.002668323926627636,0.026358172297477722
89,C=CCN(C)C/C=C/COc1cc2c(cc1F)c(-c1ccc(Br)cc1)nn2C,40,20,1,0.0009606546373106539,0.012203126214444637
89,C=CCN(C)C/C=C/COc1cc2c(cc1F)c(-c1ccc(Br)cc1)nn2C,41,15,c,0.0044508883729577065,0.03759930282831192
89,C=CCN(C)C/C=C/COc1cc2c(cc1F)c(-c1ccc(Br)cc1)nn2C,42,15,c,0.004321340937167406,0.039737384766340256
89,C=CCN(C)C/C=C/COc1cc2c(cc1F)c(-c1ccc(Br)cc1)nn2C,43,15,c,0.2218378633260727,0.6304149031639099
89,C=CCN(C)C/C=C/COc1cc2c(cc1F)c(-c1ccc(Br)cc1)nn2C,44,17,(,0.010348949581384659,0.07648831605911255
89,C=CCN(C)C/C=C/COc1cc2c(cc1F)c(-c1ccc(Br)cc1)nn2C,45,27,F,0.2820252776145935,0.9871430397033691
89,C=CCN(C)C/C=C/COc1cc2c(cc1F)c(-c1ccc(Br)cc1)nn2C,46,18,),0.0009143729694187641,0.011335593648254871
89,C=CCN(C)C/C=C/COc1cc2c(cc1F)c(-c1ccc(Br)cc1)nn2C,47,15,c,0.09582187235355377,0.3494427800178528
89,C=CCN(C)C/C=C/COc1cc2c(cc1F)c(-c1ccc(Br)cc1)nn2C,48,15,c,0.9495928287506104,0.4753640592098236
89,C=CCN(C)C/C=C/COc1cc2c(cc1F)c(-c1ccc(Br)cc1)nn2C,49,20,1,0.0016287555918097496,0.018453402444720268
89,C=CCN(C)C/C=C/COc1cc2c(cc1F)c(-c1ccc(Br)cc1)nn2C,50,13,[SEP],0.3371134102344513,1.2133535146713257
90,O=Cc1cnn2c(NC3CC3)cc(-c3ccnc(F)c3)nc12,0,19,O,0.04015893489122391,0.243522509932518
90,O=Cc1cnn2c(NC3CC3)cc(-c3ccnc(F)c3)nc12,1,22,=,0.005040357355028391,0.04579581320285797
90,O=Cc1cnn2c(NC3CC3)cc(-c3ccnc(F)c3)nc12,2,16,C,0.010556642897427082,0.07479365170001984
90,O=Cc1cnn2c(NC3CC3)cc(-c3ccnc(F)c3)nc12,3,15,c,0.9596831202507019,1.0088938474655151
90,O=Cc1cnn2c(NC3CC3)cc(-c3ccnc(F)c3)nc12,4,20,1,0.0007680789567530155,0.009404851123690605
90,O=Cc1cnn2c(NC3CC3)cc(-c3ccnc(F)c3)nc12,5,15,c,0.2968696057796478,0.47869449853897095
90,O=Cc1cnn2c(NC3CC3)cc(-c3ccnc(F)c3)nc12,6,15,c,0.18217594921588898,0.5332408547401428
90,O=Cc1cnn2c(NC3CC3)cc(-c3ccnc(F)c3)nc12,7,25,n,0.4858825206756592,0.8695051670074463
90,O=Cc1cnn2c(NC3CC3)cc(-c3ccnc(F)c3)nc12,8,15,c,0.015864169225096703,0.09872091561555862
90,O=Cc1cnn2c(NC3CC3)cc(-c3ccnc(F)c3)nc12,9,17,(,0.7286149263381958,0.2140083611011505
90,O=Cc1cnn2c(NC3CC3)cc(-c3ccnc(F)c3)nc12,10,23,N,0.7519693374633789,1.0905851125717163
90,O=Cc1cnn2c(NC3CC3)cc(-c3ccnc(F)c3)nc12,11,16,C,0.6656758189201355,0.8991450667381287
90,O=Cc1cnn2c(NC3CC3)cc(-c3ccnc(F)c3)nc12,12,21,2,0.1367611438035965,0.7630676627159119
90,O=Cc1cnn2c(NC3CC3)cc(-c3ccnc(F)c3)nc12,13,16,C,0.01145382970571518,0.08980579674243927
90,O=Cc1cnn2c(NC3CC3)cc(-c3ccnc(F)c3)nc12,14,16,C,0.0017528822645545006,0.019080717116594315
90,O=Cc1cnn2c(NC3CC3)cc(-c3ccnc(F)c3)nc12,15,21,2,0.0022222427651286125,0.024220602586865425
90,O=Cc1cnn2c(NC3CC3)cc(-c3ccnc(F)c3)nc12,16,18,),0.0011216991115361452,0.013580122031271458
90,O=Cc1cnn2c(NC3CC3)cc(-c3ccnc(F)c3)nc12,17,15,c,0.29964902997016907,0.4963994026184082
90,O=Cc1cnn2c(NC3CC3)cc(-c3ccnc(F)c3)nc12,18,20,1,0.09478019922971725,0.41974231600761414
90,O=Cc1cnn2c(NC3CC3)cc(-c3ccnc(F)c3)nc12,19,18,),0.8356004357337952,1.6182087659835815
90,O=Cc1cnn2c(NC3CC3)cc(-c3ccnc(F)c3)nc12,20,15,c,0.6935612559318542,0.5401958227157593
90,O=Cc1cnn2c(NC3CC3)cc(-c3ccnc(F)c3)nc12,21,15,c,0.7830948829650879,0.8743963241577148
90,O=Cc1cnn2c(NC3CC3)cc(-c3ccnc(F)c3)nc12,22,20,1,0.7756571769714355,0.3878108263015747
90,O=Cc1cnn2c(NC3CC3)cc(-c3ccnc(F)c3)nc12,23,25,n,0.3168005645275116,0.7450847625732422
90,O=Cc1cnn2c(NC3CC3)cc(-c3ccnc(F)c3)nc12,24,15,c,0.2273608148097992,0.5748915076255798
90,O=Cc1cnn2c(NC3CC3)cc(-c3ccnc(F)c3)nc12,25,17,(,1.0228949785232544,0.7014720439910889
90,O=Cc1cnn2c(NC3CC3)cc(-c3ccnc(F)c3)nc12,26,23,N,1.2604291439056396,1.0142571926116943
90,O=Cc1cnn2c(NC3CC3)cc(-c3ccnc(F)c3)nc12,27,27,F,0.8813376426696777,1.5385292768478394
90,O=Cc1cnn2c(NC3CC3)cc(-c3ccnc(F)c3)nc12,28,18,),0.0007809699163772166,0.009933963418006897
90,O=Cc1cnn2c(NC3CC3)cc(-c3ccnc(F)c3)nc12,29,25,n,0.7230314016342163,0.1539614349603653
90,O=Cc1cnn2c(NC3CC3)cc(-c3ccnc(F)c3)nc12,30,15,c,0.4319661557674408,0.6948609948158264
90,O=Cc1cnn2c(NC3CC3)cc(-c3ccnc(F)c3)nc12,31,25,n,0.7295461893081665,0.8550434112548828
90,O=Cc1cnn2c(NC3CC3)cc(-c3ccnc(F)c3)nc12,32,20,1,0.007382192183285952,0.06209244206547737
90,O=Cc1cnn2c(NC3CC3)cc(-c3ccnc(F)c3)nc12,33,21,2,0.583670437335968,0.8006006479263306
90,O=Cc1cnn2c(NC3CC3)cc(-c3ccnc(F)c3)nc12,34,13,[SEP],0.0007905598031356931,0.009805398061871529
91,CC(C)(C)OC(=O)C[C@H]1C[C@@H](CCN)OC(C)(C)O1,0,16,C,0.0017766874516382813,0.01949889212846756
91,CC(C)(C)OC(=O)C[C@H]1C[C@@H](CCN)OC(C)(C)O1,1,16,C,0.0055990093387663364,0.05024167150259018
91,CC(C)(C)OC(=O)C[C@H]1C[C@@H](CCN)OC(C)(C)O1,2,17,(,0.8523736000061035,0.531038224697113
91,CC(C)(C)OC(=O)C[C@H]1C[C@@H](CCN)OC(C)(C)O1,3,16,C,0.002919246908277273,0.028388962149620056
91,CC(C)(C)OC(=O)C[C@H]1C[C@@H](CCN)OC(C)(C)O1,4,18,),0.00974274706095457,0.07900406420230865
91,CC(C)(C)OC(=O)C[C@H]1C[C@@H](CCN)OC(C)(C)O1,5,17,(,0.005787807051092386,0.04954438656568527
91,CC(C)(C)OC(=O)C[C@H]1C[C@@H](CCN)OC(C)(C)O1,6,16,C,0.020762665197253227,0.1326189935207367
91,CC(C)(C)OC(=O)C[C@H]1C[C@@H](CCN)OC(C)(C)O1,7,18,),0.22506186366081238,0.7261274456977844
91,CC(C)(C)OC(=O)C[C@H]1C[C@@H](CCN)OC(C)(C)O1,8,19,O,0.022798681631684303,0.1462981253862381
91,CC(C)(C)OC(=O)C[C@H]1C[C@@H](CCN)OC(C)(C)O1,9,16,C,0.022395016625523567,0.15340429544448853
91,CC(C)(C)OC(=O)C[C@H]1C[C@@H](CCN)OC(C)(C)O1,10,17,(,0.33397141098976135,0.8919099569320679
91,CC(C)(C)OC(=O)C[C@H]1C[C@@H](CCN)OC(C)(C)O1,11,22,=,0.03874160721898079,0.18292026221752167
91,CC(C)(C)OC(=O)C[C@H]1C[C@@H](CCN)OC(C)(C)O1,12,19,O,0.0014817301416769624,0.015299144200980663
91,CC(C)(C)OC(=O)C[C@H]1C[C@@H](CCN)OC(C)(C)O1,13,18,),0.0005411094753071666,0.007219764403998852
91,CC(C)(C)OC(=O)C[C@H]1C[C@@H](CCN)OC(C)(C)O1,14,16,C,0.027412915602326393,0.16629286110401154
91,CC(C)(C)OC(=O)C[C@H]1C[C@@H](CCN)OC(C)(C)O1,15,16,C,1.0985931158065796,0.3307052254676819
91,CC(C)(C)OC(=O)C[C@H]1C[C@@H](CCN)OC(C)(C)O1,16,20,1,1.010132074356079,1.1606135368347168
91,CC(C)(C)OC(=O)C[C@H]1C[C@@H](CCN)OC(C)(C)O1,17,16,C,0.0593789778649807,0.31961944699287415
91,CC(C)(C)OC(=O)C[C@H]1C[C@@H](CCN)OC(C)(C)O1,18,16,C,0.5567381978034973,1.012087106704712
91,CC(C)(C)OC(=O)C[C@H]1C[C@@H](CCN)OC(C)(C)O1,19,16,C,1.3100507259368896,0.6489665508270264
91,CC(C)(C)OC(=O)C[C@H]1C[C@@H](CCN)OC(C)(C)O1,20,17,(,1.5220797061920166,0.6462172865867615
91,CC(C)(C)OC(=O)C[C@H]1C[C@@H](CCN)OC(C)(C)O1,21,16,C,0.19291608035564423,0.6352248191833496
91,CC(C)(C)OC(=O)C[C@H]1C[C@@H](CCN)OC(C)(C)O1,22,23,N,0.9583867192268372,0.7314844727516174
91,CC(C)(C)OC(=O)C[C@H]1C[C@@H](CCN)OC(C)(C)O1,23,18,),0.005248691886663437,0.050151124596595764
91,CC(C)(C)OC(=O)C[C@H]1C[C@@H](CCN)OC(C)(C)O1,24,19,O,0.12160564959049225,0.40303170680999756
91,CC(C)(C)OC(=O)C[C@H]1C[C@@H](CCN)OC(C)(C)O1,25,16,C,0.704898476600647,0.297781378030777
91,CC(C)(C)OC(=O)C[C@H]1C[C@@H](CCN)OC(C)(C)O1,26,20,1,0.10155272483825684,0.4624468982219696
91,CC(C)(C)OC(=O)C[C@H]1C[C@@H](CCN)OC(C)(C)O1,27,17,(,0.3344280421733856,0.7817295789718628
91,CC(C)(C)OC(=O)C[C@H]1C[C@@H](CCN)OC(C)(C)O1,28,16,C,0.004126478917896748,0.03961712867021561
91,CC(C)(C)OC(=O)C[C@H]1C[C@@H](CCN)OC(C)(C)O1,29,18,),0.002059448976069689,0.023135703057050705
91,CC(C)(C)OC(=O)C[C@H]1C[C@@H](CCN)OC(C)(C)O1,30,16,C,0.038931820541620255,0.2147456556558609
91,CC(C)(C)OC(=O)C[C@H]1C[C@@H](CCN)OC(C)(C)O1,31,13,[SEP],0.07740897685289383,0.36794549226760864
92,COc1nccc(N2CCn3nc(OCc4ccccc4)cc3C2=O)n1,0,16,C,0.5485674142837524,0.6768200993537903
92,COc1nccc(N2CCn3nc(OCc4ccccc4)cc3C2=O)n1,1,19,O,0.8402158617973328,0.6897411346435547
92,COc1nccc(N2CCn3nc(OCc4ccccc4)cc3C2=O)n1,2,15,c,0.027361949905753136,0.1698635220527649
92,COc1nccc(N2CCn3nc(OCc4ccccc4)cc3C2=O)n1,3,20,1,0.0012109986273571849,0.013374803587794304
92,COc1nccc(N2CCn3nc(OCc4ccccc4)cc3C2=O)n1,4,25,n,0.4687099754810333,0.3866981863975525
92,COc1nccc(N2CCn3nc(OCc4ccccc4)cc3C2=O)n1,5,15,c,0.0034800972789525986,0.029841529205441475
92,COc1nccc(N2CCn3nc(OCc4ccccc4)cc3C2=O)n1,6,15,c,0.004738507326692343,0.041705671697854996
92,COc1nccc(N2CCn3nc(OCc4ccccc4)cc3C2=O)n1,7,15,c,0.006081252358853817,0.04807347431778908
92,COc1nccc(N2CCn3nc(OCc4ccccc4)cc3C2=O)n1,8,17,(,0.021876487880945206,0.154109388589859
92,COc1nccc(N2CCn3nc(OCc4ccccc4)cc3C2=O)n1,9,23,N,0.19409754872322083,0.7449496984481812
92,COc1nccc(N2CCn3nc(OCc4ccccc4)cc3C2=O)n1,10,21,2,0.021029341965913773,0.1542281210422516
92,COc1nccc(N2CCn3nc(OCc4ccccc4)cc3C2=O)n1,11,16,C,0.018599947914481163,0.13151414692401886
92,COc1nccc(N2CCn3nc(OCc4ccccc4)cc3C2=O)n1,12,16,C,0.05476010590791702,0.29826483130455017
92,COc1nccc(N2CCn3nc(OCc4ccccc4)cc3C2=O)n1,13,25,n,0.4827280342578888,1.0562211275100708
92,COc1nccc(N2CCn3nc(OCc4ccccc4)cc3C2=O)n1,14,26,3,0.0012152299750596285,0.014926024712622166
92,COc1nccc(N2CCn3nc(OCc4ccccc4)cc3C2=O)n1,15,15,c,0.6420284509658813,0.23814497888088226
92,COc1nccc(N2CCn3nc(OCc4ccccc4)cc3C2=O)n1,16,17,(,0.7681228518486023,0.37170135974884033
92,COc1nccc(N2CCn3nc(OCc4ccccc4)cc3C2=O)n1,17,15,c,0.7917132377624512,0.7481708526611328
92,COc1nccc(N2CCn3nc(OCc4ccccc4)cc3C2=O)n1,18,15,c,0.03499941527843475,0.17815305292606354
92,COc1nccc(N2CCn3nc(OCc4ccccc4)cc3C2=O)n1,19,17,(,1.1269736289978027,1.1912298202514648
92,COc1nccc(N2CCn3nc(OCc4ccccc4)cc3C2=O)n1,20,19,O,1.0055712461471558,0.8872124552726746
92,COc1nccc(N2CCn3nc(OCc4ccccc4)cc3C2=O)n1,21,16,C,0.005883665755391121,0.05622700974345207
92,COc1nccc(N2CCn3nc(OCc4ccccc4)cc3C2=O)n1,22,15,c,0.002151747001335025,0.02245144173502922
92,COc1nccc(N2CCn3nc(OCc4ccccc4)cc3C2=O)n1,23,32,4,0.030354280024766922,0.25380033254623413
92,COc1nccc(N2CCn3nc(OCc4ccccc4)cc3C2=O)n1,24,15,c,0.0024262170772999525,0.022513344883918762
92,COc1nccc(N2CCn3nc(OCc4ccccc4)cc3C2=O)n1,25,15,c,0.0014329305849969387,0.015551532618701458
92,COc1nccc(N2CCn3nc(OCc4ccccc4)cc3C2=O)n1,26,15,c,0.0017754860455170274,0.017567908391356468
92,COc1nccc(N2CCn3nc(OCc4ccccc4)cc3C2=O)n1,27,15,c,0.002039539162069559,0.01923130452632904
92,COc1nccc(N2CCn3nc(OCc4ccccc4)cc3C2=O)n1,28,15,c,0.010865048505365849,0.06790006160736084
92,COc1nccc(N2CCn3nc(OCc4ccccc4)cc3C2=O)n1,29,32,4,0.005364651791751385,0.055604711174964905
92,COc1nccc(N2CCn3nc(OCc4ccccc4)cc3C2=O)n1,30,18,),0.0013078836491331458,0.016155533492565155
92,COc1nccc(N2CCn3nc(OCc4ccccc4)cc3C2=O)n1,31,25,n,0.1239052340388298,0.4728509485721588
92,COc1nccc(N2CCn3nc(OCc4ccccc4)cc3C2=O)n1,32,15,c,0.9612259268760681,0.7761737704277039
92,COc1nccc(N2CCn3nc(OCc4ccccc4)cc3C2=O)n1,33,26,3,0.02578560821712017,0.19066013395786285
92,COc1nccc(N2CCn3nc(OCc4ccccc4)cc3C2=O)n1,34,22,=,0.2268693894147873,0.9879519939422607
92,COc1nccc(N2CCn3nc(OCc4ccccc4)cc3C2=O)n1,35,19,O,0.052429746836423874,0.2914735972881317
92,COc1nccc(N2CCn3nc(OCc4ccccc4)cc3C2=O)n1,36,18,),0.0006187655380927026,0.008189640939235687
92,COc1nccc(N2CCn3nc(OCc4ccccc4)cc3C2=O)n1,37,16,C,0.6098945140838623,0.9590287208557129
92,COc1nccc(N2CCn3nc(OCc4ccccc4)cc3C2=O)n1,38,21,2,0.01654646173119545,0.13404545187950134
92,COc1nccc(N2CCn3nc(OCc4ccccc4)cc3C2=O)n1,39,18,),0.6038854718208313,0.7947096824645996
92,COc1nccc(N2CCn3nc(OCc4ccccc4)cc3C2=O)n1,40,25,n,0.001393689657561481,0.01685510389506817
92,COc1nccc(N2CCn3nc(OCc4ccccc4)cc3C2=O)n1,41,20,1,0.03317909687757492,0.19250880181789398
92,COc1nccc(N2CCn3nc(OCc4ccccc4)cc3C2=O)n1,42,13,[SEP],0.0249107014387846,0.1451939046382904
93,CCOc1n[nH]c2nc(-c3ccco3)c(-c3ccncn3)cc12,0,16,C,0.003496717195957899,0.03551919385790825
93,CCOc1n[nH]c2nc(-c3ccco3)c(-c3ccncn3)cc12,1,16,C,0.0029340707696974277,0.030619950965046883
93,CCOc1n[nH]c2nc(-c3ccco3)c(-c3ccncn3)cc12,2,19,O,0.0022869999520480633,0.024944961071014404
93,CCOc1n[nH]c2nc(-c3ccco3)c(-c3ccncn3)cc12,3,15,c,0.003356057684868574,0.030637824907898903
93,CCOc1n[nH]c2nc(-c3ccco3)c(-c3ccncn3)cc12,4,20,1,0.0015528383664786816,0.016099702566862106
93,CCOc1n[nH]c2nc(-c3ccco3)c(-c3ccncn3)cc12,5,25,n,0.045727815479040146,0.21787603199481964
93,CCOc1n[nH]c2nc(-c3ccco3)c(-c3ccncn3)cc12,6,15,c,0.010822229087352753,0.07724146544933319
93,CCOc1n[nH]c2nc(-c3ccco3)c(-c3ccncn3)cc12,7,25,n,0.4763738512992859,1.1006535291671753
93,CCOc1n[nH]c2nc(-c3ccco3)c(-c3ccncn3)cc12,8,15,c,0.008897500112652779,0.06596119701862335
93,CCOc1n[nH]c2nc(-c3ccco3)c(-c3ccncn3)cc12,9,21,2,0.08702167123556137,0.38920846581459045
93,CCOc1n[nH]c2nc(-c3ccco3)c(-c3ccncn3)cc12,10,25,n,0.9411071538925171,0.4319894313812256
93,CCOc1n[nH]c2nc(-c3ccco3)c(-c3ccncn3)cc12,11,15,c,0.03792984038591385,0.2184380441904068
93,CCOc1n[nH]c2nc(-c3ccco3)c(-c3ccncn3)cc12,12,17,(,0.24916939437389374,0.6595220565795898
93,CCOc1n[nH]c2nc(-c3ccco3)c(-c3ccncn3)cc12,13,31,-,0.011658460833132267,0.08731505274772644
93,CCOc1n[nH]c2nc(-c3ccco3)c(-c3ccncn3)cc12,14,15,c,0.0012558503076434135,0.013537218794226646
93,CCOc1n[nH]c2nc(-c3ccco3)c(-c3ccncn3)cc12,15,26,3,0.004446019418537617,0.0478191003203392
93,CCOc1n[nH]c2nc(-c3ccco3)c(-c3ccncn3)cc12,16,15,c,0.0017726338701322675,0.01828700676560402
93,CCOc1n[nH]c2nc(-c3ccco3)c(-c3ccncn3)cc12,17,15,c,0.009749246761202812,0.06815281510353088
93,CCOc1n[nH]c2nc(-c3ccco3)c(-c3ccncn3)cc12,18,15,c,0.12577742338180542,0.402610182762146
93,CCOc1n[nH]c2nc(-c3ccco3)c(-c3ccncn3)cc12,19,44,o,0.31149953603744507,0.627884566783905
93,CCOc1n[nH]c2nc(-c3ccco3)c(-c3ccncn3)cc12,20,26,3,0.004832076374441385,0.043499428778886795
93,CCOc1n[nH]c2nc(-c3ccco3)c(-c3ccncn3)cc12,21,18,),0.0009724919218569994,0.012235256843268871
93,CCOc1n[nH]c2nc(-c3ccco3)c(-c3ccncn3)cc12,22,40,[nH],1.077096700668335,0.2593117356300354
93,CCOc1n[nH]c2nc(-c3ccco3)c(-c3ccncn3)cc12,23,15,c,0.0009322806727141142,0.011042369529604912
93,CCOc1n[nH]c2nc(-c3ccco3)c(-c3ccncn3)cc12,24,20,1,0.0919298380613327,0.4114935100078583
93,CCOc1n[nH]c2nc(-c3ccco3)c(-c3ccncn3)cc12,25,21,2,0.006506429985165596,0.05663564056158066
93,CCOc1n[nH]c2nc(-c3ccco3)c(-c3ccncn3)cc12,26,13,[SEP],0.44507360458374023,0.7971919178962708
94,CN1CC=C(c2ccc(F)cc2)C(CO)C1,0,16,C,0.0018515803385525942,0.019869154319167137
94,CN1CC=C(c2ccc(F)cc2)C(CO)C1,1,23,N,0.00855162087827921,0.07350288331508636
94,CN1CC=C(c2ccc(F)cc2)C(CO)C1,2,20,1,0.3779391050338745,0.5937236547470093
94,CN1CC=C(c2ccc(F)cc2)C(CO)C1,3,16,C,0.0018537468276917934,0.020196212455630302
94,CN1CC=C(c2ccc(F)cc2)C(CO)C1,4,16,C,0.16244463622570038,0.5704929232597351
94,CN1CC=C(c2ccc(F)cc2)C(CO)C1,5,22,=,0.03460349515080452,0.21472583711147308
94,CN1CC=C(c2ccc(F)cc2)C(CO)C1,6,16,C,0.002402544254437089,0.025135986506938934
94,CN1CC=C(c2ccc(F)cc2)C(CO)C1,7,17,(,0.029854048043489456,0.18192629516124725
94,CN1CC=C(c2ccc(F)cc2)C(CO)C1,8,15,c,0.026753701269626617,0.15984806418418884
94,CN1CC=C(c2ccc(F)cc2)C(CO)C1,9,21,2,0.0009287271532230079,0.011587184853851795
94,CN1CC=C(c2ccc(F)cc2)C(CO)C1,10,15,c,0.0007858944009058177,0.009492413140833378
94,CN1CC=C(c2ccc(F)cc2)C(CO)C1,11,15,c,0.0006364166038110852,0.007905927486717701
94,CN1CC=C(c2ccc(F)cc2)C(CO)C1,12,15,c,0.0012157585006207228,0.013322154991328716
94,CN1CC=C(c2ccc(F)cc2)C(CO)C1,13,17,(,0.002839616732671857,0.02713109739124775
94,CN1CC=C(c2ccc(F)cc2)C(CO)C1,14,27,F,0.0035229173954576254,0.03631500527262688
94,CN1CC=C(c2ccc(F)cc2)C(CO)C1,15,18,),0.0005791948060505092,0.0076746391132473946
94,CN1CC=C(c2ccc(F)cc2)C(CO)C1,16,15,c,0.000527573749423027,0.006662657950073481
94,CN1CC=C(c2ccc(F)cc2)C(CO)C1,17,15,c,0.0008339938358403742,0.009835069999098778
94,CN1CC=C(c2ccc(F)cc2)C(CO)C1,18,21,2,0.0017742266645655036,0.01979237236082554
94,CN1CC=C(c2ccc(F)cc2)C(CO)C1,19,18,),0.0010761844459921122,0.013092808425426483
94,CN1CC=C(c2ccc(F)cc2)C(CO)C1,20,16,C,0.03839252144098282,0.21651841700077057
94,CN1CC=C(c2ccc(F)cc2)C(CO)C1,21,17,(,0.3752327263355255,0.8893101811408997
94,CN1CC=C(c2ccc(F)cc2)C(CO)C1,22,16,C,0.017919017001986504,0.12741491198539734
94,CN1CC=C(c2ccc(F)cc2)C(CO)C1,23,19,O,0.011174522340297699,0.08728715777397156
94,CN1CC=C(c2ccc(F)cc2)C(CO)C1,24,18,),0.0011122871655970812,0.014057434163987637
94,CN1CC=C(c2ccc(F)cc2)C(CO)C1,25,16,C,0.0016812635585665703,0.01885490119457245
94,CN1CC=C(c2ccc(F)cc2)C(CO)C1,26,20,1,0.0033752049785107374,0.03648810088634491
94,CN1CC=C(c2ccc(F)cc2)C(CO)C1,27,13,[SEP],0.005744893103837967,0.04568872228264809
95,COc1ccc2c(c1)C(O)=C(C(=O)NCC(=O)O)C(=O)C21CCOCC1,0,16,C,0.2337304949760437,0.49917641282081604
95,COc1ccc2c(c1)C(O)=C(C(=O)NCC(=O)O)C(=O)C21CCOCC1,1,19,O,0.05147574096918106,0.2880815267562866
95,COc1ccc2c(c1)C(O)=C(C(=O)NCC(=O)O)C(=O)C21CCOCC1,2,15,c,0.015144260600209236,0.10587555170059204
95,COc1ccc2c(c1)C(O)=C(C(=O)NCC(=O)O)C(=O)C21CCOCC1,3,20,1,0.0007553950417786837,0.009293702431023121
95,COc1ccc2c(c1)C(O)=C(C(=O)NCC(=O)O)C(=O)C21CCOCC1,4,15,c,0.0011472984915599227,0.013056449592113495
95,COc1ccc2c(c1)C(O)=C(C(=O)NCC(=O)O)C(=O)C21CCOCC1,5,15,c,0.0011506301816552877,0.012712866067886353
95,COc1ccc2c(c1)C(O)=C(C(=O)NCC(=O)O)C(=O)C21CCOCC1,6,15,c,0.004473910201340914,0.04201162979006767
95,COc1ccc2c(c1)C(O)=C(C(=O)NCC(=O)O)C(=O)C21CCOCC1,7,21,2,0.6371539235115051,0.3585684299468994
95,COc1ccc2c(c1)C(O)=C(C(=O)NCC(=O)O)C(=O)C21CCOCC1,8,15,c,0.026411106809973717,0.17614425718784332
95,COc1ccc2c(c1)C(O)=C(C(=O)NCC(=O)O)C(=O)C21CCOCC1,9,17,(,0.08560109883546829,0.335472971200943
95,COc1ccc2c(c1)C(O)=C(C(=O)NCC(=O)O)C(=O)C21CCOCC1,10,15,c,0.003923504147678614,0.03511287644505501
95,COc1ccc2c(c1)C(O)=C(C(=O)NCC(=O)O)C(=O)C21CCOCC1,11,20,1,0.0069557903334498405,0.05973946303129196
95,COc1ccc2c(c1)C(O)=C(C(=O)NCC(=O)O)C(=O)C21CCOCC1,12,18,),0.019612815231084824,0.1195257306098938
95,COc1ccc2c(c1)C(O)=C(C(=O)NCC(=O)O)C(=O)C21CCOCC1,13,16,C,0.012045283801853657,0.09050098061561584
95,COc1ccc2c(c1)C(O)=C(C(=O)NCC(=O)O)C(=O)C21CCOCC1,14,17,(,0.30490192770957947,0.7048723101615906
95,COc1ccc2c(c1)C(O)=C(C(=O)NCC(=O)O)C(=O)C21CCOCC1,15,22,=,0.22491133213043213,0.7015802264213562
95,COc1ccc2c(c1)C(O)=C(C(=O)NCC(=O)O)C(=O)C21CCOCC1,16,19,O,0.358399361371994,0.49935269355773926
95,COc1ccc2c(c1)C(O)=C(C(=O)NCC(=O)O)C(=O)C21CCOCC1,17,18,),0.000909745111130178,0.011076231487095356
95,COc1ccc2c(c1)C(O)=C(C(=O)NCC(=O)O)C(=O)C21CCOCC1,18,16,C,0.3647667169570923,1.0621355772018433
95,COc1ccc2c(c1)C(O)=C(C(=O)NCC(=O)O)C(=O)C21CCOCC1,19,20,1,0.5576282143592834,0.8814094066619873
95,COc1ccc2c(c1)C(O)=C(C(=O)NCC(=O)O)C(=O)C21CCOCC1,20,17,(,0.3784460127353668,0.580403745174408
95,COc1ccc2c(c1)C(O)=C(C(=O)NCC(=O)O)C(=O)C21CCOCC1,21,16,C,0.3076874315738678,0.647710919380188
95,COc1ccc2c(c1)C(O)=C(C(=O)NCC(=O)O)C(=O)C21CCOCC1,22,16,C,0.18609583377838135,0.7019571661949158
95,COc1ccc2c(c1)C(O)=C(C(=O)NCC(=O)O)C(=O)C21CCOCC1,23,19,O,0.9265654683113098,1.2945456504821777
95,COc1ccc2c(c1)C(O)=C(C(=O)NCC(=O)O)C(=O)C21CCOCC1,24,16,C,0.16172915697097778,0.6680033206939697
95,COc1ccc2c(c1)C(O)=C(C(=O)NCC(=O)O)C(=O)C21CCOCC1,25,16,C,0.021057527512311935,0.15513183176517487
95,COc1ccc2c(c1)C(O)=C(C(=O)NCC(=O)O)C(=O)C21CCOCC1,26,20,1,0.0042860666289925575,0.0404701754450798
95,COc1ccc2c(c1)C(O)=C(C(=O)NCC(=O)O)C(=O)C21CCOCC1,27,18,),0.004576197359710932,0.04309774562716484
95,COc1ccc2c(c1)C(O)=C(C(=O)NCC(=O)O)C(=O)C21CCOCC1,28,16,C,0.7897486686706543,0.61244797706604
95,COc1ccc2c(c1)C(O)=C(C(=O)NCC(=O)O)C(=O)C21CCOCC1,29,16,C,0.18524615466594696,0.8725440502166748
95,COc1ccc2c(c1)C(O)=C(C(=O)NCC(=O)O)C(=O)C21CCOCC1,30,17,(,1.2546006441116333,0.7952815890312195
95,COc1ccc2c(c1)C(O)=C(C(=O)NCC(=O)O)C(=O)C21CCOCC1,31,22,=,0.6730323433876038,0.9117172956466675
95,COc1ccc2c(c1)C(O)=C(C(=O)NCC(=O)O)C(=O)C21CCOCC1,32,19,O,0.008816520683467388,0.0651051253080368
95,COc1ccc2c(c1)C(O)=C(C(=O)NCC(=O)O)C(=O)C21CCOCC1,33,18,),0.0006812858046032488,0.008662085980176926
95,COc1ccc2c(c1)C(O)=C(C(=O)NCC(=O)O)C(=O)C21CCOCC1,34,23,N,0.043639786541461945,0.2542511522769928
95,COc1ccc2c(c1)C(O)=C(C(=O)NCC(=O)O)C(=O)C21CCOCC1,35,21,2,0.4753185212612152,0.7604076266288757
95,COc1ccc2c(c1)C(O)=C(C(=O)NCC(=O)O)C(=O)C21CCOCC1,36,16,C,0.5624663829803467,1.2052228450775146
95,COc1ccc2c(c1)C(O)=C(C(=O)NCC(=O)O)C(=O)C21CCOCC1,37,16,C,0.05840934440493584,0.37183496356010437
95,COc1ccc2c(c1)C(O)=C(C(=O)NCC(=O)O)C(=O)C21CCOCC1,38,17,(,1.0052669048309326,1.354256272315979
95,COc1ccc2c(c1)C(O)=C(C(=O)NCC(=O)O)C(=O)C21CCOCC1,39,22,=,0.011142673902213573,0.08509129285812378
95,COc1ccc2c(c1)C(O)=C(C(=O)NCC(=O)O)C(=O)C21CCOCC1,40,19,O,0.0046533276326954365,0.03882724791765213
95,COc1ccc2c(c1)C(O)=C(C(=O)NCC(=O)O)C(=O)C21CCOCC1,41,18,),0.0005596006521955132,0.007439632900059223
95,COc1ccc2c(c1)C(O)=C(C(=O)NCC(=O)O)C(=O)C21CCOCC1,42,23,N,0.7375087141990662,0.6611089706420898
95,COc1ccc2c(c1)C(O)=C(C(=O)NCC(=O)O)C(=O)C21CCOCC1,43,16,C,0.5500482320785522,1.9852094650268555
95,COc1ccc2c(c1)C(O)=C(C(=O)NCC(=O)O)C(=O)C21CCOCC1,44,20,1,0.8816723823547363,1.4849826097488403
95,COc1ccc2c(c1)C(O)=C(C(=O)NCC(=O)O)C(=O)C21CCOCC1,45,13,[SEP],0.626611590385437,1.4350194931030273
96,CC1(c2[nH]c3ccccc3c2C2=C(O)C(=O)C=C(O)C2=O)CC1,0,16,C,0.006870404351502657,0.05466065928339958
96,CC1(c2[nH]c3ccccc3c2C2=C(O)C(=O)C=C(O)C2=O)CC1,1,16,C,0.05134459584951401,0.3341631293296814
96,CC1(c2[nH]c3ccccc3c2C2=C(O)C(=O)C=C(O)C2=O)CC1,2,20,1,0.07190598547458649,0.27351006865501404
96,CC1(c2[nH]c3ccccc3c2C2=C(O)C(=O)C=C(O)C2=O)CC1,3,17,(,0.024216648191213608,0.14033344388008118
96,CC1(c2[nH]c3ccccc3c2C2=C(O)C(=O)C=C(O)C2=O)CC1,4,16,C,0.20886801183223724,0.6466121673583984
96,CC1(c2[nH]c3ccccc3c2C2=C(O)C(=O)C=C(O)C2=O)CC1,5,17,(,0.31703677773475647,1.2029005289077759
96,CC1(c2[nH]c3ccccc3c2C2=C(O)C(=O)C=C(O)C2=O)CC1,6,22,=,0.014641504734754562,0.10331341624259949
96,CC1(c2[nH]c3ccccc3c2C2=C(O)C(=O)C=C(O)C2=O)CC1,7,19,O,0.002819012850522995,0.02709970436990261
96,CC1(c2[nH]c3ccccc3c2C2=C(O)C(=O)C=C(O)C2=O)CC1,8,18,),0.0006515974528156221,0.008474113419651985
96,CC1(c2[nH]c3ccccc3c2C2=C(O)C(=O)C=C(O)C2=O)CC1,9,23,N,1.1188303232192993,1.0527989864349365
96,CC1(c2[nH]c3ccccc3c2C2=C(O)C(=O)C=C(O)C2=O)CC1,10,15,c,0.7320564985275269,1.1004887819290161
96,CC1(c2[nH]c3ccccc3c2C2=C(O)C(=O)C=C(O)C2=O)CC1,11,21,2,0.0015797599917277694,0.018274519592523575
96,CC1(c2[nH]c3ccccc3c2C2=C(O)C(=O)C=C(O)C2=O)CC1,12,15,c,0.03129364922642708,0.18018610775470734
96,CC1(c2[nH]c3ccccc3c2C2=C(O)C(=O)C=C(O)C2=O)CC1,13,17,(,0.8693247437477112,0.7529519200325012
96,CC1(c2[nH]c3ccccc3c2C2=C(O)C(=O)C=C(O)C2=O)CC1,14,19,O,0.225670725107193,0.8020594716072083
96,CC1(c2[nH]c3ccccc3c2C2=C(O)C(=O)C=C(O)C2=O)CC1,15,18,),0.004460805095732212,0.043590471148490906
96,CC1(c2[nH]c3ccccc3c2C2=C(O)C(=O)C=C(O)C2=O)CC1,16,15,c,0.17079460620880127,0.7920032739639282
96,CC1(c2[nH]c3ccccc3c2C2=C(O)C(=O)C=C(O)C2=O)CC1,17,15,c,1.109740138053894,0.42952728271484375
96,CC1(c2[nH]c3ccccc3c2C2=C(O)C(=O)C=C(O)C2=O)CC1,18,17,(,0.5478249192237854,0.6761744618415833
96,CC1(c2[nH]c3ccccc3c2C2=C(O)C(=O)C=C(O)C2=O)CC1,19,16,C,0.08885720372200012,0.48601415753364563
96,CC1(c2[nH]c3ccccc3c2C2=C(O)C(=O)C=C(O)C2=O)CC1,20,26,3,1.1491432189941406,1.237355351448059
96,CC1(c2[nH]c3ccccc3c2C2=C(O)C(=O)C=C(O)C2=O)CC1,21,17,(,0.5422238111495972,1.0232822895050049
96,CC1(c2[nH]c3ccccc3c2C2=C(O)C(=O)C=C(O)C2=O)CC1,22,16,C,0.018974807113409042,0.1337944120168686
96,CC1(c2[nH]c3ccccc3c2C2=C(O)C(=O)C=C(O)C2=O)CC1,23,18,),1.0500413179397583,1.340724229812622
96,CC1(c2[nH]c3ccccc3c2C2=C(O)C(=O)C=C(O)C2=O)CC1,24,16,C,0.005256794858723879,0.04921635240316391
96,CC1(c2[nH]c3ccccc3c2C2=C(O)C(=O)C=C(O)C2=O)CC1,25,16,C,0.41330772638320923,1.2406766414642334
96,CC1(c2[nH]c3ccccc3c2C2=C(O)C(=O)C=C(O)C2=O)CC1,26,26,3,0.0016085398383438587,0.018708445131778717
96,CC1(c2[nH]c3ccccc3c2C2=C(O)C(=O)C=C(O)C2=O)CC1,27,18,),0.34625425934791565,0.6275393962860107
96,CC1(c2[nH]c3ccccc3c2C2=C(O)C(=O)C=C(O)C2=O)CC1,28,15,c,0.19617635011672974,0.7547136545181274
96,CC1(c2[nH]c3ccccc3c2C2=C(O)C(=O)C=C(O)C2=O)CC1,29,26,3,0.7153496146202087,0.8656070828437805
96,CC1(c2[nH]c3ccccc3c2C2=C(O)C(=O)C=C(O)C2=O)CC1,30,15,c,0.5077197551727295,1.2425165176391602
96,CC1(c2[nH]c3ccccc3c2C2=C(O)C(=O)C=C(O)C2=O)CC1,31,15,c,0.3527214527130127,1.1425321102142334
96,CC1(c2[nH]c3ccccc3c2C2=C(O)C(=O)C=C(O)C2=O)CC1,32,15,c,0.00800376757979393,0.0683283656835556
96,CC1(c2[nH]c3ccccc3c2C2=C(O)C(=O)C=C(O)C2=O)CC1,33,15,c,0.007720408029854298,0.05418472737073898
96,CC1(c2[nH]c3ccccc3c2C2=C(O)C(=O)C=C(O)C2=O)CC1,34,15,c,0.011002530343830585,0.07515744119882584
96,CC1(c2[nH]c3ccccc3c2C2=C(O)C(=O)C=C(O)C2=O)CC1,35,21,2,0.009556572884321213,0.07845534384250641
96,CC1(c2[nH]c3ccccc3c2C2=C(O)C(=O)C=C(O)C2=O)CC1,36,26,3,0.009383384138345718,0.08713014423847198
96,CC1(c2[nH]c3ccccc3c2C2=C(O)C(=O)C=C(O)C2=O)CC1,37,18,),0.0035632892977446318,0.03705412149429321
96,CC1(c2[nH]c3ccccc3c2C2=C(O)C(=O)C=C(O)C2=O)CC1,38,16,C,0.1028020828962326,0.5117737650871277
96,CC1(c2[nH]c3ccccc3c2C2=C(O)C(=O)C=C(O)C2=O)CC1,39,22,=,1.0118091106414795,1.819811224937439
96,CC1(c2[nH]c3ccccc3c2C2=C(O)C(=O)C=C(O)C2=O)CC1,40,19,O,0.7176684737205505,0.6331107020378113
96,CC1(c2[nH]c3ccccc3c2C2=C(O)C(=O)C=C(O)C2=O)CC1,41,18,),0.002078738994896412,0.023175932466983795
96,CC1(c2[nH]c3ccccc3c2C2=C(O)C(=O)C=C(O)C2=O)CC1,42,16,C,0.17925533652305603,0.6722104549407959
96,CC1(c2[nH]c3ccccc3c2C2=C(O)C(=O)C=C(O)C2=O)CC1,43,22,=,0.7177888751029968,1.9352476596832275
96,CC1(c2[nH]c3ccccc3c2C2=C(O)C(=O)C=C(O)C2=O)CC1,44,23,N,0.18151095509529114,0.7492779493331909
96,CC1(c2[nH]c3ccccc3c2C2=C(O)C(=O)C=C(O)C2=O)CC1,45,20,1,0.9562304019927979,0.8232583999633789
96,CC1(c2[nH]c3ccccc3c2C2=C(O)C(=O)C=C(O)C2=O)CC1,46,13,[SEP],0.41232821345329285,0.6925910711288452
97,CN(C)C(=O)C(=O)NC12CCC(CC1)Cn1c2nc(C(=O)NCc2ccccc2)c(O)c1=O,0,16,C,0.0033020046539604664,0.031057780608534813
97,CN(C)C(=O)C(=O)NC12CCC(CC1)Cn1c2nc(C(=O)NCc2ccccc2)c(O)c1=O,1,23,N,0.02841082587838173,0.18325676023960114
97,CN(C)C(=O)C(=O)NC12CCC(CC1)Cn1c2nc(C(=O)NCc2ccccc2)c(O)c1=O,2,17,(,0.02638937532901764,0.1644950807094574
97,CN(C)C(=O)C(=O)NC12CCC(CC1)Cn1c2nc(C(=O)NCc2ccccc2)c(O)c1=O,3,16,C,0.0029944113921374083,0.02959049865603447
97,CN(C)C(=O)C(=O)NC12CCC(CC1)Cn1c2nc(C(=O)NCc2ccccc2)c(O)c1=O,4,18,),0.0021907752379775047,0.023620788007974625
97,CN(C)C(=O)C(=O)NC12CCC(CC1)Cn1c2nc(C(=O)NCc2ccccc2)c(O)c1=O,5,16,C,0.01630071923136711,0.11876165866851807
97,CN(C)C(=O)C(=O)NC12CCC(CC1)Cn1c2nc(C(=O)NCc2ccccc2)c(O)c1=O,6,17,(,0.0039215474389493465,0.036918286234140396
97,CN(C)C(=O)C(=O)NC12CCC(CC1)Cn1c2nc(C(=O)NCc2ccccc2)c(O)c1=O,7,22,=,0.0013713543303310871,0.014896140433847904
97,CN(C)C(=O)C(=O)NC12CCC(CC1)Cn1c2nc(C(=O)NCc2ccccc2)c(O)c1=O,8,19,O,0.0011831324081867933,0.013156583532691002
97,CN(C)C(=O)C(=O)NC12CCC(CC1)Cn1c2nc(C(=O)NCc2ccccc2)c(O)c1=O,9,18,),0.0006544098141603172,0.008462581783533096
97,CN(C)C(=O)C(=O)NC12CCC(CC1)Cn1c2nc(C(=O)NCc2ccccc2)c(O)c1=O,10,16,C,0.9839987754821777,0.6321742534637451
97,CN(C)C(=O)C(=O)NC12CCC(CC1)Cn1c2nc(C(=O)NCc2ccccc2)c(O)c1=O,11,23,N,1.1971696615219116,0.5826088786125183
97,CN(C)C(=O)C(=O)NC12CCC(CC1)Cn1c2nc(C(=O)NCc2ccccc2)c(O)c1=O,12,16,C,0.008251766674220562,0.06969933211803436
97,CN(C)C(=O)C(=O)NC12CCC(CC1)Cn1c2nc(C(=O)NCc2ccccc2)c(O)c1=O,13,17,(,0.0131852300837636,0.0869797095656395
97,CN(C)C(=O)C(=O)NC12CCC(CC1)Cn1c2nc(C(=O)NCc2ccccc2)c(O)c1=O,14,22,=,0.001309264451265335,0.014474008232355118
97,CN(C)C(=O)C(=O)NC12CCC(CC1)Cn1c2nc(C(=O)NCc2ccccc2)c(O)c1=O,15,19,O,0.0011608696077018976,0.012925243936479092
97,CN(C)C(=O)C(=O)NC12CCC(CC1)Cn1c2nc(C(=O)NCc2ccccc2)c(O)c1=O,16,18,),0.0006385049782693386,0.008256569504737854
97,CN(C)C(=O)C(=O)NC12CCC(CC1)Cn1c2nc(C(=O)NCc2ccccc2)c(O)c1=O,17,15,c,0.1127767488360405,0.3974173367023468
97,CN(C)C(=O)C(=O)NC12CCC(CC1)Cn1c2nc(C(=O)NCc2ccccc2)c(O)c1=O,18,20,1,0.0008834454929456115,0.010984538123011589
97,CN(C)C(=O)C(=O)NC12CCC(CC1)Cn1c2nc(C(=O)NCc2ccccc2)c(O)c1=O,19,15,c,0.6145151853561401,0.24023988842964172
97,CN(C)C(=O)C(=O)NC12CCC(CC1)Cn1c2nc(C(=O)NCc2ccccc2)c(O)c1=O,20,25,n,0.13200227916240692,0.5344378352165222
97,CN(C)C(=O)C(=O)NC12CCC(CC1)Cn1c2nc(C(=O)NCc2ccccc2)c(O)c1=O,21,15,c,0.012185527011752129,0.09595051407814026
97,CN(C)C(=O)C(=O)NC12CCC(CC1)Cn1c2nc(C(=O)NCc2ccccc2)c(O)c1=O,22,17,(,0.022129157558083534,0.13229265809059143
97,CN(C)C(=O)C(=O)NC12CCC(CC1)Cn1c2nc(C(=O)NCc2ccccc2)c(O)c1=O,23,16,C,0.31824469566345215,0.8982594609260559
97,CN(C)C(=O)C(=O)NC12CCC(CC1)Cn1c2nc(C(=O)NCc2ccccc2)c(O)c1=O,24,17,(,0.18513871729373932,0.6997656226158142
97,CN(C)C(=O)C(=O)NC12CCC(CC1)Cn1c2nc(C(=O)NCc2ccccc2)c(O)c1=O,25,22,=,0.004933903459459543,0.042838651686906815
97,CN(C)C(=O)C(=O)NC12CCC(CC1)Cn1c2nc(C(=O)NCc2ccccc2)c(O)c1=O,26,19,O,0.004323246888816357,0.036802567541599274
97,CN(C)C(=O)C(=O)NC12CCC(CC1)Cn1c2nc(C(=O)NCc2ccccc2)c(O)c1=O,27,18,),0.0005455036880448461,0.007207050919532776
97,CN(C)C(=O)C(=O)NC12CCC(CC1)Cn1c2nc(C(=O)NCc2ccccc2)c(O)c1=O,28,23,N,0.02443377487361431,0.16512443125247955
97,CN(C)C(=O)C(=O)NC12CCC(CC1)Cn1c2nc(C(=O)NCc2ccccc2)c(O)c1=O,29,16,C,0.3124091923236847,1.0641145706176758
97,CN(C)C(=O)C(=O)NC12CCC(CC1)Cn1c2nc(C(=O)NCc2ccccc2)c(O)c1=O,30,15,c,0.16389209032058716,0.5175079703330994
97,CN(C)C(=O)C(=O)NC12CCC(CC1)Cn1c2nc(C(=O)NCc2ccccc2)c(O)c1=O,31,21,2,0.009884529747068882,0.08915229141712189
97,CN(C)C(=O)C(=O)NC12CCC(CC1)Cn1c2nc(C(=O)NCc2ccccc2)c(O)c1=O,32,15,c,0.0013462307397276163,0.014099527150392532
97,CN(C)C(=O)C(=O)NC12CCC(CC1)Cn1c2nc(C(=O)NCc2ccccc2)c(O)c1=O,33,15,c,0.001508198445662856,0.015904271975159645
97,CN(C)C(=O)C(=O)NC12CCC(CC1)Cn1c2nc(C(=O)NCc2ccccc2)c(O)c1=O,34,15,c,0.0011680310126394033,0.012889983132481575
97,CN(C)C(=O)C(=O)NC12CCC(CC1)Cn1c2nc(C(=O)NCc2ccccc2)c(O)c1=O,35,15,c,0.002383455168455839,0.021483145654201508
97,CN(C)C(=O)C(=O)NC12CCC(CC1)Cn1c2nc(C(=O)NCc2ccccc2)c(O)c1=O,36,15,c,0.016222458332777023,0.09467457979917526
97,CN(C)C(=O)C(=O)NC12CCC(CC1)Cn1c2nc(C(=O)NCc2ccccc2)c(O)c1=O,37,21,2,0.0010698221158236265,0.01276332326233387
97,CN(C)C(=O)C(=O)NC12CCC(CC1)Cn1c2nc(C(=O)NCc2ccccc2)c(O)c1=O,38,18,),0.00494785001501441,0.044323332607746124
97,CN(C)C(=O)C(=O)NC12CCC(CC1)Cn1c2nc(C(=O)NCc2ccccc2)c(O)c1=O,39,15,c,0.4158969521522522,0.6907535791397095
97,CN(C)C(=O)C(=O)NC12CCC(CC1)Cn1c2nc(C(=O)NCc2ccccc2)c(O)c1=O,40,17,(,0.12915095686912537,0.5532019734382629
97,CN(C)C(=O)C(=O)NC12CCC(CC1)Cn1c2nc(C(=O)NCc2ccccc2)c(O)c1=O,41,19,O,0.1771571785211563,0.6131462454795837
97,CN(C)C(=O)C(=O)NC12CCC(CC1)Cn1c2nc(C(=O)NCc2ccccc2)c(O)c1=O,42,18,),0.02407999150454998,0.13980545103549957
97,CN(C)C(=O)C(=O)NC12CCC(CC1)Cn1c2nc(C(=O)NCc2ccccc2)c(O)c1=O,43,25,n,0.5088974237442017,0.5989079475402832
97,CN(C)C(=O)C(=O)NC12CCC(CC1)Cn1c2nc(C(=O)NCc2ccccc2)c(O)c1=O,44,20,1,0.013592062518000603,0.10123923420906067
97,CN(C)C(=O)C(=O)NC12CCC(CC1)Cn1c2nc(C(=O)NCc2ccccc2)c(O)c1=O,45,18,),1.1746751070022583,0.7108751535415649
97,CN(C)C(=O)C(=O)NC12CCC(CC1)Cn1c2nc(C(=O)NCc2ccccc2)c(O)c1=O,46,16,C,0.10281633585691452,0.5464182496070862
97,CN(C)C(=O)C(=O)NC12CCC(CC1)Cn1c2nc(C(=O)NCc2ccccc2)c(O)c1=O,47,20,1,0.005904992111027241,0.0513935349881649
97,CN(C)C(=O)C(=O)NC12CCC(CC1)Cn1c2nc(C(=O)NCc2ccccc2)c(O)c1=O,48,16,C,0.21209195256233215,0.5177516937255859
97,CN(C)C(=O)C(=O)NC12CCC(CC1)Cn1c2nc(C(=O)NCc2ccccc2)c(O)c1=O,49,16,C,0.0021696649491786957,0.023186154663562775
97,CN(C)C(=O)C(=O)NC12CCC(CC1)Cn1c2nc(C(=O)NCc2ccccc2)c(O)c1=O,50,16,C,0.015716131776571274,0.12091322988271713
97,CN(C)C(=O)C(=O)NC12CCC(CC1)Cn1c2nc(C(=O)NCc2ccccc2)c(O)c1=O,51,16,C,0.9599487781524658,0.5733029842376709
97,CN(C)C(=O)C(=O)NC12CCC(CC1)Cn1c2nc(C(=O)NCc2ccccc2)c(O)c1=O,52,16,C,1.150280237197876,0.5682121515274048
97,CN(C)C(=O)C(=O)NC12CCC(CC1)Cn1c2nc(C(=O)NCc2ccccc2)c(O)c1=O,53,20,1,0.007768647745251656,0.0636860802769661
97,CN(C)C(=O)C(=O)NC12CCC(CC1)Cn1c2nc(C(=O)NCc2ccccc2)c(O)c1=O,54,13,[SEP],0.008164594881236553,0.06275544315576553
98,C[C@H](NC(=O)OC(C)(C)C)c1nc2cccc(C#N)c2c(=O)n1-c1cccnc1,0,16,C,0.0017634357791393995,0.019692299887537956
98,C[C@H](NC(=O)OC(C)(C)C)c1nc2cccc(C#N)c2c(=O)n1-c1cccnc1,1,33,[C@H],0.7135213017463684,0.736238420009613
98,C[C@H](NC(=O)OC(C)(C)C)c1nc2cccc(C#N)c2c(=O)n1-c1cccnc1,2,17,(,0.025431577116250992,0.15748253464698792
98,C[C@H](NC(=O)OC(C)(C)C)c1nc2cccc(C#N)c2c(=O)n1-c1cccnc1,3,23,N,0.02554110437631607,0.17247119545936584
98,C[C@H](NC(=O)OC(C)(C)C)c1nc2cccc(C#N)c2c(=O)n1-c1cccnc1,4,16,C,0.009187784045934677,0.07551034539937973
98,C[C@H](NC(=O)OC(C)(C)C)c1nc2cccc(C#N)c2c(=O)n1-c1cccnc1,5,17,(,0.0016493418952450156,0.017396964132785797
98,C[C@H](NC(=O)OC(C)(C)C)c1nc2cccc(C#N)c2c(=O)n1-c1cccnc1,6,22,=,0.0011026106076315045,0.012728163041174412
98,C[C@H](NC(=O)OC(C)(C)C)c1nc2cccc(C#N)c2c(=O)n1-c1cccnc1,7,19,O,0.0014890918973833323,0.016356686130166054
98,C[C@H](NC(=O)OC(C)(C)C)c1nc2cccc(C#N)c2c(=O)n1-c1cccnc1,8,18,),0.0005411433521658182,0.0071912119165062904
98,C[C@H](NC(=O)OC(C)(C)C)c1nc2cccc(C#N)c2c(=O)n1-c1cccnc1,9,19,O,0.07232985645532608,0.30961745977401733
98,C[C@H](NC(=O)OC(C)(C)C)c1nc2cccc(C#N)c2c(=O)n1-c1cccnc1,10,16,C,0.004852685611695051,0.04647248238325119
98,C[C@H](NC(=O)OC(C)(C)C)c1nc2cccc(C#N)c2c(=O)n1-c1cccnc1,11,17,(,0.0028760083951056004,0.027511142194271088
98,C[C@H](NC(=O)OC(C)(C)C)c1nc2cccc(C#N)c2c(=O)n1-c1cccnc1,12,16,C,0.0019199928501620889,0.020383324474096298
98,C[C@H](NC(=O)OC(C)(C)C)c1nc2cccc(C#N)c2c(=O)n1-c1cccnc1,13,18,),0.0006429174682125449,0.00837662722915411
98,C[C@H](NC(=O)OC(C)(C)C)c1nc2cccc(C#N)c2c(=O)n1-c1cccnc1,14,17,(,0.001641616690903902,0.017254995182156563
98,C[C@H](NC(=O)OC(C)(C)C)c1nc2cccc(C#N)c2c(=O)n1-c1cccnc1,15,16,C,0.0009289099252782762,0.011040979065001011
98,C[C@H](NC(=O)OC(C)(C)C)c1nc2cccc(C#N)c2c(=O)n1-c1cccnc1,16,18,),0.0005903192213736475,0.0077698808163404465
98,C[C@H](NC(=O)OC(C)(C)C)c1nc2cccc(C#N)c2c(=O)n1-c1cccnc1,17,16,C,0.0010415265569463372,0.012202455662190914
98,C[C@H](NC(=O)OC(C)(C)C)c1nc2cccc(C#N)c2c(=O)n1-c1cccnc1,18,18,),0.0007228149333968759,0.009297470562160015
98,C[C@H](NC(=O)OC(C)(C)C)c1nc2cccc(C#N)c2c(=O)n1-c1cccnc1,19,15,c,0.010969865135848522,0.08181566745042801
98,C[C@H](NC(=O)OC(C)(C)C)c1nc2cccc(C#N)c2c(=O)n1-c1cccnc1,20,20,1,0.0009292071918025613,0.011251339688897133
98,C[C@H](NC(=O)OC(C)(C)C)c1nc2cccc(C#N)c2c(=O)n1-c1cccnc1,21,25,n,0.44683247804641724,0.5027457475662231
98,C[C@H](NC(=O)OC(C)(C)C)c1nc2cccc(C#N)c2c(=O)n1-c1cccnc1,22,15,c,0.6831619739532471,0.24135875701904297
98,C[C@H](NC(=O)OC(C)(C)C)c1nc2cccc(C#N)c2c(=O)n1-c1cccnc1,23,21,2,0.022973259910941124,0.14798544347286224
98,C[C@H](NC(=O)OC(C)(C)C)c1nc2cccc(C#N)c2c(=O)n1-c1cccnc1,24,15,c,0.0038603697903454304,0.033618271350860596
98,C[C@H](NC(=O)OC(C)(C)C)c1nc2cccc(C#N)c2c(=O)n1-c1cccnc1,25,15,c,0.021211301907896996,0.1379232257604599
98,C[C@H](NC(=O)OC(C)(C)C)c1nc2cccc(C#N)c2c(=O)n1-c1cccnc1,26,15,c,0.0029607489705085754,0.028646372258663177
98,C[C@H](NC(=O)OC(C)(C)C)c1nc2cccc(C#N)c2c(=O)n1-c1cccnc1,27,15,c,0.035513851791620255,0.18850143253803253
98,C[C@H](NC(=O)OC(C)(C)C)c1nc2cccc(C#N)c2c(=O)n1-c1cccnc1,28,17,(,0.017771821469068527,0.12488901615142822
98,C[C@H](NC(=O)OC(C)(C)C)c1nc2cccc(C#N)c2c(=O)n1-c1cccnc1,29,16,C,0.6386503577232361,0.637690544128418
98,C[C@H](NC(=O)OC(C)(C)C)c1nc2cccc(C#N)c2c(=O)n1-c1cccnc1,30,38,#,0.4261850118637085,0.7751701474189758
98,C[C@H](NC(=O)OC(C)(C)C)c1nc2cccc(C#N)c2c(=O)n1-c1cccnc1,31,23,N,0.004552511498332024,0.044509828090667725
98,C[C@H](NC(=O)OC(C)(C)C)c1nc2cccc(C#N)c2c(=O)n1-c1cccnc1,32,18,),0.010350420139729977,0.0922289714217186
98,C[C@H](NC(=O)OC(C)(C)C)c1nc2cccc(C#N)c2c(=O)n1-c1cccnc1,33,25,n,0.1681823432445526,0.4321274161338806
98,C[C@H](NC(=O)OC(C)(C)C)c1nc2cccc(C#N)c2c(=O)n1-c1cccnc1,34,21,2,0.043315958231687546,0.250459760427475
98,C[C@H](NC(=O)OC(C)(C)C)c1nc2cccc(C#N)c2c(=O)n1-c1cccnc1,35,25,n,0.6272420883178711,0.1758795976638794
98,C[C@H](NC(=O)OC(C)(C)C)c1nc2cccc(C#N)c2c(=O)n1-c1cccnc1,36,15,c,0.8354748487472534,0.5877071022987366
98,C[C@H](NC(=O)OC(C)(C)C)c1nc2cccc(C#N)c2c(=O)n1-c1cccnc1,37,20,1,0.004530042875558138,0.03986433148384094
98,C[C@H](NC(=O)OC(C)(C)C)c1nc2cccc(C#N)c2c(=O)n1-c1cccnc1,38,31,-,0.07867128401994705,0.42467451095581055
98,C[C@H](NC(=O)OC(C)(C)C)c1nc2cccc(C#N)c2c(=O)n1-c1cccnc1,39,15,c,0.0024499697610735893,0.024721037596464157
98,C[C@H](NC(=O)OC(C)(C)C)c1nc2cccc(C#N)c2c(=O)n1-c1cccnc1,40,20,1,0.0012506854254752398,0.01527048833668232
98,C[C@H](NC(=O)OC(C)(C)C)c1nc2cccc(C#N)c2c(=O)n1-c1cccnc1,41,15,c,0.0010284340241923928,0.011181624606251717
98,C[C@H](NC(=O)OC(C)(C)C)c1nc2cccc(C#N)c2c(=O)n1-c1cccnc1,42,15,c,0.0006921752355992794,0.008218815550208092
98,C[C@H](NC(=O)OC(C)(C)C)c1nc2cccc(C#N)c2c(=O)n1-c1cccnc1,43,15,c,0.006133471615612507,0.04618006572127342
98,C[C@H](NC(=O)OC(C)(C)C)c1nc2cccc(C#N)c2c(=O)n1-c1cccnc1,44,25,n,0.04591858386993408,0.21058019995689392
98,C[C@H](NC(=O)OC(C)(C)C)c1nc2cccc(C#N)c2c(=O)n1-c1cccnc1,45,15,c,0.004470431245863438,0.039630115032196045
98,C[C@H](NC(=O)OC(C)(C)C)c1nc2cccc(C#N)c2c(=O)n1-c1cccnc1,46,20,1,0.0011062975972890854,0.01377374492585659
98,C[C@H](NC(=O)OC(C)(C)C)c1nc2cccc(C#N)c2c(=O)n1-c1cccnc1,47,13,[SEP],0.001986131304875016,0.018992798402905464
99,CCN(CC)C(=O)NCCCO,0,16,C,0.0015749039594084024,0.01805039495229721
99,CCN(CC)C(=O)NCCCO,1,16,C,0.00181706459261477,0.02039952017366886
99,CCN(CC)C(=O)NCCCO,2,23,N,0.054683201014995575,0.41035032272338867
99,CCN(CC)C(=O)NCCCO,3,17,(,0.027813803404569626,0.15500834584236145
99,CCN(CC)C(=O)NCCCO,4,16,C,0.14096815884113312,0.4433204233646393
99,CCN(CC)C(=O)NCCCO,5,16,C,0.04558926448225975,0.26092857122421265
99,CCN(CC)C(=O)NCCCO,6,18,),0.06191973015666008,0.3368181884288788
99,CCN(CC)C(=O)NCCCO,7,16,C,0.01152506098151207,0.0958772599697113
99,CCN(CC)C(=O)NCCCO,8,17,(,0.004740244243294001,0.04186279699206352
99,CCN(CC)C(=O)NCCCO,9,22,=,0.00288010248914361,0.028744447976350784
99,CCN(CC)C(=O)NCCCO,10,19,O,0.0010173412738367915,0.012387225404381752
99,CCN(CC)C(=O)NCCCO,11,18,),0.000545638264156878,0.007328174076974392
99,CCN(CC)C(=O)NCCCO,12,23,N,0.0022840474266558886,0.025623435154557228
99,CCN(CC)C(=O)NCCCO,13,16,C,0.0035014490131288767,0.03791048005223274
99,CCN(CC)C(=O)NCCCO,14,16,C,0.004966169595718384,0.051106829196214676
99,CCN(CC)C(=O)NCCCO,15,16,C,0.0037083278875797987,0.036162689328193665
99,CCN(CC)C(=O)NCCCO,16,19,O,0.007095398381352425,0.07213424891233444
99,CCN(CC)C(=O)NCCCO,17,13,[SEP],0.003464840352535248,0.0330997034907341
