sample_idx,target_smiles,step,token_id,token_text,entropy,varentropy
0,O=C1CN(S(=O)(=O)c2ccc(C(=O)O)cc2)C(=O)C(Cc2ccccc2)CN1,0,19,O,0.012256999500095844,0.0862957090139389
0,O=C1CN(S(=O)(=O)c2ccc(C(=O)O)cc2)C(=O)C(Cc2ccccc2)CN1,1,22,=,0.0009244217071682215,0.011125282384455204
0,O=C1CN(S(=O)(=O)c2ccc(C(=O)O)cc2)C(=O)C(Cc2ccccc2)CN1,2,16,C,0.026172328740358353,0.17275473475456238
0,O=C1CN(S(=O)(=O)c2ccc(C(=O)O)cc2)C(=O)C(Cc2ccccc2)CN1,3,17,(,0.539825975894928,0.9756456017494202
0,O=C1CN(S(=O)(=O)c2ccc(C(=O)O)cc2)C(=O)C(Cc2ccccc2)CN1,4,19,O,0.34833458065986633,0.8513448238372803
0,O=C1CN(S(=O)(=O)c2ccc(C(=O)O)cc2)C(=O)C(Cc2ccccc2)CN1,5,18,),0.002951403148472309,0.031093426048755646
0,O=C1CN(S(=O)(=O)c2ccc(C(=O)O)cc2)C(=O)C(Cc2ccccc2)CN1,6,16,C,0.6736319661140442,0.7046505212783813
0,O=C1CN(S(=O)(=O)c2ccc(C(=O)O)cc2)C(=O)C(Cc2ccccc2)CN1,7,16,C,1.6916128396987915,0.5939695835113525
0,O=C1CN(S(=O)(=O)c2ccc(C(=O)O)cc2)C(=O)C(Cc2ccccc2)CN1,8,20,1,0.6375455260276794,0.5699241161346436
0,O=C1CN(S(=O)(=O)c2ccc(C(=O)O)cc2)C(=O)C(Cc2ccccc2)CN1,9,16,C,0.1324847787618637,0.5519198775291443
0,O=C1CN(S(=O)(=O)c2ccc(C(=O)O)cc2)C(=O)C(Cc2ccccc2)CN1,10,34,S,0.7342528700828552,1.2506014108657837
0,O=C1CN(S(=O)(=O)c2ccc(C(=O)O)cc2)C(=O)C(Cc2ccccc2)CN1,11,16,C,0.9634071588516235,0.5037915706634521
0,O=C1CN(S(=O)(=O)c2ccc(C(=O)O)cc2)C(=O)C(Cc2ccccc2)CN1,12,17,(,0.3746618330478668,1.0397567749023438
0,O=C1CN(S(=O)(=O)c2ccc(C(=O)O)cc2)C(=O)C(Cc2ccccc2)CN1,13,23,N,1.3114726543426514,0.8448858857154846
0,O=C1CN(S(=O)(=O)c2ccc(C(=O)O)cc2)C(=O)C(Cc2ccccc2)CN1,14,16,C,0.05467411130666733,0.3203204274177551
0,O=C1CN(S(=O)(=O)c2ccc(C(=O)O)cc2)C(=O)C(Cc2ccccc2)CN1,15,17,(,0.4172397553920746,0.9593287706375122
0,O=C1CN(S(=O)(=O)c2ccc(C(=O)O)cc2)C(=O)C(Cc2ccccc2)CN1,16,22,=,0.0042311386205255985,0.03726321831345558
0,O=C1CN(S(=O)(=O)c2ccc(C(=O)O)cc2)C(=O)C(Cc2ccccc2)CN1,17,19,O,0.0012212670408189297,0.01346520334482193
0,O=C1CN(S(=O)(=O)c2ccc(C(=O)O)cc2)C(=O)C(Cc2ccccc2)CN1,18,18,),0.0006654215976595879,0.008542206138372421
0,O=C1CN(S(=O)(=O)c2ccc(C(=O)O)cc2)C(=O)C(Cc2ccccc2)CN1,19,15,c,0.04045673459768295,0.20288819074630737
0,O=C1CN(S(=O)(=O)c2ccc(C(=O)O)cc2)C(=O)C(Cc2ccccc2)CN1,20,21,2,0.0010416223667562008,0.0129269203171134
0,O=C1CN(S(=O)(=O)c2ccc(C(=O)O)cc2)C(=O)C(Cc2ccccc2)CN1,21,15,c,0.0019101796206086874,0.02048642374575138
0,O=C1CN(S(=O)(=O)c2ccc(C(=O)O)cc2)C(=O)C(Cc2ccccc2)CN1,22,15,c,0.0013139424845576286,0.01485556922852993
0,O=C1CN(S(=O)(=O)c2ccc(C(=O)O)cc2)C(=O)C(Cc2ccccc2)CN1,23,15,c,0.004272003658115864,0.03985508158802986
0,O=C1CN(S(=O)(=O)c2ccc(C(=O)O)cc2)C(=O)C(Cc2ccccc2)CN1,24,17,(,0.03361913189291954,0.1722467541694641
0,O=C1CN(S(=O)(=O)c2ccc(C(=O)O)cc2)C(=O)C(Cc2ccccc2)CN1,25,16,C,0.10541871935129166,0.5193452835083008
0,O=C1CN(S(=O)(=O)c2ccc(C(=O)O)cc2)C(=O)C(Cc2ccccc2)CN1,26,17,(,0.0035486314445734024,0.033576060086488724
0,O=C1CN(S(=O)(=O)c2ccc(C(=O)O)cc2)C(=O)C(Cc2ccccc2)CN1,27,22,=,0.002665703883394599,0.025830961763858795
0,O=C1CN(S(=O)(=O)c2ccc(C(=O)O)cc2)C(=O)C(Cc2ccccc2)CN1,28,19,O,0.0009246576810255647,0.011119329370558262
0,O=C1CN(S(=O)(=O)c2ccc(C(=O)O)cc2)C(=O)C(Cc2ccccc2)CN1,29,18,),0.0005486898589879274,0.007290559820830822
0,O=C1CN(S(=O)(=O)c2ccc(C(=O)O)cc2)C(=O)C(Cc2ccccc2)CN1,30,19,O,0.711190938949585,0.21672333776950836
0,O=C1CN(S(=O)(=O)c2ccc(C(=O)O)cc2)C(=O)C(Cc2ccccc2)CN1,31,18,),0.0025071471463888884,0.026746179908514023
0,O=C1CN(S(=O)(=O)c2ccc(C(=O)O)cc2)C(=O)C(Cc2ccccc2)CN1,32,15,c,0.0025476401206105947,0.023946136236190796
0,O=C1CN(S(=O)(=O)c2ccc(C(=O)O)cc2)C(=O)C(Cc2ccccc2)CN1,33,15,c,0.0017226138152182102,0.016756871715188026
0,O=C1CN(S(=O)(=O)c2ccc(C(=O)O)cc2)C(=O)C(Cc2ccccc2)CN1,34,21,2,0.001227309461683035,0.01378105953335762
0,O=C1CN(S(=O)(=O)c2ccc(C(=O)O)cc2)C(=O)C(Cc2ccccc2)CN1,35,18,),0.0012412458891049027,0.01493406668305397
0,O=C1CN(S(=O)(=O)c2ccc(C(=O)O)cc2)C(=O)C(Cc2ccccc2)CN1,36,16,C,0.12132836878299713,0.49195489287376404
0,O=C1CN(S(=O)(=O)c2ccc(C(=O)O)cc2)C(=O)C(Cc2ccccc2)CN1,37,23,N,0.036669209599494934,0.228171244263649
0,O=C1CN(S(=O)(=O)c2ccc(C(=O)O)cc2)C(=O)C(Cc2ccccc2)CN1,38,16,C,0.0737110823392868,0.3359394073486328
0,O=C1CN(S(=O)(=O)c2ccc(C(=O)O)cc2)C(=O)C(Cc2ccccc2)CN1,39,20,1,0.0013859530445188284,0.016691340133547783
0,O=C1CN(S(=O)(=O)c2ccc(C(=O)O)cc2)C(=O)C(Cc2ccccc2)CN1,40,22,=,0.0013384835328906775,0.016312934458255768
0,O=C1CN(S(=O)(=O)c2ccc(C(=O)O)cc2)C(=O)C(Cc2ccccc2)CN1,41,19,O,0.002199734328314662,0.02383718453347683
0,O=C1CN(S(=O)(=O)c2ccc(C(=O)O)cc2)C(=O)C(Cc2ccccc2)CN1,42,13,[SEP],0.010743035934865475,0.06715027987957001
1,c1cc(-c2csnn2)ccc1OCC1CO1,0,15,c,1.0293164253234863,2.331926107406616
1,c1cc(-c2csnn2)ccc1OCC1CO1,1,20,1,0.006775602698326111,0.0681830495595932
1,c1cc(-c2csnn2)ccc1OCC1CO1,2,15,c,0.206661656498909,0.5353406667709351
1,c1cc(-c2csnn2)ccc1OCC1CO1,3,15,c,0.04720687121152878,0.2640703618526459
1,c1cc(-c2csnn2)ccc1OCC1CO1,4,15,c,0.6211699843406677,0.32884711027145386
1,c1cc(-c2csnn2)ccc1OCC1CO1,5,17,(,0.02578013762831688,0.13924022018909454
1,c1cc(-c2csnn2)ccc1OCC1CO1,6,31,-,0.405607134103775,1.4457519054412842
1,c1cc(-c2csnn2)ccc1OCC1CO1,7,15,c,0.0321013443171978,0.20311397314071655
1,c1cc(-c2csnn2)ccc1OCC1CO1,8,21,2,0.0048135132528841496,0.0510682612657547
1,c1cc(-c2csnn2)ccc1OCC1CO1,9,15,c,0.7393887042999268,0.28749901056289673
1,c1cc(-c2csnn2)ccc1OCC1CO1,10,25,n,0.72686767578125,0.8402680158615112
1,c1cc(-c2csnn2)ccc1OCC1CO1,11,25,n,0.7029225826263428,0.8249602317810059
1,c1cc(-c2csnn2)ccc1OCC1CO1,12,42,s,0.03527925908565521,0.24669137597084045
1,c1cc(-c2csnn2)ccc1OCC1CO1,13,21,2,0.001447046990506351,0.01764547824859619
1,c1cc(-c2csnn2)ccc1OCC1CO1,14,18,),0.0017773101571947336,0.021215595304965973
1,c1cc(-c2csnn2)ccc1OCC1CO1,15,15,c,0.0034065006766468287,0.031022073701024055
1,c1cc(-c2csnn2)ccc1OCC1CO1,16,15,c,0.013093267567455769,0.09424896538257599
1,c1cc(-c2csnn2)ccc1OCC1CO1,17,20,1,0.0033408519811928272,0.034419722855091095
1,c1cc(-c2csnn2)ccc1OCC1CO1,18,18,),0.6961526274681091,0.7248457074165344
1,c1cc(-c2csnn2)ccc1OCC1CO1,19,16,C,1.1992805004119873,1.8373712301254272
1,c1cc(-c2csnn2)ccc1OCC1CO1,20,20,1,1.0377871990203857,0.6456636190414429
1,c1cc(-c2csnn2)ccc1OCC1CO1,21,16,C,0.01720510981976986,0.13206851482391357
1,c1cc(-c2csnn2)ccc1OCC1CO1,22,19,O,0.003752124961465597,0.036300159990787506
1,c1cc(-c2csnn2)ccc1OCC1CO1,23,20,1,0.02727068029344082,0.16526228189468384
1,c1cc(-c2csnn2)ccc1OCC1CO1,24,13,[SEP],0.026807501912117004,0.16536085307598114
2,COc1ccc(Cl)cc1Oc1ccc(S(C)(=O)=O)cc1Cl,0,16,C,0.0012538791634142399,0.0146509213373065
2,COc1ccc(Cl)cc1Oc1ccc(S(C)(=O)=O)cc1Cl,1,19,O,0.0020749904215335846,0.02246076613664627
2,COc1ccc(Cl)cc1Oc1ccc(S(C)(=O)=O)cc1Cl,2,15,c,0.0030554800760000944,0.03073539212346077
2,COc1ccc(Cl)cc1Oc1ccc(S(C)(=O)=O)cc1Cl,3,20,1,0.0007356795249506831,0.009151866659522057
2,COc1ccc(Cl)cc1Oc1ccc(S(C)(=O)=O)cc1Cl,4,15,c,0.00072806904790923,0.008930986747145653
2,COc1ccc(Cl)cc1Oc1ccc(S(C)(=O)=O)cc1Cl,5,15,c,0.0009174467413686216,0.010260757990181446
2,COc1ccc(Cl)cc1Oc1ccc(S(C)(=O)=O)cc1Cl,6,15,c,0.4121460020542145,0.428141325712204
2,COc1ccc(Cl)cc1Oc1ccc(S(C)(=O)=O)cc1Cl,7,17,(,0.09900346398353577,0.3336245119571686
2,COc1ccc(Cl)cc1Oc1ccc(S(C)(=O)=O)cc1Cl,8,28,Cl,0.3592468500137329,1.1050361394882202
2,COc1ccc(Cl)cc1Oc1ccc(S(C)(=O)=O)cc1Cl,9,18,),0.0006037384737282991,0.007855584844946861
2,COc1ccc(Cl)cc1Oc1ccc(S(C)(=O)=O)cc1Cl,10,15,c,0.0008069388568401337,0.009419878013432026
2,COc1ccc(Cl)cc1Oc1ccc(S(C)(=O)=O)cc1Cl,11,15,c,0.030193734914064407,0.15005427598953247
2,COc1ccc(Cl)cc1Oc1ccc(S(C)(=O)=O)cc1Cl,12,20,1,0.0007808001828379929,0.010082979686558247
2,COc1ccc(Cl)cc1Oc1ccc(S(C)(=O)=O)cc1Cl,13,19,O,0.010928390547633171,0.09106101095676422
2,COc1ccc(Cl)cc1Oc1ccc(S(C)(=O)=O)cc1Cl,14,15,c,0.0014215458650141954,0.01577940210700035
2,COc1ccc(Cl)cc1Oc1ccc(S(C)(=O)=O)cc1Cl,15,20,1,0.0009579205652698874,0.012065507471561432
2,COc1ccc(Cl)cc1Oc1ccc(S(C)(=O)=O)cc1Cl,16,15,c,0.001092284801416099,0.011408521793782711
2,COc1ccc(Cl)cc1Oc1ccc(S(C)(=O)=O)cc1Cl,17,15,c,0.025577785447239876,0.13166135549545288
2,COc1ccc(Cl)cc1Oc1ccc(S(C)(=O)=O)cc1Cl,18,15,c,0.04153076559305191,0.1848248541355133
2,COc1ccc(Cl)cc1Oc1ccc(S(C)(=O)=O)cc1Cl,19,17,(,0.01770198903977871,0.11718450486660004
2,COc1ccc(Cl)cc1Oc1ccc(S(C)(=O)=O)cc1Cl,20,34,S,0.29772424697875977,0.683926522731781
2,COc1ccc(Cl)cc1Oc1ccc(S(C)(=O)=O)cc1Cl,21,17,(,0.008323736488819122,0.07230240106582642
2,COc1ccc(Cl)cc1Oc1ccc(S(C)(=O)=O)cc1Cl,22,16,C,0.0057024601846933365,0.053336478769779205
2,COc1ccc(Cl)cc1Oc1ccc(S(C)(=O)=O)cc1Cl,23,18,),0.0007376816356554627,0.009560786187648773
2,COc1ccc(Cl)cc1Oc1ccc(S(C)(=O)=O)cc1Cl,24,17,(,0.0018036534311249852,0.019763842225074768
2,COc1ccc(Cl)cc1Oc1ccc(S(C)(=O)=O)cc1Cl,25,22,=,0.0019488107645884156,0.021240293979644775
2,COc1ccc(Cl)cc1Oc1ccc(S(C)(=O)=O)cc1Cl,26,19,O,0.0016806337516754866,0.018819790333509445
2,COc1ccc(Cl)cc1Oc1ccc(S(C)(=O)=O)cc1Cl,27,18,),0.0005343018565326929,0.007194326259195805
2,COc1ccc(Cl)cc1Oc1ccc(S(C)(=O)=O)cc1Cl,28,22,=,0.003083149902522564,0.03203173726797104
2,COc1ccc(Cl)cc1Oc1ccc(S(C)(=O)=O)cc1Cl,29,19,O,0.011074465699493885,0.09147194027900696
2,COc1ccc(Cl)cc1Oc1ccc(S(C)(=O)=O)cc1Cl,30,18,),0.0005644409684464335,0.007527003064751625
2,COc1ccc(Cl)cc1Oc1ccc(S(C)(=O)=O)cc1Cl,31,15,c,0.04430103674530983,0.2126418501138687
2,COc1ccc(Cl)cc1Oc1ccc(S(C)(=O)=O)cc1Cl,32,15,c,0.11392991989850998,0.478249728679657
2,COc1ccc(Cl)cc1Oc1ccc(S(C)(=O)=O)cc1Cl,33,20,1,0.0013178607914596796,0.01575562357902527
2,COc1ccc(Cl)cc1Oc1ccc(S(C)(=O)=O)cc1Cl,34,13,[SEP],1.032614827156067,0.9180253148078918
3,CCCCCCOC(=O)c1cc(Br)cc(C)c1N,0,16,C,0.0009939174633473158,0.011971049942076206
3,CCCCCCOC(=O)c1cc(Br)cc(C)c1N,1,16,C,0.0017344148363918066,0.018994763493537903
3,CCCCCCOC(=O)c1cc(Br)cc(C)c1N,2,16,C,0.0028829597868025303,0.028961632400751114
3,CCCCCCOC(=O)c1cc(Br)cc(C)c1N,3,16,C,0.001685430994257331,0.01821512170135975
3,CCCCCCOC(=O)c1cc(Br)cc(C)c1N,4,16,C,0.0020239222794771194,0.020962318405508995
3,CCCCCCOC(=O)c1cc(Br)cc(C)c1N,5,16,C,0.014606568962335587,0.1006716936826706
3,CCCCCCOC(=O)c1cc(Br)cc(C)c1N,6,19,O,0.01069661695510149,0.0739293321967125
3,CCCCCCOC(=O)c1cc(Br)cc(C)c1N,7,16,C,0.10210582613945007,0.33707934617996216
3,CCCCCCOC(=O)c1cc(Br)cc(C)c1N,8,17,(,0.0006748262676410377,0.00826677493751049
3,CCCCCCOC(=O)c1cc(Br)cc(C)c1N,9,22,=,0.014567902311682701,0.09747491776943207
3,CCCCCCOC(=O)c1cc(Br)cc(C)c1N,10,19,O,0.0007265221211127937,0.008937105536460876
3,CCCCCCOC(=O)c1cc(Br)cc(C)c1N,11,18,),0.0005576289258897305,0.007389854174107313
3,CCCCCCOC(=O)c1cc(Br)cc(C)c1N,12,15,c,0.0012723610270768404,0.014609250240027905
3,CCCCCCOC(=O)c1cc(Br)cc(C)c1N,13,20,1,0.0007175251375883818,0.009196373634040356
3,CCCCCCOC(=O)c1cc(Br)cc(C)c1N,14,15,c,0.0017777994507923722,0.019406434148550034
3,CCCCCCOC(=O)c1cc(Br)cc(C)c1N,15,15,c,0.027112893760204315,0.1435156911611557
3,CCCCCCOC(=O)c1cc(Br)cc(C)c1N,16,17,(,0.00294171879068017,0.028045404702425003
3,CCCCCCOC(=O)c1cc(Br)cc(C)c1N,17,16,C,0.26919806003570557,0.6240476369857788
3,CCCCCCOC(=O)c1cc(Br)cc(C)c1N,18,18,),0.0029012891463935375,0.029414154589176178
3,CCCCCCOC(=O)c1cc(Br)cc(C)c1N,19,15,c,0.005891772452741861,0.05202719196677208
3,CCCCCCOC(=O)c1cc(Br)cc(C)c1N,20,17,(,0.35653793811798096,0.5994470119476318
3,CCCCCCOC(=O)c1cc(Br)cc(C)c1N,21,37,Br,0.8153997659683228,0.5522774457931519
3,CCCCCCOC(=O)c1cc(Br)cc(C)c1N,22,18,),0.0005693170242011547,0.007592522539198399
3,CCCCCCOC(=O)c1cc(Br)cc(C)c1N,23,15,c,0.11260096728801727,0.47073185443878174
3,CCCCCCOC(=O)c1cc(Br)cc(C)c1N,24,17,(,0.0545739121735096,0.2917540967464447
3,CCCCCCOC(=O)c1cc(Br)cc(C)c1N,25,23,N,0.16422125697135925,0.4893793761730194
3,CCCCCCOC(=O)c1cc(Br)cc(C)c1N,26,18,),0.0008714712457731366,0.011117531917989254
3,CCCCCCOC(=O)c1cc(Br)cc(C)c1N,27,15,c,0.0020018029026687145,0.019355306401848793
3,CCCCCCOC(=O)c1cc(Br)cc(C)c1N,28,20,1,0.001559467171318829,0.017674623057246208
3,CCCCCCOC(=O)c1cc(Br)cc(C)c1N,29,13,[SEP],0.0011656081769615412,0.012587307952344418
4,C[C@@H]1CC[C@@H](NC(=O)CN(C)C)CC1,0,16,C,0.001213063020259142,0.014137815684080124
4,C[C@@H]1CC[C@@H](NC(=O)CN(C)C)CC1,1,16,C,1.148780107498169,0.9207528829574585
4,C[C@@H]1CC[C@@H](NC(=O)CN(C)C)CC1,2,17,(,0.538926362991333,0.8903890252113342
4,C[C@@H]1CC[C@@H](NC(=O)CN(C)C)CC1,3,16,C,0.16239166259765625,0.4496985673904419
4,C[C@@H]1CC[C@@H](NC(=O)CN(C)C)CC1,4,18,),0.0038147710729390383,0.03748977184295654
4,C[C@@H]1CC[C@@H](NC(=O)CN(C)C)CC1,5,16,C,0.4006706774234772,0.6122652888298035
4,C[C@@H]1CC[C@@H](NC(=O)CN(C)C)CC1,6,16,C,0.364996999502182,0.9573041796684265
4,C[C@@H]1CC[C@@H](NC(=O)CN(C)C)CC1,7,16,C,1.2453069686889648,0.5791006684303284
4,C[C@@H]1CC[C@@H](NC(=O)CN(C)C)CC1,8,17,(,1.0465952157974243,0.6518113017082214
4,C[C@@H]1CC[C@@H](NC(=O)CN(C)C)CC1,9,22,=,0.06382385641336441,0.32457491755485535
4,C[C@@H]1CC[C@@H](NC(=O)CN(C)C)CC1,10,19,O,0.0027256777975708246,0.026165809482336044
4,C[C@@H]1CC[C@@H](NC(=O)CN(C)C)CC1,11,18,),0.00061700155492872,0.00814269483089447
4,C[C@@H]1CC[C@@H](NC(=O)CN(C)C)CC1,12,23,N,0.0018217656761407852,0.020555006340146065
4,C[C@@H]1CC[C@@H](NC(=O)CN(C)C)CC1,13,16,C,0.32647058367729187,0.9030985832214355
4,C[C@@H]1CC[C@@H](NC(=O)CN(C)C)CC1,14,20,1,0.03409366309642792,0.23079799115657806
4,C[C@@H]1CC[C@@H](NC(=O)CN(C)C)CC1,15,16,C,0.00929615180939436,0.07060468196868896
4,C[C@@H]1CC[C@@H](NC(=O)CN(C)C)CC1,16,16,C,0.06262095272541046,0.30046939849853516
4,C[C@@H]1CC[C@@H](NC(=O)CN(C)C)CC1,17,23,N,0.7185029983520508,0.6620696187019348
4,C[C@@H]1CC[C@@H](NC(=O)CN(C)C)CC1,18,17,(,0.006574059370905161,0.051043156534433365
4,C[C@@H]1CC[C@@H](NC(=O)CN(C)C)CC1,19,16,C,0.0018847959581762552,0.021068798378109932
4,C[C@@H]1CC[C@@H](NC(=O)CN(C)C)CC1,20,18,),0.0016087444964796305,0.018728436902165413
4,C[C@@H]1CC[C@@H](NC(=O)CN(C)C)CC1,21,16,C,0.002671431517228484,0.028122056275606155
4,C[C@@H]1CC[C@@H](NC(=O)CN(C)C)CC1,22,20,1,0.008667772635817528,0.07499834895133972
4,C[C@@H]1CC[C@@H](NC(=O)CN(C)C)CC1,23,13,[SEP],0.21039481461048126,0.4633862376213074
5,COc1ccc(CO)cc1S(=O)(=O)N(C)C,0,16,C,0.0013616031501442194,0.01579359546303749
5,COc1ccc(CO)cc1S(=O)(=O)N(C)C,1,19,O,0.003070900682359934,0.030424043536186218
5,COc1ccc(CO)cc1S(=O)(=O)N(C)C,2,15,c,0.0030237045139074326,0.030724119395017624
5,COc1ccc(CO)cc1S(=O)(=O)N(C)C,3,20,1,0.0008288192329928279,0.0103311063721776
5,COc1ccc(CO)cc1S(=O)(=O)N(C)C,4,15,c,0.0011486131697893143,0.011889900080859661
5,COc1ccc(CO)cc1S(=O)(=O)N(C)C,5,15,c,0.0007997345528565347,0.008942147716879845
5,COc1ccc(CO)cc1S(=O)(=O)N(C)C,6,15,c,0.0015793123748153448,0.015939801931381226
5,COc1ccc(CO)cc1S(=O)(=O)N(C)C,7,17,(,0.002910125767812133,0.025819338858127594
5,COc1ccc(CO)cc1S(=O)(=O)N(C)C,8,16,C,0.002703106263652444,0.027883028611540794
5,COc1ccc(CO)cc1S(=O)(=O)N(C)C,9,19,O,0.00798423495143652,0.06958862394094467
5,COc1ccc(CO)cc1S(=O)(=O)N(C)C,10,18,),0.0023860433138906956,0.027941226959228516
5,COc1ccc(CO)cc1S(=O)(=O)N(C)C,11,15,c,0.02495730109512806,0.12501321732997894
5,COc1ccc(CO)cc1S(=O)(=O)N(C)C,12,15,c,0.07790973782539368,0.2758418023586273
5,COc1ccc(CO)cc1S(=O)(=O)N(C)C,13,20,1,0.0008487205486744642,0.010993124917149544
5,COc1ccc(CO)cc1S(=O)(=O)N(C)C,14,34,S,0.013432329520583153,0.10207793116569519
5,COc1ccc(CO)cc1S(=O)(=O)N(C)C,15,17,(,0.003223314881324768,0.03153001144528389
5,COc1ccc(CO)cc1S(=O)(=O)N(C)C,16,22,=,0.029180098325014114,0.16344012320041656
5,COc1ccc(CO)cc1S(=O)(=O)N(C)C,17,19,O,0.004710126668214798,0.04085036739706993
5,COc1ccc(CO)cc1S(=O)(=O)N(C)C,18,18,),0.0006038077990524471,0.007961202412843704
5,COc1ccc(CO)cc1S(=O)(=O)N(C)C,19,23,N,0.8432839512825012,0.9235240817070007
5,COc1ccc(CO)cc1S(=O)(=O)N(C)C,20,17,(,0.13498935103416443,0.6189852952957153
5,COc1ccc(CO)cc1S(=O)(=O)N(C)C,21,16,C,0.0037429684307426214,0.03897231072187424
5,COc1ccc(CO)cc1S(=O)(=O)N(C)C,22,18,),0.0009316221694462001,0.011583728715777397
5,COc1ccc(CO)cc1S(=O)(=O)N(C)C,23,16,C,0.0028754996601492167,0.031045779585838318
5,COc1ccc(CO)cc1S(=O)(=O)N(C)C,24,13,[SEP],0.0344550721347332,0.1755559891462326
6,COc1cncc(-c2c(-c3cn[nH]c3)sc3nc(C)cc(NS(=O)(=O)c4cccc(Cl)c4)c23)c1,0,16,C,0.0016097676707431674,0.018428949639201164
6,COc1cncc(-c2c(-c3cn[nH]c3)sc3nc(C)cc(NS(=O)(=O)c4cccc(Cl)c4)c23)c1,1,19,O,0.039952002465724945,0.2461899220943451
6,COc1cncc(-c2c(-c3cn[nH]c3)sc3nc(C)cc(NS(=O)(=O)c4cccc(Cl)c4)c23)c1,2,15,c,0.023230524733662605,0.15820017457008362
6,COc1cncc(-c2c(-c3cn[nH]c3)sc3nc(C)cc(NS(=O)(=O)c4cccc(Cl)c4)c23)c1,3,20,1,0.0019140808144584298,0.021007202565670013
6,COc1cncc(-c2c(-c3cn[nH]c3)sc3nc(C)cc(NS(=O)(=O)c4cccc(Cl)c4)c23)c1,4,15,c,0.5027536749839783,0.586338460445404
6,COc1cncc(-c2c(-c3cn[nH]c3)sc3nc(C)cc(NS(=O)(=O)c4cccc(Cl)c4)c23)c1,5,25,n,0.2835564613342285,0.5866686105728149
6,COc1cncc(-c2c(-c3cn[nH]c3)sc3nc(C)cc(NS(=O)(=O)c4cccc(Cl)c4)c23)c1,6,15,c,0.02597597986459732,0.14436385035514832
6,COc1cncc(-c2c(-c3cn[nH]c3)sc3nc(C)cc(NS(=O)(=O)c4cccc(Cl)c4)c23)c1,7,15,c,0.2178594470024109,0.6773074269294739
6,COc1cncc(-c2c(-c3cn[nH]c3)sc3nc(C)cc(NS(=O)(=O)c4cccc(Cl)c4)c23)c1,8,17,(,0.0774066150188446,0.3221918046474457
6,COc1cncc(-c2c(-c3cn[nH]c3)sc3nc(C)cc(NS(=O)(=O)c4cccc(Cl)c4)c23)c1,9,31,-,0.055137209594249725,0.36009374260902405
6,COc1cncc(-c2c(-c3cn[nH]c3)sc3nc(C)cc(NS(=O)(=O)c4cccc(Cl)c4)c23)c1,10,15,c,0.00828770361840725,0.05747450515627861
6,COc1cncc(-c2c(-c3cn[nH]c3)sc3nc(C)cc(NS(=O)(=O)c4cccc(Cl)c4)c23)c1,11,21,2,0.00454629585146904,0.04669227823615074
6,COc1cncc(-c2c(-c3cn[nH]c3)sc3nc(C)cc(NS(=O)(=O)c4cccc(Cl)c4)c23)c1,12,15,c,0.6830829381942749,0.5512344241142273
6,COc1cncc(-c2c(-c3cn[nH]c3)sc3nc(C)cc(NS(=O)(=O)c4cccc(Cl)c4)c23)c1,13,15,c,0.37663576006889343,0.904390275478363
6,COc1cncc(-c2c(-c3cn[nH]c3)sc3nc(C)cc(NS(=O)(=O)c4cccc(Cl)c4)c23)c1,14,15,c,0.5735229849815369,1.1553053855895996
6,COc1cncc(-c2c(-c3cn[nH]c3)sc3nc(C)cc(NS(=O)(=O)c4cccc(Cl)c4)c23)c1,15,15,c,0.7626834511756897,1.0132941007614136
6,COc1cncc(-c2c(-c3cn[nH]c3)sc3nc(C)cc(NS(=O)(=O)c4cccc(Cl)c4)c23)c1,16,17,(,0.8633391857147217,0.546082079410553
6,COc1cncc(-c2c(-c3cn[nH]c3)sc3nc(C)cc(NS(=O)(=O)c4cccc(Cl)c4)c23)c1,17,34,S,0.9991515874862671,1.2105093002319336
6,COc1cncc(-c2c(-c3cn[nH]c3)sc3nc(C)cc(NS(=O)(=O)c4cccc(Cl)c4)c23)c1,18,17,(,0.04224875196814537,0.22848248481750488
6,COc1cncc(-c2c(-c3cn[nH]c3)sc3nc(C)cc(NS(=O)(=O)c4cccc(Cl)c4)c23)c1,19,22,=,0.00741267716512084,0.06178602948784828
6,COc1cncc(-c2c(-c3cn[nH]c3)sc3nc(C)cc(NS(=O)(=O)c4cccc(Cl)c4)c23)c1,20,19,O,0.004142713733017445,0.03697618097066879
6,COc1cncc(-c2c(-c3cn[nH]c3)sc3nc(C)cc(NS(=O)(=O)c4cccc(Cl)c4)c23)c1,21,18,),0.0005620945012196898,0.007447614334523678
6,COc1cncc(-c2c(-c3cn[nH]c3)sc3nc(C)cc(NS(=O)(=O)c4cccc(Cl)c4)c23)c1,22,17,(,0.0076072076335549355,0.06244582310318947
6,COc1cncc(-c2c(-c3cn[nH]c3)sc3nc(C)cc(NS(=O)(=O)c4cccc(Cl)c4)c23)c1,23,22,=,0.008185294456779957,0.0695512592792511
6,COc1cncc(-c2c(-c3cn[nH]c3)sc3nc(C)cc(NS(=O)(=O)c4cccc(Cl)c4)c23)c1,24,19,O,0.006478124298155308,0.0519646480679512
6,COc1cncc(-c2c(-c3cn[nH]c3)sc3nc(C)cc(NS(=O)(=O)c4cccc(Cl)c4)c23)c1,25,18,),0.0006675862241536379,0.008662144653499126
6,COc1cncc(-c2c(-c3cn[nH]c3)sc3nc(C)cc(NS(=O)(=O)c4cccc(Cl)c4)c23)c1,26,23,N,0.013109315186738968,0.09554266184568405
6,COc1cncc(-c2c(-c3cn[nH]c3)sc3nc(C)cc(NS(=O)(=O)c4cccc(Cl)c4)c23)c1,27,15,c,0.01512776780873537,0.12248820066452026
6,COc1cncc(-c2c(-c3cn[nH]c3)sc3nc(C)cc(NS(=O)(=O)c4cccc(Cl)c4)c23)c1,28,26,3,0.011222124099731445,0.10485400259494781
6,COc1cncc(-c2c(-c3cn[nH]c3)sc3nc(C)cc(NS(=O)(=O)c4cccc(Cl)c4)c23)c1,29,25,n,0.7397136092185974,0.22754283249378204
6,COc1cncc(-c2c(-c3cn[nH]c3)sc3nc(C)cc(NS(=O)(=O)c4cccc(Cl)c4)c23)c1,30,15,c,0.4849330484867096,0.554527759552002
6,COc1cncc(-c2c(-c3cn[nH]c3)sc3nc(C)cc(NS(=O)(=O)c4cccc(Cl)c4)c23)c1,31,32,4,0.7577487826347351,1.199229121208191
6,COc1cncc(-c2c(-c3cn[nH]c3)sc3nc(C)cc(NS(=O)(=O)c4cccc(Cl)c4)c23)c1,32,15,c,0.07694769650697708,0.33742785453796387
6,COc1cncc(-c2c(-c3cn[nH]c3)sc3nc(C)cc(NS(=O)(=O)c4cccc(Cl)c4)c23)c1,33,15,c,0.6437531113624573,0.48394814133644104
6,COc1cncc(-c2c(-c3cn[nH]c3)sc3nc(C)cc(NS(=O)(=O)c4cccc(Cl)c4)c23)c1,34,15,c,0.6878631114959717,0.3613137900829315
6,COc1cncc(-c2c(-c3cn[nH]c3)sc3nc(C)cc(NS(=O)(=O)c4cccc(Cl)c4)c23)c1,35,15,c,0.2648085355758667,0.6822089552879333
6,COc1cncc(-c2c(-c3cn[nH]c3)sc3nc(C)cc(NS(=O)(=O)c4cccc(Cl)c4)c23)c1,36,17,(,0.05200982093811035,0.2975793778896332
6,COc1cncc(-c2c(-c3cn[nH]c3)sc3nc(C)cc(NS(=O)(=O)c4cccc(Cl)c4)c23)c1,37,28,Cl,0.8652887940406799,1.1660645008087158
6,COc1cncc(-c2c(-c3cn[nH]c3)sc3nc(C)cc(NS(=O)(=O)c4cccc(Cl)c4)c23)c1,38,18,),0.0006476028356701136,0.008390013128519058
6,COc1cncc(-c2c(-c3cn[nH]c3)sc3nc(C)cc(NS(=O)(=O)c4cccc(Cl)c4)c23)c1,39,15,c,0.4724540412425995,0.4209042191505432
6,COc1cncc(-c2c(-c3cn[nH]c3)sc3nc(C)cc(NS(=O)(=O)c4cccc(Cl)c4)c23)c1,40,32,4,0.05455513298511505,0.34194785356521606
6,COc1cncc(-c2c(-c3cn[nH]c3)sc3nc(C)cc(NS(=O)(=O)c4cccc(Cl)c4)c23)c1,41,25,n,0.8274639248847961,0.6291361451148987
6,COc1cncc(-c2c(-c3cn[nH]c3)sc3nc(C)cc(NS(=O)(=O)c4cccc(Cl)c4)c23)c1,42,15,c,0.06262221932411194,0.3598672151565552
6,COc1cncc(-c2c(-c3cn[nH]c3)sc3nc(C)cc(NS(=O)(=O)c4cccc(Cl)c4)c23)c1,43,26,3,0.008265639655292034,0.07622440904378891
6,COc1cncc(-c2c(-c3cn[nH]c3)sc3nc(C)cc(NS(=O)(=O)c4cccc(Cl)c4)c23)c1,44,16,C,0.3553302586078644,0.6871368885040283
6,COc1cncc(-c2c(-c3cn[nH]c3)sc3nc(C)cc(NS(=O)(=O)c4cccc(Cl)c4)c23)c1,45,18,),0.001965360250324011,0.02193497307598591
6,COc1cncc(-c2c(-c3cn[nH]c3)sc3nc(C)cc(NS(=O)(=O)c4cccc(Cl)c4)c23)c1,46,15,c,0.6849765181541443,0.7835407853126526
6,COc1cncc(-c2c(-c3cn[nH]c3)sc3nc(C)cc(NS(=O)(=O)c4cccc(Cl)c4)c23)c1,47,21,2,0.2670019268989563,0.9803325533866882
6,COc1cncc(-c2c(-c3cn[nH]c3)sc3nc(C)cc(NS(=O)(=O)c4cccc(Cl)c4)c23)c1,48,18,),0.08132527023553848,0.44188058376312256
6,COc1cncc(-c2c(-c3cn[nH]c3)sc3nc(C)cc(NS(=O)(=O)c4cccc(Cl)c4)c23)c1,49,25,n,0.017841298133134842,0.1168908104300499
6,COc1cncc(-c2c(-c3cn[nH]c3)sc3nc(C)cc(NS(=O)(=O)c4cccc(Cl)c4)c23)c1,50,20,1,0.004261391703039408,0.03933669626712799
6,COc1cncc(-c2c(-c3cn[nH]c3)sc3nc(C)cc(NS(=O)(=O)c4cccc(Cl)c4)c23)c1,51,13,[SEP],0.5792877078056335,0.31541329622268677
7,CC(=O)c1ccc(Cc2nc(C(=O)O)cs2)o1,0,16,C,0.0031480160541832447,0.034077536314725876
7,CC(=O)c1ccc(Cc2nc(C(=O)O)cs2)o1,1,16,C,0.11057086288928986,0.3889082372188568
7,CC(=O)c1ccc(Cc2nc(C(=O)O)cs2)o1,2,17,(,0.0024106898345053196,0.02295263111591339
7,CC(=O)c1ccc(Cc2nc(C(=O)O)cs2)o1,3,22,=,0.008994326926767826,0.06783514469861984
7,CC(=O)c1ccc(Cc2nc(C(=O)O)cs2)o1,4,19,O,0.002478519920259714,0.024828001856803894
7,CC(=O)c1ccc(Cc2nc(C(=O)O)cs2)o1,5,18,),0.000653918192256242,0.00853225402534008
7,CC(=O)c1ccc(Cc2nc(C(=O)O)cs2)o1,6,15,c,0.03167467191815376,0.23582567274570465
7,CC(=O)c1ccc(Cc2nc(C(=O)O)cs2)o1,7,20,1,0.0009760611574165523,0.01151349488645792
7,CC(=O)c1ccc(Cc2nc(C(=O)O)cs2)o1,8,15,c,0.3837745487689972,0.8664147257804871
7,CC(=O)c1ccc(Cc2nc(C(=O)O)cs2)o1,9,15,c,0.4514703154563904,1.071890115737915
7,CC(=O)c1ccc(Cc2nc(C(=O)O)cs2)o1,10,15,c,0.4046921133995056,0.8944827914237976
7,CC(=O)c1ccc(Cc2nc(C(=O)O)cs2)o1,11,17,(,0.004377733450382948,0.03981119021773338
7,CC(=O)c1ccc(Cc2nc(C(=O)O)cs2)o1,12,16,C,0.03575087711215019,0.21247848868370056
7,CC(=O)c1ccc(Cc2nc(C(=O)O)cs2)o1,13,15,c,0.3215014934539795,0.9049659967422485
7,CC(=O)c1ccc(Cc2nc(C(=O)O)cs2)o1,14,21,2,0.011029079556465149,0.1030665785074234
7,CC(=O)c1ccc(Cc2nc(C(=O)O)cs2)o1,15,15,c,0.6991339325904846,0.5185135006904602
7,CC(=O)c1ccc(Cc2nc(C(=O)O)cs2)o1,16,15,c,0.031584836542606354,0.2061174511909485
7,CC(=O)c1ccc(Cc2nc(C(=O)O)cs2)o1,17,25,n,0.991317629814148,0.8891801834106445
7,CC(=O)c1ccc(Cc2nc(C(=O)O)cs2)o1,18,44,o,0.9803687334060669,0.718217670917511
7,CC(=O)c1ccc(Cc2nc(C(=O)O)cs2)o1,19,21,2,0.020647982135415077,0.14890290796756744
7,CC(=O)c1ccc(Cc2nc(C(=O)O)cs2)o1,20,18,),0.002953382208943367,0.030755149200558662
7,CC(=O)c1ccc(Cc2nc(C(=O)O)cs2)o1,21,42,s,0.45741552114486694,1.1263811588287354
7,CC(=O)c1ccc(Cc2nc(C(=O)O)cs2)o1,22,20,1,0.04721438139677048,0.2968461513519287
7,CC(=O)c1ccc(Cc2nc(C(=O)O)cs2)o1,23,18,),0.26028281450271606,1.0207051038742065
7,CC(=O)c1ccc(Cc2nc(C(=O)O)cs2)o1,24,25,n,1.8494056463241577,1.0295252799987793
7,CC(=O)c1ccc(Cc2nc(C(=O)O)cs2)o1,25,15,c,0.7260078191757202,1.6457383632659912
7,CC(=O)c1ccc(Cc2nc(C(=O)O)cs2)o1,26,20,1,1.3381671905517578,1.6222256422042847
7,CC(=O)c1ccc(Cc2nc(C(=O)O)cs2)o1,27,19,O,1.4967206716537476,1.9816687107086182
7,CC(=O)c1ccc(Cc2nc(C(=O)O)cs2)o1,28,13,[SEP],0.0025946013629436493,0.028816331177949905
8,COC(=O)[C@@H]1C[C@H](O)C(=O)[C@@H]2[C@@]3(C)C[C@@H](c4ccoc4)OC(=O)[C@H]3CC[C@]21C,0,16,C,0.003071048529818654,0.03072218783199787
8,COC(=O)[C@@H]1C[C@H](O)C(=O)[C@@H]2[C@@]3(C)C[C@@H](c4ccoc4)OC(=O)[C@H]3CC[C@]21C,1,19,O,0.19959981739521027,0.6870839595794678
8,COC(=O)[C@@H]1C[C@H](O)C(=O)[C@@H]2[C@@]3(C)C[C@@H](c4ccoc4)OC(=O)[C@H]3CC[C@]21C,2,16,C,0.0075158607214689255,0.06872303038835526
8,COC(=O)[C@@H]1C[C@H](O)C(=O)[C@@H]2[C@@]3(C)C[C@@H](c4ccoc4)OC(=O)[C@H]3CC[C@]21C,3,17,(,0.006618718151003122,0.055849723517894745
8,COC(=O)[C@@H]1C[C@H](O)C(=O)[C@@H]2[C@@]3(C)C[C@@H](c4ccoc4)OC(=O)[C@H]3CC[C@]21C,4,22,=,0.0013750094221904874,0.014578685164451599
8,COC(=O)[C@@H]1C[C@H](O)C(=O)[C@@H]2[C@@]3(C)C[C@@H](c4ccoc4)OC(=O)[C@H]3CC[C@]21C,5,19,O,0.0010950800497084856,0.012539123184978962
8,COC(=O)[C@@H]1C[C@H](O)C(=O)[C@@H]2[C@@]3(C)C[C@@H](c4ccoc4)OC(=O)[C@H]3CC[C@]21C,6,18,),0.0006391353090293705,0.008357169106602669
8,COC(=O)[C@@H]1C[C@H](O)C(=O)[C@@H]2[C@@]3(C)C[C@@H](c4ccoc4)OC(=O)[C@H]3CC[C@]21C,7,33,[C@H],1.1182851791381836,0.7619186043739319
8,COC(=O)[C@@H]1C[C@H](O)C(=O)[C@@H]2[C@@]3(C)C[C@@H](c4ccoc4)OC(=O)[C@H]3CC[C@]21C,8,20,1,0.13814902305603027,0.406045526266098
8,COC(=O)[C@@H]1C[C@H](O)C(=O)[C@@H]2[C@@]3(C)C[C@@H](c4ccoc4)OC(=O)[C@H]3CC[C@]21C,9,16,C,0.1273920089006424,0.5079675316810608
8,COC(=O)[C@@H]1C[C@H](O)C(=O)[C@@H]2[C@@]3(C)C[C@@H](c4ccoc4)OC(=O)[C@H]3CC[C@]21C,10,16,C,1.1804314851760864,0.47951745986938477
8,COC(=O)[C@@H]1C[C@H](O)C(=O)[C@@H]2[C@@]3(C)C[C@@H](c4ccoc4)OC(=O)[C@H]3CC[C@]21C,11,33,[C@H],1.7751351594924927,0.944198489189148
8,COC(=O)[C@@H]1C[C@H](O)C(=O)[C@@H]2[C@@]3(C)C[C@@H](c4ccoc4)OC(=O)[C@H]3CC[C@]21C,12,21,2,0.38608577847480774,0.48179030418395996
8,COC(=O)[C@@H]1C[C@H](O)C(=O)[C@@H]2[C@@]3(C)C[C@@H](c4ccoc4)OC(=O)[C@H]3CC[C@]21C,13,35,[C@@H],0.35945695638656616,1.0886013507843018
8,COC(=O)[C@@H]1C[C@H](O)C(=O)[C@@H]2[C@@]3(C)C[C@@H](c4ccoc4)OC(=O)[C@H]3CC[C@]21C,14,26,3,0.9928072094917297,0.6873719096183777
8,COC(=O)[C@@H]1C[C@H](O)C(=O)[C@@H]2[C@@]3(C)C[C@@H](c4ccoc4)OC(=O)[C@H]3CC[C@]21C,15,16,C,0.3526320457458496,1.1418896913528442
8,COC(=O)[C@@H]1C[C@H](O)C(=O)[C@@H]2[C@@]3(C)C[C@@H](c4ccoc4)OC(=O)[C@H]3CC[C@]21C,16,15,c,1.3838719129562378,1.2143529653549194
8,COC(=O)[C@@H]1C[C@H](O)C(=O)[C@@H]2[C@@]3(C)C[C@@H](c4ccoc4)OC(=O)[C@H]3CC[C@]21C,17,32,4,0.02398603782057762,0.1818315088748932
8,COC(=O)[C@@H]1C[C@H](O)C(=O)[C@@H]2[C@@]3(C)C[C@@H](c4ccoc4)OC(=O)[C@H]3CC[C@]21C,18,15,c,0.013086842373013496,0.10429401695728302
8,COC(=O)[C@@H]1C[C@H](O)C(=O)[C@@H]2[C@@]3(C)C[C@@H](c4ccoc4)OC(=O)[C@H]3CC[C@]21C,19,15,c,0.036955576390028,0.24174289405345917
8,COC(=O)[C@@H]1C[C@H](O)C(=O)[C@@H]2[C@@]3(C)C[C@@H](c4ccoc4)OC(=O)[C@H]3CC[C@]21C,20,44,o,0.17594873905181885,0.6142964363098145
8,COC(=O)[C@@H]1C[C@H](O)C(=O)[C@@H]2[C@@]3(C)C[C@@H](c4ccoc4)OC(=O)[C@H]3CC[C@]21C,21,15,c,0.00264785997569561,0.02830047346651554
8,COC(=O)[C@@H]1C[C@H](O)C(=O)[C@@H]2[C@@]3(C)C[C@@H](c4ccoc4)OC(=O)[C@H]3CC[C@]21C,22,15,c,0.26503321528434753,1.0050582885742188
8,COC(=O)[C@@H]1C[C@H](O)C(=O)[C@@H]2[C@@]3(C)C[C@@H](c4ccoc4)OC(=O)[C@H]3CC[C@]21C,23,32,4,0.004782057832926512,0.048558201640844345
8,COC(=O)[C@@H]1C[C@H](O)C(=O)[C@@H]2[C@@]3(C)C[C@@H](c4ccoc4)OC(=O)[C@H]3CC[C@]21C,24,16,C,0.4047429859638214,1.2386690378189087
8,COC(=O)[C@@H]1C[C@H](O)C(=O)[C@@H]2[C@@]3(C)C[C@@H](c4ccoc4)OC(=O)[C@H]3CC[C@]21C,25,17,(,1.7216500043869019,1.695157527923584
8,COC(=O)[C@@H]1C[C@H](O)C(=O)[C@@H]2[C@@]3(C)C[C@@H](c4ccoc4)OC(=O)[C@H]3CC[C@]21C,26,22,=,0.47346633672714233,0.633902370929718
8,COC(=O)[C@@H]1C[C@H](O)C(=O)[C@@H]2[C@@]3(C)C[C@@H](c4ccoc4)OC(=O)[C@H]3CC[C@]21C,27,19,O,0.0246148519217968,0.13201166689395905
8,COC(=O)[C@@H]1C[C@H](O)C(=O)[C@@H]2[C@@]3(C)C[C@@H](c4ccoc4)OC(=O)[C@H]3CC[C@]21C,28,18,),0.0006609664997085929,0.008565028198063374
8,COC(=O)[C@@H]1C[C@H](O)C(=O)[C@@H]2[C@@]3(C)C[C@@H](c4ccoc4)OC(=O)[C@H]3CC[C@]21C,29,19,O,0.5331578850746155,1.3888931274414062
8,COC(=O)[C@@H]1C[C@H](O)C(=O)[C@@H]2[C@@]3(C)C[C@@H](c4ccoc4)OC(=O)[C@H]3CC[C@]21C,30,33,[C@H],1.0530306100845337,1.4352532625198364
8,COC(=O)[C@@H]1C[C@H](O)C(=O)[C@@H]2[C@@]3(C)C[C@@H](c4ccoc4)OC(=O)[C@H]3CC[C@]21C,31,26,3,0.15822796523571014,0.5364470481872559
8,COC(=O)[C@@H]1C[C@H](O)C(=O)[C@@H]2[C@@]3(C)C[C@@H](c4ccoc4)OC(=O)[C@H]3CC[C@]21C,32,16,C,0.25436264276504517,0.806253969669342
8,COC(=O)[C@@H]1C[C@H](O)C(=O)[C@@H]2[C@@]3(C)C[C@@H](c4ccoc4)OC(=O)[C@H]3CC[C@]21C,33,16,C,1.1035078763961792,1.3535723686218262
8,COC(=O)[C@@H]1C[C@H](O)C(=O)[C@@H]2[C@@]3(C)C[C@@H](c4ccoc4)OC(=O)[C@H]3CC[C@]21C,34,55,[C@],0.21557480096817017,0.5768381357192993
8,COC(=O)[C@@H]1C[C@H](O)C(=O)[C@@H]2[C@@]3(C)C[C@@H](c4ccoc4)OC(=O)[C@H]3CC[C@]21C,35,20,1,0.17536723613739014,0.6240103244781494
8,COC(=O)[C@@H]1C[C@H](O)C(=O)[C@@H]2[C@@]3(C)C[C@@H](c4ccoc4)OC(=O)[C@H]3CC[C@]21C,36,21,2,0.10756655782461166,0.4682726263999939
8,COC(=O)[C@@H]1C[C@H](O)C(=O)[C@@H]2[C@@]3(C)C[C@@H](c4ccoc4)OC(=O)[C@H]3CC[C@]21C,37,16,C,0.015705592930316925,0.1009334996342659
8,COC(=O)[C@@H]1C[C@H](O)C(=O)[C@@H]2[C@@]3(C)C[C@@H](c4ccoc4)OC(=O)[C@H]3CC[C@]21C,38,18,),0.03045927733182907,0.2127816081047058
8,COC(=O)[C@@H]1C[C@H](O)C(=O)[C@@H]2[C@@]3(C)C[C@@H](c4ccoc4)OC(=O)[C@H]3CC[C@]21C,39,16,C,1.3793944120407104,1.378843069076538
8,COC(=O)[C@@H]1C[C@H](O)C(=O)[C@@H]2[C@@]3(C)C[C@@H](c4ccoc4)OC(=O)[C@H]3CC[C@]21C,40,16,C,0.9419415593147278,1.0300160646438599
8,COC(=O)[C@@H]1C[C@H](O)C(=O)[C@@H]2[C@@]3(C)C[C@@H](c4ccoc4)OC(=O)[C@H]3CC[C@]21C,41,17,(,0.057597920298576355,0.329923152923584
8,COC(=O)[C@@H]1C[C@H](O)C(=O)[C@@H]2[C@@]3(C)C[C@@H](c4ccoc4)OC(=O)[C@H]3CC[C@]21C,42,22,=,0.03902585431933403,0.1950632631778717
8,COC(=O)[C@@H]1C[C@H](O)C(=O)[C@@H]2[C@@]3(C)C[C@@H](c4ccoc4)OC(=O)[C@H]3CC[C@]21C,43,19,O,0.0014004892436787486,0.015319486148655415
8,COC(=O)[C@@H]1C[C@H](O)C(=O)[C@@H]2[C@@]3(C)C[C@@H](c4ccoc4)OC(=O)[C@H]3CC[C@]21C,44,18,),0.0006187395192682743,0.008060095831751823
8,COC(=O)[C@@H]1C[C@H](O)C(=O)[C@@H]2[C@@]3(C)C[C@@H](c4ccoc4)OC(=O)[C@H]3CC[C@]21C,45,19,O,1.291070818901062,1.38321852684021
8,COC(=O)[C@@H]1C[C@H](O)C(=O)[C@@H]2[C@@]3(C)C[C@@H](c4ccoc4)OC(=O)[C@H]3CC[C@]21C,46,13,[SEP],1.8930879831314087,1.5817745923995972
9,Cc1nc2cnccc2n1-c1ccc2c(c1)CC(C(=O)O)C2,0,16,C,0.004015391692519188,0.038595955818891525
9,Cc1nc2cnccc2n1-c1ccc2c(c1)CC(C(=O)O)C2,1,15,c,0.5923789739608765,0.8347916007041931
9,Cc1nc2cnccc2n1-c1ccc2c(c1)CC(C(=O)O)C2,2,20,1,0.00415661558508873,0.045391254127025604
9,Cc1nc2cnccc2n1-c1ccc2c(c1)CC(C(=O)O)C2,3,25,n,0.5697190165519714,0.3257595896720886
9,Cc1nc2cnccc2n1-c1ccc2c(c1)CC(C(=O)O)C2,4,15,c,0.0483800545334816,0.2227606177330017
9,Cc1nc2cnccc2n1-c1ccc2c(c1)CC(C(=O)O)C2,5,21,2,0.021330174058675766,0.14075569808483124
9,Cc1nc2cnccc2n1-c1ccc2c(c1)CC(C(=O)O)C2,6,15,c,0.015832137316465378,0.09441134333610535
9,Cc1nc2cnccc2n1-c1ccc2c(c1)CC(C(=O)O)C2,7,25,n,0.6374837160110474,0.7466614246368408
9,Cc1nc2cnccc2n1-c1ccc2c(c1)CC(C(=O)O)C2,8,15,c,0.0051851519383490086,0.04258740693330765
9,Cc1nc2cnccc2n1-c1ccc2c(c1)CC(C(=O)O)C2,9,15,c,0.0038116653449833393,0.037508558481931686
9,Cc1nc2cnccc2n1-c1ccc2c(c1)CC(C(=O)O)C2,10,15,c,0.0180377010256052,0.11182363331317902
9,Cc1nc2cnccc2n1-c1ccc2c(c1)CC(C(=O)O)C2,11,21,2,0.018535371869802475,0.12335483729839325
9,Cc1nc2cnccc2n1-c1ccc2c(c1)CC(C(=O)O)C2,12,25,n,0.011953197419643402,0.10486555099487305
9,Cc1nc2cnccc2n1-c1ccc2c(c1)CC(C(=O)O)C2,13,20,1,0.018900243565440178,0.13705898821353912
9,Cc1nc2cnccc2n1-c1ccc2c(c1)CC(C(=O)O)C2,14,31,-,0.020765170454978943,0.15084180235862732
9,Cc1nc2cnccc2n1-c1ccc2c(c1)CC(C(=O)O)C2,15,15,c,0.001611798768863082,0.018739018589258194
9,Cc1nc2cnccc2n1-c1ccc2c(c1)CC(C(=O)O)C2,16,20,1,0.0008862711256369948,0.0111671919003129
9,Cc1nc2cnccc2n1-c1ccc2c(c1)CC(C(=O)O)C2,17,15,c,0.0005859109223820269,0.007278467528522015
9,Cc1nc2cnccc2n1-c1ccc2c(c1)CC(C(=O)O)C2,18,15,c,0.0026714210398495197,0.024019679054617882
9,Cc1nc2cnccc2n1-c1ccc2c(c1)CC(C(=O)O)C2,19,15,c,0.14302842319011688,0.4774746000766754
9,Cc1nc2cnccc2n1-c1ccc2c(c1)CC(C(=O)O)C2,20,21,2,0.7313982844352722,0.800581157207489
9,Cc1nc2cnccc2n1-c1ccc2c(c1)CC(C(=O)O)C2,21,15,c,0.0014479069504886866,0.015294969081878662
9,Cc1nc2cnccc2n1-c1ccc2c(c1)CC(C(=O)O)C2,22,17,(,0.004991545341908932,0.045103829354047775
9,Cc1nc2cnccc2n1-c1ccc2c(c1)CC(C(=O)O)C2,23,15,c,0.0022802373860031366,0.022536909207701683
9,Cc1nc2cnccc2n1-c1ccc2c(c1)CC(C(=O)O)C2,24,20,1,0.0027354874182492495,0.029070470482110977
9,Cc1nc2cnccc2n1-c1ccc2c(c1)CC(C(=O)O)C2,25,18,),0.0019374605035409331,0.020836079493165016
9,Cc1nc2cnccc2n1-c1ccc2c(c1)CC(C(=O)O)C2,26,16,C,0.03933388739824295,0.2502458095550537
9,Cc1nc2cnccc2n1-c1ccc2c(c1)CC(C(=O)O)C2,27,16,C,0.17462067306041718,0.8063417673110962
9,Cc1nc2cnccc2n1-c1ccc2c(c1)CC(C(=O)O)C2,28,17,(,1.077165961265564,0.8760548233985901
9,Cc1nc2cnccc2n1-c1ccc2c(c1)CC(C(=O)O)C2,29,16,C,0.005254257470369339,0.05069940164685249
9,Cc1nc2cnccc2n1-c1ccc2c(c1)CC(C(=O)O)C2,30,17,(,0.014656038023531437,0.10703607648611069
9,Cc1nc2cnccc2n1-c1ccc2c(c1)CC(C(=O)O)C2,31,22,=,0.0011436550412327051,0.01382281631231308
9,Cc1nc2cnccc2n1-c1ccc2c(c1)CC(C(=O)O)C2,32,19,O,0.002336800331249833,0.024890994653105736
9,Cc1nc2cnccc2n1-c1ccc2c(c1)CC(C(=O)O)C2,33,18,),0.0005698096356354654,0.007594502065330744
9,Cc1nc2cnccc2n1-c1ccc2c(c1)CC(C(=O)O)C2,34,19,O,0.0015371580375358462,0.01780942641198635
9,Cc1nc2cnccc2n1-c1ccc2c(c1)CC(C(=O)O)C2,35,18,),0.0015560385072603822,0.018669193610548973
9,Cc1nc2cnccc2n1-c1ccc2c(c1)CC(C(=O)O)C2,36,16,C,0.005180746782571077,0.05080275982618332
9,Cc1nc2cnccc2n1-c1ccc2c(c1)CC(C(=O)O)C2,37,21,2,0.013493522070348263,0.1138969287276268
9,Cc1nc2cnccc2n1-c1ccc2c(c1)CC(C(=O)O)C2,38,13,[SEP],0.030695434659719467,0.16974733769893646
10,CCOC(=O)c1cc(F)c(C2CNCC2NC(=O)OC(C)(C)C)cc1F,0,16,C,0.001256186282262206,0.014680671505630016
10,CCOC(=O)c1cc(F)c(C2CNCC2NC(=O)OC(C)(C)C)cc1F,1,16,C,0.22650736570358276,0.6907787919044495
10,CCOC(=O)c1cc(F)c(C2CNCC2NC(=O)OC(C)(C)C)cc1F,2,19,O,0.09545854479074478,0.3993088901042938
10,CCOC(=O)c1cc(F)c(C2CNCC2NC(=O)OC(C)(C)C)cc1F,3,16,C,0.0017114784568548203,0.019023137167096138
10,CCOC(=O)c1cc(F)c(C2CNCC2NC(=O)OC(C)(C)C)cc1F,4,17,(,0.0014785941457375884,0.01613546907901764
10,CCOC(=O)c1cc(F)c(C2CNCC2NC(=O)OC(C)(C)C)cc1F,5,22,=,0.0008681784383952618,0.010340948589146137
10,CCOC(=O)c1cc(F)c(C2CNCC2NC(=O)OC(C)(C)C)cc1F,6,19,O,0.0005846447893418372,0.007449490949511528
10,CCOC(=O)c1cc(F)c(C2CNCC2NC(=O)OC(C)(C)C)cc1F,7,18,),0.0005425141425803304,0.00717169651761651
10,CCOC(=O)c1cc(F)c(C2CNCC2NC(=O)OC(C)(C)C)cc1F,8,15,c,0.26947933435440063,0.9390048980712891
10,CCOC(=O)c1cc(F)c(C2CNCC2NC(=O)OC(C)(C)C)cc1F,9,20,1,0.0007861232152208686,0.010048945434391499
10,CCOC(=O)c1cc(F)c(C2CNCC2NC(=O)OC(C)(C)C)cc1F,10,15,c,0.0008496787631884217,0.010252116248011589
10,CCOC(=O)c1cc(F)c(C2CNCC2NC(=O)OC(C)(C)C)cc1F,11,15,c,0.001221784157678485,0.01283989753574133
10,CCOC(=O)c1cc(F)c(C2CNCC2NC(=O)OC(C)(C)C)cc1F,12,17,(,0.0025037634186446667,0.026432229205965996
10,CCOC(=O)c1cc(F)c(C2CNCC2NC(=O)OC(C)(C)C)cc1F,13,27,F,0.004603856708854437,0.045753173530101776
10,CCOC(=O)c1cc(F)c(C2CNCC2NC(=O)OC(C)(C)C)cc1F,14,18,),0.0006489376537501812,0.008327572606503963
10,CCOC(=O)c1cc(F)c(C2CNCC2NC(=O)OC(C)(C)C)cc1F,15,15,c,0.0009716756758280098,0.01058108452707529
10,CCOC(=O)c1cc(F)c(C2CNCC2NC(=O)OC(C)(C)C)cc1F,16,17,(,0.005597355309873819,0.04612699896097183
10,CCOC(=O)c1cc(F)c(C2CNCC2NC(=O)OC(C)(C)C)cc1F,17,35,[C@@H],1.1727712154388428,0.46658021211624146
10,CCOC(=O)c1cc(F)c(C2CNCC2NC(=O)OC(C)(C)C)cc1F,18,21,2,0.016648728400468826,0.12027997523546219
10,CCOC(=O)c1cc(F)c(C2CNCC2NC(=O)OC(C)(C)C)cc1F,19,16,C,0.04812586307525635,0.27568212151527405
10,CCOC(=O)c1cc(F)c(C2CNCC2NC(=O)OC(C)(C)C)cc1F,20,23,N,0.029808424413204193,0.20885631442070007
10,CCOC(=O)c1cc(F)c(C2CNCC2NC(=O)OC(C)(C)C)cc1F,21,16,C,0.303184449672699,1.0197054147720337
10,CCOC(=O)c1cc(F)c(C2CNCC2NC(=O)OC(C)(C)C)cc1F,22,33,[C@H],0.6289329528808594,0.6195555925369263
10,CCOC(=O)c1cc(F)c(C2CNCC2NC(=O)OC(C)(C)C)cc1F,23,26,3,0.7898698449134827,0.5267395377159119
10,CCOC(=O)c1cc(F)c(C2CNCC2NC(=O)OC(C)(C)C)cc1F,24,16,C,1.7047216892242432,0.9684192538261414
10,CCOC(=O)c1cc(F)c(C2CNCC2NC(=O)OC(C)(C)C)cc1F,25,23,N,0.22480803728103638,0.9039899110794067
10,CCOC(=O)c1cc(F)c(C2CNCC2NC(=O)OC(C)(C)C)cc1F,26,16,C,0.6762389540672302,0.36384859681129456
10,CCOC(=O)c1cc(F)c(C2CNCC2NC(=O)OC(C)(C)C)cc1F,27,17,(,0.4104289710521698,1.2175995111465454
10,CCOC(=O)c1cc(F)c(C2CNCC2NC(=O)OC(C)(C)C)cc1F,28,22,=,0.019393883645534515,0.13028639554977417
10,CCOC(=O)c1cc(F)c(C2CNCC2NC(=O)OC(C)(C)C)cc1F,29,19,O,0.001466268440708518,0.015611882321536541
10,CCOC(=O)c1cc(F)c(C2CNCC2NC(=O)OC(C)(C)C)cc1F,30,18,),0.0005022621480748057,0.006709433160722256
10,CCOC(=O)c1cc(F)c(C2CNCC2NC(=O)OC(C)(C)C)cc1F,31,19,O,0.07334554195404053,0.4084765315055847
10,CCOC(=O)c1cc(F)c(C2CNCC2NC(=O)OC(C)(C)C)cc1F,32,16,C,1.0553324222564697,0.780951738357544
10,CCOC(=O)c1cc(F)c(C2CNCC2NC(=O)OC(C)(C)C)cc1F,33,35,[C@@H],1.61039137840271,1.6438040733337402
10,CCOC(=O)c1cc(F)c(C2CNCC2NC(=O)OC(C)(C)C)cc1F,34,26,3,0.07707301527261734,0.3310493230819702
10,CCOC(=O)c1cc(F)c(C2CNCC2NC(=O)OC(C)(C)C)cc1F,35,21,2,0.038458146154880524,0.2386719435453415
10,CCOC(=O)c1cc(F)c(C2CNCC2NC(=O)OC(C)(C)C)cc1F,36,18,),0.010317249223589897,0.07363004982471466
10,CCOC(=O)c1cc(F)c(C2CNCC2NC(=O)OC(C)(C)C)cc1F,37,15,c,0.0013814056292176247,0.014015979133546352
10,CCOC(=O)c1cc(F)c(C2CNCC2NC(=O)OC(C)(C)C)cc1F,38,15,c,0.07037292420864105,0.2953392565250397
10,CCOC(=O)c1cc(F)c(C2CNCC2NC(=O)OC(C)(C)C)cc1F,39,20,1,0.009602398611605167,0.07059424370527267
10,CCOC(=O)c1cc(F)c(C2CNCC2NC(=O)OC(C)(C)C)cc1F,40,27,F,0.0022579298820346594,0.026140322908759117
10,CCOC(=O)c1cc(F)c(C2CNCC2NC(=O)OC(C)(C)C)cc1F,41,13,[SEP],0.05645325407385826,0.22393420338630676
11,CCC(C)(C)N=C=Nc1cc(Cl)cc(Cl)c1,0,16,C,0.0018439157865941525,0.021479345858097076
11,CCC(C)(C)N=C=Nc1cc(Cl)cc(Cl)c1,1,16,C,0.004113434348255396,0.039136145263910294
11,CCC(C)(C)N=C=Nc1cc(Cl)cc(Cl)c1,2,16,C,0.016301896423101425,0.13327285647392273
11,CCC(C)(C)N=C=Nc1cc(Cl)cc(Cl)c1,3,17,(,0.07699757814407349,0.3154793977737427
11,CCC(C)(C)N=C=Nc1cc(Cl)cc(Cl)c1,4,16,C,0.003698964137583971,0.036557212471961975
11,CCC(C)(C)N=C=Nc1cc(Cl)cc(Cl)c1,5,18,),0.0015831429045647383,0.017804445698857307
11,CCC(C)(C)N=C=Nc1cc(Cl)cc(Cl)c1,6,17,(,0.0013364629121497273,0.01504319254308939
11,CCC(C)(C)N=C=Nc1cc(Cl)cc(Cl)c1,7,16,C,0.018916623666882515,0.11938370019197464
11,CCC(C)(C)N=C=Nc1cc(Cl)cc(Cl)c1,8,18,),0.0038639206904917955,0.03624143451452255
11,CCC(C)(C)N=C=Nc1cc(Cl)cc(Cl)c1,9,23,N,0.017527436837553978,0.13665351271629333
11,CCC(C)(C)N=C=Nc1cc(Cl)cc(Cl)c1,10,22,=,0.005565544590353966,0.04990074783563614
11,CCC(C)(C)N=C=Nc1cc(Cl)cc(Cl)c1,11,16,C,0.7074549198150635,0.5123226642608643
11,CCC(C)(C)N=C=Nc1cc(Cl)cc(Cl)c1,12,22,=,0.020596817135810852,0.1430908441543579
11,CCC(C)(C)N=C=Nc1cc(Cl)cc(Cl)c1,13,23,N,0.3779411315917969,1.0709939002990723
11,CCC(C)(C)N=C=Nc1cc(Cl)cc(Cl)c1,14,15,c,0.13796985149383545,0.5644723773002625
11,CCC(C)(C)N=C=Nc1cc(Cl)cc(Cl)c1,15,20,1,0.0013789847726002336,0.015217144973576069
11,CCC(C)(C)N=C=Nc1cc(Cl)cc(Cl)c1,16,15,c,0.0015392068307846785,0.016729217022657394
11,CCC(C)(C)N=C=Nc1cc(Cl)cc(Cl)c1,17,15,c,0.11254710704088211,0.34492549300193787
11,CCC(C)(C)N=C=Nc1cc(Cl)cc(Cl)c1,18,17,(,0.015446980483829975,0.09196176379919052
11,CCC(C)(C)N=C=Nc1cc(Cl)cc(Cl)c1,19,28,Cl,0.002977948170155287,0.03322906419634819
11,CCC(C)(C)N=C=Nc1cc(Cl)cc(Cl)c1,20,18,),0.0005886477301828563,0.007768544368445873
11,CCC(C)(C)N=C=Nc1cc(Cl)cc(Cl)c1,21,15,c,0.001342430361546576,0.015029353089630604
11,CCC(C)(C)N=C=Nc1cc(Cl)cc(Cl)c1,22,15,c,0.0017590980278328061,0.018905293196439743
11,CCC(C)(C)N=C=Nc1cc(Cl)cc(Cl)c1,23,17,(,0.007919286377727985,0.055320996791124344
11,CCC(C)(C)N=C=Nc1cc(Cl)cc(Cl)c1,24,28,Cl,0.009721904061734676,0.09367185831069946
11,CCC(C)(C)N=C=Nc1cc(Cl)cc(Cl)c1,25,18,),0.000669618253596127,0.008781407959759235
11,CCC(C)(C)N=C=Nc1cc(Cl)cc(Cl)c1,26,15,c,0.000784900679718703,0.00941933412104845
11,CCC(C)(C)N=C=Nc1cc(Cl)cc(Cl)c1,27,20,1,0.0016104551032185555,0.01890021562576294
11,CCC(C)(C)N=C=Nc1cc(Cl)cc(Cl)c1,28,13,[SEP],0.07952935248613358,0.42583557963371277
12,CC(O)CCCCn1cnc2c1c(=O)n(C)c(=O)n2C,0,16,C,0.0015368880704045296,0.016962651163339615
12,CC(O)CCCCn1cnc2c1c(=O)n(C)c(=O)n2C,1,16,C,0.8501161932945251,1.125001072883606
12,CC(O)CCCCn1cnc2c1c(=O)n(C)c(=O)n2C,2,17,(,0.0028007819782942533,0.02799435891211033
12,CC(O)CCCCn1cnc2c1c(=O)n(C)c(=O)n2C,3,19,O,0.01278016995638609,0.09276101738214493
12,CC(O)CCCCn1cnc2c1c(=O)n(C)c(=O)n2C,4,18,),0.0021114470437169075,0.023924482986330986
12,CC(O)CCCCn1cnc2c1c(=O)n(C)c(=O)n2C,5,16,C,0.001791594666428864,0.020247895270586014
12,CC(O)CCCCn1cnc2c1c(=O)n(C)c(=O)n2C,6,16,C,0.02984258532524109,0.18915139138698578
12,CC(O)CCCCn1cnc2c1c(=O)n(C)c(=O)n2C,7,16,C,0.0618138462305069,0.31966766715049744
12,CC(O)CCCCn1cnc2c1c(=O)n(C)c(=O)n2C,8,16,C,0.03996973857283592,0.23273159563541412
12,CC(O)CCCCn1cnc2c1c(=O)n(C)c(=O)n2C,9,16,C,0.6247369647026062,0.44148755073547363
12,CC(O)CCCCn1cnc2c1c(=O)n(C)c(=O)n2C,10,25,n,0.007847964763641357,0.06995773315429688
12,CC(O)CCCCn1cnc2c1c(=O)n(C)c(=O)n2C,11,20,1,0.003634136635810137,0.029762212187051773
12,CC(O)CCCCn1cnc2c1c(=O)n(C)c(=O)n2C,12,15,c,0.010917648673057556,0.08828330785036087
12,CC(O)CCCCn1cnc2c1c(=O)n(C)c(=O)n2C,13,25,n,0.06039499118924141,0.2838342487812042
12,CC(O)CCCCn1cnc2c1c(=O)n(C)c(=O)n2C,14,15,c,0.007895102724432945,0.05463960021734238
12,CC(O)CCCCn1cnc2c1c(=O)n(C)c(=O)n2C,15,21,2,0.014321114867925644,0.10226457566022873
12,CC(O)CCCCn1cnc2c1c(=O)n(C)c(=O)n2C,16,15,c,0.011756191961467266,0.08696268498897552
12,CC(O)CCCCn1cnc2c1c(=O)n(C)c(=O)n2C,17,20,1,0.44010984897613525,0.5155076384544373
12,CC(O)CCCCn1cnc2c1c(=O)n(C)c(=O)n2C,18,15,c,0.2968336045742035,0.9335073828697205
12,CC(O)CCCCn1cnc2c1c(=O)n(C)c(=O)n2C,19,17,(,0.018129020929336548,0.14070260524749756
12,CC(O)CCCCn1cnc2c1c(=O)n(C)c(=O)n2C,20,22,=,0.004397984128445387,0.045116126537323
12,CC(O)CCCCn1cnc2c1c(=O)n(C)c(=O)n2C,21,19,O,0.003447233932092786,0.03169495239853859
12,CC(O)CCCCn1cnc2c1c(=O)n(C)c(=O)n2C,22,18,),0.0005682908813469112,0.007533040829002857
12,CC(O)CCCCn1cnc2c1c(=O)n(C)c(=O)n2C,23,25,n,0.014654274098575115,0.12671466171741486
12,CC(O)CCCCn1cnc2c1c(=O)n(C)c(=O)n2C,24,17,(,0.22980980575084686,0.6678335666656494
12,CC(O)CCCCn1cnc2c1c(=O)n(C)c(=O)n2C,25,16,C,0.0025326639879494905,0.0274040624499321
12,CC(O)CCCCn1cnc2c1c(=O)n(C)c(=O)n2C,26,18,),0.0012312246253713965,0.015126582235097885
12,CC(O)CCCCn1cnc2c1c(=O)n(C)c(=O)n2C,27,15,c,0.3918026387691498,0.5948472023010254
12,CC(O)CCCCn1cnc2c1c(=O)n(C)c(=O)n2C,28,17,(,0.4184226989746094,0.7230132222175598
12,CC(O)CCCCn1cnc2c1c(=O)n(C)c(=O)n2C,29,22,=,0.005655916407704353,0.05311441794037819
12,CC(O)CCCCn1cnc2c1c(=O)n(C)c(=O)n2C,30,19,O,0.0019047940149903297,0.02188909985125065
12,CC(O)CCCCn1cnc2c1c(=O)n(C)c(=O)n2C,31,18,),0.0006779736722819507,0.008732585236430168
12,CC(O)CCCCn1cnc2c1c(=O)n(C)c(=O)n2C,32,25,n,0.002764534205198288,0.030244262889027596
12,CC(O)CCCCn1cnc2c1c(=O)n(C)c(=O)n2C,33,21,2,0.013963591307401657,0.12724415957927704
12,CC(O)CCCCn1cnc2c1c(=O)n(C)c(=O)n2C,34,16,C,0.8502269983291626,2.070354461669922
12,CC(O)CCCCn1cnc2c1c(=O)n(C)c(=O)n2C,35,13,[SEP],0.05104900896549225,0.2389041930437088
13,O=C(O)c1cc2c(Oc3cc(F)cc(F)c3)cccc2[nH]1,0,19,O,0.012308544479310513,0.08499127626419067
13,O=C(O)c1cc2c(Oc3cc(F)cc(F)c3)cccc2[nH]1,1,22,=,0.004111314192414284,0.039381369948387146
13,O=C(O)c1cc2c(Oc3cc(F)cc(F)c3)cccc2[nH]1,2,16,C,0.003363206284120679,0.031926434487104416
13,O=C(O)c1cc2c(Oc3cc(F)cc(F)c3)cccc2[nH]1,3,17,(,0.00468578701838851,0.04370531067252159
13,O=C(O)c1cc2c(Oc3cc(F)cc(F)c3)cccc2[nH]1,4,19,O,0.004589109215885401,0.04148964583873749
13,O=C(O)c1cc2c(Oc3cc(F)cc(F)c3)cccc2[nH]1,5,18,),0.0010495752794668078,0.013077451847493649
13,O=C(O)c1cc2c(Oc3cc(F)cc(F)c3)cccc2[nH]1,6,15,c,0.022595897316932678,0.14539746940135956
13,O=C(O)c1cc2c(Oc3cc(F)cc(F)c3)cccc2[nH]1,7,20,1,0.0008512233034707606,0.010388798080384731
13,O=C(O)c1cc2c(Oc3cc(F)cc(F)c3)cccc2[nH]1,8,15,c,0.03076258860528469,0.17848065495491028
13,O=C(O)c1cc2c(Oc3cc(F)cc(F)c3)cccc2[nH]1,9,15,c,1.161023497581482,0.5798571109771729
13,O=C(O)c1cc2c(Oc3cc(F)cc(F)c3)cccc2[nH]1,10,17,(,0.7550965547561646,0.8363122940063477
13,O=C(O)c1cc2c(Oc3cc(F)cc(F)c3)cccc2[nH]1,11,31,-,1.1661827564239502,1.2908583879470825
13,O=C(O)c1cc2c(Oc3cc(F)cc(F)c3)cccc2[nH]1,12,15,c,0.0019166582496836782,0.02008240856230259
13,O=C(O)c1cc2c(Oc3cc(F)cc(F)c3)cccc2[nH]1,13,21,2,0.0031586294062435627,0.03396312892436981
13,O=C(O)c1cc2c(Oc3cc(F)cc(F)c3)cccc2[nH]1,14,15,c,0.002799068344756961,0.02597043290734291
13,O=C(O)c1cc2c(Oc3cc(F)cc(F)c3)cccc2[nH]1,15,15,c,0.14875008165836334,0.41205599904060364
13,O=C(O)c1cc2c(Oc3cc(F)cc(F)c3)cccc2[nH]1,16,15,c,0.15582013130187988,0.5012593865394592
13,O=C(O)c1cc2c(Oc3cc(F)cc(F)c3)cccc2[nH]1,17,17,(,0.5574270486831665,0.621766984462738
13,O=C(O)c1cc2c(Oc3cc(F)cc(F)c3)cccc2[nH]1,18,27,F,0.4326316714286804,1.198405146598816
13,O=C(O)c1cc2c(Oc3cc(F)cc(F)c3)cccc2[nH]1,19,18,),0.0005856116185896099,0.007733367849141359
13,O=C(O)c1cc2c(Oc3cc(F)cc(F)c3)cccc2[nH]1,20,15,c,0.029205216094851494,0.18128281831741333
13,O=C(O)c1cc2c(Oc3cc(F)cc(F)c3)cccc2[nH]1,21,15,c,0.005163830239325762,0.045587994158267975
13,O=C(O)c1cc2c(Oc3cc(F)cc(F)c3)cccc2[nH]1,22,21,2,0.0047474754974246025,0.04491389915347099
13,O=C(O)c1cc2c(Oc3cc(F)cc(F)c3)cccc2[nH]1,23,18,),0.7753663659095764,1.0764060020446777
13,O=C(O)c1cc2c(Oc3cc(F)cc(F)c3)cccc2[nH]1,24,25,n,1.0877858400344849,0.6938583254814148
13,O=C(O)c1cc2c(Oc3cc(F)cc(F)c3)cccc2[nH]1,25,40,[nH],0.21122203767299652,0.8590269684791565
13,O=C(O)c1cc2c(Oc3cc(F)cc(F)c3)cccc2[nH]1,26,20,1,0.01920286752283573,0.12220052629709244
13,O=C(O)c1cc2c(Oc3cc(F)cc(F)c3)cccc2[nH]1,27,13,[SEP],0.499133437871933,0.4895220994949341
14,NC(=O)C12CCC(N)(CC1)CC2,0,23,N,0.021463938057422638,0.12369404733181
14,NC(=O)C12CCC(N)(CC1)CC2,1,16,C,0.7887225151062012,0.41213470697402954
14,NC(=O)C12CCC(N)(CC1)CC2,2,17,(,0.04384014010429382,0.25616738200187683
14,NC(=O)C12CCC(N)(CC1)CC2,3,22,=,0.019084474071860313,0.13271401822566986
14,NC(=O)C12CCC(N)(CC1)CC2,4,19,O,0.001421482302248478,0.016133025288581848
14,NC(=O)C12CCC(N)(CC1)CC2,5,18,),0.0007014904986135662,0.009102464653551579
14,NC(=O)C12CCC(N)(CC1)CC2,6,23,N,0.6390973925590515,1.0217214822769165
14,NC(=O)C12CCC(N)(CC1)CC2,7,16,C,0.08173709362745285,0.5364837646484375
14,NC(=O)C12CCC(N)(CC1)CC2,8,20,1,0.009290451183915138,0.07296881079673767
14,NC(=O)C12CCC(N)(CC1)CC2,9,16,C,0.5799213647842407,0.5491998791694641
14,NC(=O)C12CCC(N)(CC1)CC2,10,16,C,0.7543738484382629,0.3823068141937256
14,NC(=O)C12CCC(N)(CC1)CC2,11,16,C,0.7979596853256226,0.5516831278800964
14,NC(=O)C12CCC(N)(CC1)CC2,12,16,C,0.7415850162506104,1.4583064317703247
14,NC(=O)C12CCC(N)(CC1)CC2,13,20,1,0.16297738254070282,0.5780057907104492
14,NC(=O)C12CCC(N)(CC1)CC2,14,13,[SEP],0.011221067979931831,0.08593463897705078
15,CN(C)S(=O)(=O)CC(=O)c1ccc(Cl)cc1,0,16,C,0.0761788934469223,0.294944167137146
15,CN(C)S(=O)(=O)CC(=O)c1ccc(Cl)cc1,1,23,N,0.014386320486664772,0.11897706985473633
15,CN(C)S(=O)(=O)CC(=O)c1ccc(Cl)cc1,2,17,(,0.017219705507159233,0.13140352070331573
15,CN(C)S(=O)(=O)CC(=O)c1ccc(Cl)cc1,3,16,C,0.004503422416746616,0.04325088486075401
15,CN(C)S(=O)(=O)CC(=O)c1ccc(Cl)cc1,4,18,),0.001993962097913027,0.02158505842089653
15,CN(C)S(=O)(=O)CC(=O)c1ccc(Cl)cc1,5,34,S,0.27131888270378113,1.0646679401397705
15,CN(C)S(=O)(=O)CC(=O)c1ccc(Cl)cc1,6,17,(,0.003049449995160103,0.030228808522224426
15,CN(C)S(=O)(=O)CC(=O)c1ccc(Cl)cc1,7,22,=,0.0032825046218931675,0.03035595640540123
15,CN(C)S(=O)(=O)CC(=O)c1ccc(Cl)cc1,8,19,O,0.0011084373109042645,0.013283039443194866
15,CN(C)S(=O)(=O)CC(=O)c1ccc(Cl)cc1,9,18,),0.0005574338138103485,0.007439672946929932
15,CN(C)S(=O)(=O)CC(=O)c1ccc(Cl)cc1,10,17,(,0.03193294256925583,0.19595524668693542
15,CN(C)S(=O)(=O)CC(=O)c1ccc(Cl)cc1,11,22,=,0.0008628411451354623,0.01062110997736454
15,CN(C)S(=O)(=O)CC(=O)c1ccc(Cl)cc1,12,19,O,0.0011885041603818536,0.014080962166190147
15,CN(C)S(=O)(=O)CC(=O)c1ccc(Cl)cc1,13,18,),0.000590813928283751,0.007860141806304455
15,CN(C)S(=O)(=O)CC(=O)c1ccc(Cl)cc1,14,16,C,0.198618084192276,0.4622340500354767
15,CN(C)S(=O)(=O)CC(=O)c1ccc(Cl)cc1,15,16,C,0.12354612350463867,0.5277901887893677
15,CN(C)S(=O)(=O)CC(=O)c1ccc(Cl)cc1,16,16,C,0.3731406629085541,0.6500672698020935
15,CN(C)S(=O)(=O)CC(=O)c1ccc(Cl)cc1,17,17,(,0.00407902617007494,0.04139585420489311
15,CN(C)S(=O)(=O)CC(=O)c1ccc(Cl)cc1,18,22,=,0.00337389437481761,0.03489984944462776
15,CN(C)S(=O)(=O)CC(=O)c1ccc(Cl)cc1,19,19,O,0.0031700595282018185,0.03331002593040466
15,CN(C)S(=O)(=O)CC(=O)c1ccc(Cl)cc1,20,18,),0.0006151642301119864,0.008130419068038464
15,CN(C)S(=O)(=O)CC(=O)c1ccc(Cl)cc1,21,15,c,0.009483746252954006,0.08416926115751266
15,CN(C)S(=O)(=O)CC(=O)c1ccc(Cl)cc1,22,20,1,0.0018601075280457735,0.019337430596351624
15,CN(C)S(=O)(=O)CC(=O)c1ccc(Cl)cc1,23,15,c,0.001172508578747511,0.01415291614830494
15,CN(C)S(=O)(=O)CC(=O)c1ccc(Cl)cc1,24,15,c,0.0014599950518459082,0.01625104621052742
15,CN(C)S(=O)(=O)CC(=O)c1ccc(Cl)cc1,25,15,c,0.004942966625094414,0.04367357864975929
15,CN(C)S(=O)(=O)CC(=O)c1ccc(Cl)cc1,26,17,(,0.10348159819841385,0.34954211115837097
15,CN(C)S(=O)(=O)CC(=O)c1ccc(Cl)cc1,27,28,Cl,0.007525292690843344,0.07555291056632996
15,CN(C)S(=O)(=O)CC(=O)c1ccc(Cl)cc1,28,18,),0.0006624325178563595,0.008681802079081535
15,CN(C)S(=O)(=O)CC(=O)c1ccc(Cl)cc1,29,15,c,0.0015193716390058398,0.016594836488366127
15,CN(C)S(=O)(=O)CC(=O)c1ccc(Cl)cc1,30,15,c,0.0034884486813098192,0.03468342125415802
15,CN(C)S(=O)(=O)CC(=O)c1ccc(Cl)cc1,31,20,1,0.0021777453366667032,0.024890031665563583
15,CN(C)S(=O)(=O)CC(=O)c1ccc(Cl)cc1,32,13,[SEP],0.006464020349085331,0.058204203844070435
16,O=C1CCCc2nc3ccccc3c(NCCCC(c3ccc(F)cc3)c3ccc(F)cc3)c21,0,19,O,0.011613713577389717,0.07828810065984726
16,O=C1CCCc2nc3ccccc3c(NCCCC(c3ccc(F)cc3)c3ccc(F)cc3)c21,1,22,=,0.0009719560039229691,0.011742259375751019
16,O=C1CCCc2nc3ccccc3c(NCCCC(c3ccc(F)cc3)c3ccc(F)cc3)c21,2,16,C,0.004377089906483889,0.039321985095739365
16,O=C1CCCc2nc3ccccc3c(NCCCC(c3ccc(F)cc3)c3ccc(F)cc3)c21,3,20,1,0.19269341230392456,0.5232489109039307
16,O=C1CCCc2nc3ccccc3c(NCCCC(c3ccc(F)cc3)c3ccc(F)cc3)c21,4,15,c,0.7335131168365479,0.6198865175247192
16,O=C1CCCc2nc3ccccc3c(NCCCC(c3ccc(F)cc3)c3ccc(F)cc3)c21,5,21,2,0.005490829702466726,0.051276419311761856
16,O=C1CCCc2nc3ccccc3c(NCCCC(c3ccc(F)cc3)c3ccc(F)cc3)c21,6,15,c,0.0038698436692357063,0.03573215752840042
16,O=C1CCCc2nc3ccccc3c(NCCCC(c3ccc(F)cc3)c3ccc(F)cc3)c21,7,15,c,0.017372028902173042,0.11437112838029861
16,O=C1CCCc2nc3ccccc3c(NCCCC(c3ccc(F)cc3)c3ccc(F)cc3)c21,8,15,c,0.0032613251823931932,0.028392121195793152
16,O=C1CCCc2nc3ccccc3c(NCCCC(c3ccc(F)cc3)c3ccc(F)cc3)c21,9,15,c,0.01122266985476017,0.0771244615316391
16,O=C1CCCc2nc3ccccc3c(NCCCC(c3ccc(F)cc3)c3ccc(F)cc3)c21,10,15,c,0.0015965874772518873,0.017143933102488518
16,O=C1CCCc2nc3ccccc3c(NCCCC(c3ccc(F)cc3)c3ccc(F)cc3)c21,11,21,2,0.0011809613788500428,0.013927213847637177
16,O=C1CCCc2nc3ccccc3c(NCCCC(c3ccc(F)cc3)c3ccc(F)cc3)c21,12,31,-,1.0298904180526733,1.4564653635025024
16,O=C1CCCc2nc3ccccc3c(NCCCC(c3ccc(F)cc3)c3ccc(F)cc3)c21,13,15,c,0.028323611244559288,0.18234045803546906
16,O=C1CCCc2nc3ccccc3c(NCCCC(c3ccc(F)cc3)c3ccc(F)cc3)c21,14,21,2,0.0036349522415548563,0.037560708820819855
16,O=C1CCCc2nc3ccccc3c(NCCCC(c3ccc(F)cc3)c3ccc(F)cc3)c21,15,15,c,0.9143090844154358,0.5724977254867554
16,O=C1CCCc2nc3ccccc3c(NCCCC(c3ccc(F)cc3)c3ccc(F)cc3)c21,16,15,c,1.039505958557129,0.9978250861167908
16,O=C1CCCc2nc3ccccc3c(NCCCC(c3ccc(F)cc3)c3ccc(F)cc3)c21,17,15,c,0.18163345754146576,0.6299965977668762
16,O=C1CCCc2nc3ccccc3c(NCCCC(c3ccc(F)cc3)c3ccc(F)cc3)c21,18,17,(,0.8384179472923279,0.3792073428630829
16,O=C1CCCc2nc3ccccc3c(NCCCC(c3ccc(F)cc3)c3ccc(F)cc3)c21,19,27,F,1.1391948461532593,1.2672938108444214
16,O=C1CCCc2nc3ccccc3c(NCCCC(c3ccc(F)cc3)c3ccc(F)cc3)c21,20,18,),0.0007772077806293964,0.00987792108207941
16,O=C1CCCc2nc3ccccc3c(NCCCC(c3ccc(F)cc3)c3ccc(F)cc3)c21,21,15,c,0.10423050075769424,0.34271925687789917
16,O=C1CCCc2nc3ccccc3c(NCCCC(c3ccc(F)cc3)c3ccc(F)cc3)c21,22,15,c,0.012838350608944893,0.09820712357759476
16,O=C1CCCc2nc3ccccc3c(NCCCC(c3ccc(F)cc3)c3ccc(F)cc3)c21,23,21,2,0.0014897040091454983,0.016864433884620667
16,O=C1CCCc2nc3ccccc3c(NCCCC(c3ccc(F)cc3)c3ccc(F)cc3)c21,24,16,C,0.4188096821308136,1.4063187837600708
16,O=C1CCCc2nc3ccccc3c(NCCCC(c3ccc(F)cc3)c3ccc(F)cc3)c21,25,16,C,1.2583500146865845,0.8174344897270203
16,O=C1CCCc2nc3ccccc3c(NCCCC(c3ccc(F)cc3)c3ccc(F)cc3)c21,26,16,C,0.35053935647010803,0.9181851744651794
16,O=C1CCCc2nc3ccccc3c(NCCCC(c3ccc(F)cc3)c3ccc(F)cc3)c21,27,16,C,0.5422143340110779,1.1596059799194336
16,O=C1CCCc2nc3ccccc3c(NCCCC(c3ccc(F)cc3)c3ccc(F)cc3)c21,28,20,1,1.1465654373168945,0.7349092960357666
16,O=C1CCCc2nc3ccccc3c(NCCCC(c3ccc(F)cc3)c3ccc(F)cc3)c21,29,23,N,1.0641549825668335,1.1874799728393555
16,O=C1CCCc2nc3ccccc3c(NCCCC(c3ccc(F)cc3)c3ccc(F)cc3)c21,30,16,C,0.04356985166668892,0.2879660725593567
16,O=C1CCCc2nc3ccccc3c(NCCCC(c3ccc(F)cc3)c3ccc(F)cc3)c21,31,16,C,0.024683117866516113,0.17881493270397186
16,O=C1CCCc2nc3ccccc3c(NCCCC(c3ccc(F)cc3)c3ccc(F)cc3)c21,32,16,C,0.6616739630699158,0.9724951386451721
16,O=C1CCCc2nc3ccccc3c(NCCCC(c3ccc(F)cc3)c3ccc(F)cc3)c21,33,15,c,1.3295798301696777,0.8183358907699585
16,O=C1CCCc2nc3ccccc3c(NCCCC(c3ccc(F)cc3)c3ccc(F)cc3)c21,34,20,1,0.0010037760948762298,0.01259551290422678
16,O=C1CCCc2nc3ccccc3c(NCCCC(c3ccc(F)cc3)c3ccc(F)cc3)c21,35,15,c,0.5223443508148193,0.47032713890075684
16,O=C1CCCc2nc3ccccc3c(NCCCC(c3ccc(F)cc3)c3ccc(F)cc3)c21,36,15,c,0.5030730962753296,1.277194619178772
16,O=C1CCCc2nc3ccccc3c(NCCCC(c3ccc(F)cc3)c3ccc(F)cc3)c21,37,15,c,0.19400382041931152,0.6185317039489746
16,O=C1CCCc2nc3ccccc3c(NCCCC(c3ccc(F)cc3)c3ccc(F)cc3)c21,38,17,(,0.03849590942263603,0.19342896342277527
16,O=C1CCCc2nc3ccccc3c(NCCCC(c3ccc(F)cc3)c3ccc(F)cc3)c21,39,27,F,0.4376673400402069,1.2053078413009644
16,O=C1CCCc2nc3ccccc3c(NCCCC(c3ccc(F)cc3)c3ccc(F)cc3)c21,40,18,),0.0007709537167102098,0.009818561375141144
16,O=C1CCCc2nc3ccccc3c(NCCCC(c3ccc(F)cc3)c3ccc(F)cc3)c21,41,15,c,0.1109727993607521,0.3411732614040375
16,O=C1CCCc2nc3ccccc3c(NCCCC(c3ccc(F)cc3)c3ccc(F)cc3)c21,42,15,c,0.0035586466547101736,0.030073102563619614
16,O=C1CCCc2nc3ccccc3c(NCCCC(c3ccc(F)cc3)c3ccc(F)cc3)c21,43,20,1,0.007981331087648869,0.06237285956740379
16,O=C1CCCc2nc3ccccc3c(NCCCC(c3ccc(F)cc3)c3ccc(F)cc3)c21,44,18,),0.7109906077384949,0.261504203081131
16,O=C1CCCc2nc3ccccc3c(NCCCC(c3ccc(F)cc3)c3ccc(F)cc3)c21,45,25,n,1.4288259744644165,1.0672156810760498
16,O=C1CCCc2nc3ccccc3c(NCCCC(c3ccc(F)cc3)c3ccc(F)cc3)c21,46,20,1,1.6000624895095825,1.5992212295532227
16,O=C1CCCc2nc3ccccc3c(NCCCC(c3ccc(F)cc3)c3ccc(F)cc3)c21,47,25,n,0.8793128132820129,1.3316237926483154
16,O=C1CCCc2nc3ccccc3c(NCCCC(c3ccc(F)cc3)c3ccc(F)cc3)c21,48,15,c,0.20426510274410248,0.9692113399505615
16,O=C1CCCc2nc3ccccc3c(NCCCC(c3ccc(F)cc3)c3ccc(F)cc3)c21,49,15,c,0.3790035545825958,1.3646678924560547
16,O=C1CCCc2nc3ccccc3c(NCCCC(c3ccc(F)cc3)c3ccc(F)cc3)c21,50,25,n,0.9789578914642334,1.3417927026748657
16,O=C1CCCc2nc3ccccc3c(NCCCC(c3ccc(F)cc3)c3ccc(F)cc3)c21,51,20,1,0.01776004582643509,0.12125196307897568
16,O=C1CCCc2nc3ccccc3c(NCCCC(c3ccc(F)cc3)c3ccc(F)cc3)c21,52,13,[SEP],0.002686945255845785,0.02646522969007492
17,O=C1NCC(COc2cccc3c2CCC3=O)O1,0,19,O,0.006936846766620874,0.05338897556066513
17,O=C1NCC(COc2cccc3c2CCC3=O)O1,1,22,=,0.0006335893995128572,0.007993362843990326
17,O=C1NCC(COc2cccc3c2CCC3=O)O1,2,16,C,0.0015794391511008143,0.017286406829953194
17,O=C1NCC(COc2cccc3c2CCC3=O)O1,3,20,1,0.014741843566298485,0.11835235357284546
17,O=C1NCC(COc2cccc3c2CCC3=O)O1,4,16,C,0.12748298048973083,0.503853976726532
17,O=C1NCC(COc2cccc3c2CCC3=O)O1,5,16,C,0.0020854792091995478,0.021870985627174377
17,O=C1NCC(COc2cccc3c2CCC3=O)O1,6,15,c,0.11213218420743942,0.5298858880996704
17,O=C1NCC(COc2cccc3c2CCC3=O)O1,7,21,2,0.000929713249206543,0.011210395954549313
17,O=C1NCC(COc2cccc3c2CCC3=O)O1,8,15,c,0.007579578086733818,0.06249281018972397
17,O=C1NCC(COc2cccc3c2CCC3=O)O1,9,17,(,0.23501653969287872,0.7145168781280518
17,O=C1NCC(COc2cccc3c2CCC3=O)O1,10,15,c,0.1823951005935669,0.8399176597595215
17,O=C1NCC(COc2cccc3c2CCC3=O)O1,11,15,c,0.0023851741570979357,0.026126276701688766
17,O=C1NCC(COc2cccc3c2CCC3=O)O1,12,15,c,0.007576428819447756,0.0638825073838234
17,O=C1NCC(COc2cccc3c2CCC3=O)O1,13,15,c,0.017078153789043427,0.11359189450740814
17,O=C1NCC(COc2cccc3c2CCC3=O)O1,14,21,2,0.02338201366364956,0.15781170129776
17,O=C1NCC(COc2cccc3c2CCC3=O)O1,15,19,O,0.8297740817070007,1.719667911529541
17,O=C1NCC(COc2cccc3c2CCC3=O)O1,16,16,C,0.47129347920417786,0.8177858591079712
17,O=C1NCC(COc2cccc3c2CCC3=O)O1,17,21,2,1.0373390913009644,0.8734947443008423
17,O=C1NCC(COc2cccc3c2CCC3=O)O1,18,16,C,0.0034441757015883923,0.03423091024160385
17,O=C1NCC(COc2cccc3c2CCC3=O)O1,19,23,N,0.2643720805644989,0.5284708142280579
17,O=C1NCC(COc2cccc3c2CCC3=O)O1,20,16,C,0.005313104018568993,0.04584784805774689
17,O=C1NCC(COc2cccc3c2CCC3=O)O1,21,17,(,0.03926481679081917,0.20291191339492798
17,O=C1NCC(COc2cccc3c2CCC3=O)O1,22,22,=,0.002537388587370515,0.02405976504087448
17,O=C1NCC(COc2cccc3c2CCC3=O)O1,23,19,O,0.0018111229874193668,0.018878605216741562
17,O=C1NCC(COc2cccc3c2CCC3=O)O1,24,18,),0.0005410030134953558,0.007273019291460514
17,O=C1NCC(COc2cccc3c2CCC3=O)O1,25,19,O,0.701643168926239,0.28294801712036133
17,O=C1NCC(COc2cccc3c2CCC3=O)O1,26,21,2,0.0469479002058506,0.2480439841747284
17,O=C1NCC(COc2cccc3c2CCC3=O)O1,27,18,),0.0010566147975623608,0.012564754113554955
17,O=C1NCC(COc2cccc3c2CCC3=O)O1,28,16,C,0.05693666264414787,0.2985166311264038
17,O=C1NCC(COc2cccc3c2CCC3=O)O1,29,23,N,0.593434751033783,0.9221044182777405
17,O=C1NCC(COc2cccc3c2CCC3=O)O1,30,20,1,0.0022650440223515034,0.025729414075613022
17,O=C1NCC(COc2cccc3c2CCC3=O)O1,31,13,[SEP],0.00044560691458173096,0.006026092916727066
18,CCCCc1nc(Cl)c(CC(=O)O)c(Cc2ccc(-c3ccccc3C(=O)O)cc2)n1,0,16,C,0.0021700516808778048,0.02330181747674942
18,CCCCc1nc(Cl)c(CC(=O)O)c(Cc2ccc(-c3ccccc3C(=O)O)cc2)n1,1,16,C,0.0017256431747227907,0.019838551059365273
18,CCCCc1nc(Cl)c(CC(=O)O)c(Cc2ccc(-c3ccccc3C(=O)O)cc2)n1,2,16,C,0.001354884821921587,0.01585787534713745
18,CCCCc1nc(Cl)c(CC(=O)O)c(Cc2ccc(-c3ccccc3C(=O)O)cc2)n1,3,16,C,0.06291688233613968,0.2639203667640686
18,CCCCc1nc(Cl)c(CC(=O)O)c(Cc2ccc(-c3ccccc3C(=O)O)cc2)n1,4,15,c,0.08695612102746964,0.32393085956573486
18,CCCCc1nc(Cl)c(CC(=O)O)c(Cc2ccc(-c3ccccc3C(=O)O)cc2)n1,5,20,1,0.0008405806729570031,0.009738370776176453
18,CCCCc1nc(Cl)c(CC(=O)O)c(Cc2ccc(-c3ccccc3C(=O)O)cc2)n1,6,25,n,0.37714481353759766,0.8099138140678406
18,CCCCc1nc(Cl)c(CC(=O)O)c(Cc2ccc(-c3ccccc3C(=O)O)cc2)n1,7,15,c,0.2773711085319519,0.6394893527030945
18,CCCCc1nc(Cl)c(CC(=O)O)c(Cc2ccc(-c3ccccc3C(=O)O)cc2)n1,8,17,(,0.40715867280960083,0.8123009204864502
18,CCCCc1nc(Cl)c(CC(=O)O)c(Cc2ccc(-c3ccccc3C(=O)O)cc2)n1,9,16,C,0.30913808941841125,0.8695698976516724
18,CCCCc1nc(Cl)c(CC(=O)O)c(Cc2ccc(-c3ccccc3C(=O)O)cc2)n1,10,15,c,0.25642651319503784,0.8759723901748657
18,CCCCc1nc(Cl)c(CC(=O)O)c(Cc2ccc(-c3ccccc3C(=O)O)cc2)n1,11,21,2,0.00326096941716969,0.034130580723285675
18,CCCCc1nc(Cl)c(CC(=O)O)c(Cc2ccc(-c3ccccc3C(=O)O)cc2)n1,12,15,c,0.004657911602407694,0.04184505715966225
18,CCCCc1nc(Cl)c(CC(=O)O)c(Cc2ccc(-c3ccccc3C(=O)O)cc2)n1,13,15,c,0.00371186132542789,0.03201223909854889
18,CCCCc1nc(Cl)c(CC(=O)O)c(Cc2ccc(-c3ccccc3C(=O)O)cc2)n1,14,15,c,0.008275398053228855,0.06048284471035004
18,CCCCc1nc(Cl)c(CC(=O)O)c(Cc2ccc(-c3ccccc3C(=O)O)cc2)n1,15,17,(,0.09876567125320435,0.32343241572380066
18,CCCCc1nc(Cl)c(CC(=O)O)c(Cc2ccc(-c3ccccc3C(=O)O)cc2)n1,16,31,-,0.7241228818893433,0.9565721750259399
18,CCCCc1nc(Cl)c(CC(=O)O)c(Cc2ccc(-c3ccccc3C(=O)O)cc2)n1,17,15,c,0.0032309689559042454,0.033553801476955414
18,CCCCc1nc(Cl)c(CC(=O)O)c(Cc2ccc(-c3ccccc3C(=O)O)cc2)n1,18,26,3,0.0018500115256756544,0.02134459838271141
18,CCCCc1nc(Cl)c(CC(=O)O)c(Cc2ccc(-c3ccccc3C(=O)O)cc2)n1,19,15,c,0.00805016327649355,0.06669247895479202
18,CCCCc1nc(Cl)c(CC(=O)O)c(Cc2ccc(-c3ccccc3C(=O)O)cc2)n1,20,15,c,0.005381835624575615,0.04683484882116318
18,CCCCc1nc(Cl)c(CC(=O)O)c(Cc2ccc(-c3ccccc3C(=O)O)cc2)n1,21,15,c,0.002623435342684388,0.024844063445925713
18,CCCCc1nc(Cl)c(CC(=O)O)c(Cc2ccc(-c3ccccc3C(=O)O)cc2)n1,22,15,c,0.0317445732653141,0.15738259255886078
18,CCCCc1nc(Cl)c(CC(=O)O)c(Cc2ccc(-c3ccccc3C(=O)O)cc2)n1,23,15,c,0.0016582999378442764,0.018112773075699806
18,CCCCc1nc(Cl)c(CC(=O)O)c(Cc2ccc(-c3ccccc3C(=O)O)cc2)n1,24,26,3,0.020645244047045708,0.14844252169132233
18,CCCCc1nc(Cl)c(CC(=O)O)c(Cc2ccc(-c3ccccc3C(=O)O)cc2)n1,25,16,C,0.04100053012371063,0.25960493087768555
18,CCCCc1nc(Cl)c(CC(=O)O)c(Cc2ccc(-c3ccccc3C(=O)O)cc2)n1,26,17,(,0.08940604329109192,0.34730470180511475
18,CCCCc1nc(Cl)c(CC(=O)O)c(Cc2ccc(-c3ccccc3C(=O)O)cc2)n1,27,22,=,0.0013086949475109577,0.015342959202826023
18,CCCCc1nc(Cl)c(CC(=O)O)c(Cc2ccc(-c3ccccc3C(=O)O)cc2)n1,28,19,O,0.0020389605779200792,0.02183317393064499
18,CCCCc1nc(Cl)c(CC(=O)O)c(Cc2ccc(-c3ccccc3C(=O)O)cc2)n1,29,18,),0.0009178620530292392,0.0113725196570158
18,CCCCc1nc(Cl)c(CC(=O)O)c(Cc2ccc(-c3ccccc3C(=O)O)cc2)n1,30,19,O,0.06166936457157135,0.32955047488212585
18,CCCCc1nc(Cl)c(CC(=O)O)c(Cc2ccc(-c3ccccc3C(=O)O)cc2)n1,31,18,),0.008923390880227089,0.06900520622730255
18,CCCCc1nc(Cl)c(CC(=O)O)c(Cc2ccc(-c3ccccc3C(=O)O)cc2)n1,32,15,c,0.004755835048854351,0.04104796051979065
18,CCCCc1nc(Cl)c(CC(=O)O)c(Cc2ccc(-c3ccccc3C(=O)O)cc2)n1,33,15,c,0.032313451170921326,0.16122528910636902
18,CCCCc1nc(Cl)c(CC(=O)O)c(Cc2ccc(-c3ccccc3C(=O)O)cc2)n1,34,21,2,0.008856046013534069,0.0710848793387413
18,CCCCc1nc(Cl)c(CC(=O)O)c(Cc2ccc(-c3ccccc3C(=O)O)cc2)n1,35,18,),0.02707349695265293,0.1673380732536316
18,CCCCc1nc(Cl)c(CC(=O)O)c(Cc2ccc(-c3ccccc3C(=O)O)cc2)n1,36,25,n,0.7394859790802002,0.8724891543388367
18,CCCCc1nc(Cl)c(CC(=O)O)c(Cc2ccc(-c3ccccc3C(=O)O)cc2)n1,37,44,o,0.026719333603978157,0.1671445220708847
18,CCCCc1nc(Cl)c(CC(=O)O)c(Cc2ccc(-c3ccccc3C(=O)O)cc2)n1,38,20,1,0.06842008978128433,0.3034190833568573
18,CCCCc1nc(Cl)c(CC(=O)O)c(Cc2ccc(-c3ccccc3C(=O)O)cc2)n1,39,18,),0.5928966403007507,0.5062876343727112
18,CCCCc1nc(Cl)c(CC(=O)O)c(Cc2ccc(-c3ccccc3C(=O)O)cc2)n1,40,16,C,1.0084084272384644,0.9946132302284241
18,CCCCc1nc(Cl)c(CC(=O)O)c(Cc2ccc(-c3ccccc3C(=O)O)cc2)n1,41,16,C,0.10478492826223373,0.4395839273929596
18,CCCCc1nc(Cl)c(CC(=O)O)c(Cc2ccc(-c3ccccc3C(=O)O)cc2)n1,42,17,(,0.003297437448054552,0.028908705338835716
18,CCCCc1nc(Cl)c(CC(=O)O)c(Cc2ccc(-c3ccccc3C(=O)O)cc2)n1,43,22,=,0.00112750509288162,0.013300161808729172
18,CCCCc1nc(Cl)c(CC(=O)O)c(Cc2ccc(-c3ccccc3C(=O)O)cc2)n1,44,19,O,0.0015189404366537929,0.016968486830592155
18,CCCCc1nc(Cl)c(CC(=O)O)c(Cc2ccc(-c3ccccc3C(=O)O)cc2)n1,45,18,),0.0007538392674177885,0.009450078941881657
18,CCCCc1nc(Cl)c(CC(=O)O)c(Cc2ccc(-c3ccccc3C(=O)O)cc2)n1,46,28,Cl,1.0551655292510986,0.6633940935134888
18,CCCCc1nc(Cl)c(CC(=O)O)c(Cc2ccc(-c3ccccc3C(=O)O)cc2)n1,47,13,[SEP],0.0005042736884206533,0.006590211298316717
19,CC[C@H](C=O)NC(c1ccccc1)(c1ccccc1)c1ccccc1,0,16,C,0.0034631413873285055,0.032298531383275986
19,CC[C@H](C=O)NC(c1ccccc1)(c1ccccc1)c1ccccc1,1,16,C,0.004880956374108791,0.04389207065105438
19,CC[C@H](C=O)NC(c1ccccc1)(c1ccccc1)c1ccccc1,2,33,[C@H],1.0842071771621704,0.18240034580230713
19,CC[C@H](C=O)NC(c1ccccc1)(c1ccccc1)c1ccccc1,3,17,(,0.036512527614831924,0.18823577463626862
19,CC[C@H](C=O)NC(c1ccccc1)(c1ccccc1)c1ccccc1,4,16,C,0.2293108105659485,0.6254987716674805
19,CC[C@H](C=O)NC(c1ccccc1)(c1ccccc1)c1ccccc1,5,22,=,0.006969890557229519,0.061865247786045074
19,CC[C@H](C=O)NC(c1ccccc1)(c1ccccc1)c1ccccc1,6,19,O,0.018233362585306168,0.13336339592933655
19,CC[C@H](C=O)NC(c1ccccc1)(c1ccccc1)c1ccccc1,7,18,),0.0008305269875563681,0.01046860869973898
19,CC[C@H](C=O)NC(c1ccccc1)(c1ccccc1)c1ccccc1,8,23,N,0.010892350226640701,0.09688594192266464
19,CC[C@H](C=O)NC(c1ccccc1)(c1ccccc1)c1ccccc1,9,16,C,0.7554721832275391,1.046931505203247
19,CC[C@H](C=O)NC(c1ccccc1)(c1ccccc1)c1ccccc1,10,17,(,0.00663530919700861,0.059347160160541534
19,CC[C@H](C=O)NC(c1ccccc1)(c1ccccc1)c1ccccc1,11,15,c,0.001998627558350563,0.021725637838244438
19,CC[C@H](C=O)NC(c1ccccc1)(c1ccccc1)c1ccccc1,12,20,1,0.0013987915590405464,0.015274480916559696
19,CC[C@H](C=O)NC(c1ccccc1)(c1ccccc1)c1ccccc1,13,15,c,0.0014397356426343322,0.014321120455861092
19,CC[C@H](C=O)NC(c1ccccc1)(c1ccccc1)c1ccccc1,14,15,c,0.0025440482422709465,0.023107178509235382
19,CC[C@H](C=O)NC(c1ccccc1)(c1ccccc1)c1ccccc1,15,15,c,0.0015292448224499822,0.015509459190070629
19,CC[C@H](C=O)NC(c1ccccc1)(c1ccccc1)c1ccccc1,16,15,c,0.0025713841896504164,0.022609902545809746
19,CC[C@H](C=O)NC(c1ccccc1)(c1ccccc1)c1ccccc1,17,15,c,0.0017323684878647327,0.016725614666938782
19,CC[C@H](C=O)NC(c1ccccc1)(c1ccccc1)c1ccccc1,18,20,1,0.0011690367246046662,0.013071156106889248
19,CC[C@H](C=O)NC(c1ccccc1)(c1ccccc1)c1ccccc1,19,18,),0.004927933216094971,0.04296618327498436
19,CC[C@H](C=O)NC(c1ccccc1)(c1ccccc1)c1ccccc1,20,17,(,0.18520641326904297,0.544255793094635
19,CC[C@H](C=O)NC(c1ccccc1)(c1ccccc1)c1ccccc1,21,15,c,0.0014237752184271812,0.01597418263554573
19,CC[C@H](C=O)NC(c1ccccc1)(c1ccccc1)c1ccccc1,22,20,1,0.001129564712755382,0.01388650294393301
19,CC[C@H](C=O)NC(c1ccccc1)(c1ccccc1)c1ccccc1,23,15,c,0.0014469362795352936,0.014406881295144558
19,CC[C@H](C=O)NC(c1ccccc1)(c1ccccc1)c1ccccc1,24,15,c,0.0014013294130563736,0.014589613303542137
19,CC[C@H](C=O)NC(c1ccccc1)(c1ccccc1)c1ccccc1,25,15,c,0.0015907644992694259,0.016719751060009003
19,CC[C@H](C=O)NC(c1ccccc1)(c1ccccc1)c1ccccc1,26,15,c,0.0008754440932534635,0.009774313308298588
19,CC[C@H](C=O)NC(c1ccccc1)(c1ccccc1)c1ccccc1,27,15,c,0.0013637951342388988,0.014087106101214886
19,CC[C@H](C=O)NC(c1ccccc1)(c1ccccc1)c1ccccc1,28,20,1,0.001592674176208675,0.01697511225938797
19,CC[C@H](C=O)NC(c1ccccc1)(c1ccccc1)c1ccccc1,29,18,),0.0007484309608116746,0.009610140696167946
19,CC[C@H](C=O)NC(c1ccccc1)(c1ccccc1)c1ccccc1,30,15,c,0.012158324010670185,0.10049028694629669
19,CC[C@H](C=O)NC(c1ccccc1)(c1ccccc1)c1ccccc1,31,20,1,0.0019106605323031545,0.02236015908420086
19,CC[C@H](C=O)NC(c1ccccc1)(c1ccccc1)c1ccccc1,32,15,c,0.010162760503590107,0.07294619083404541
19,CC[C@H](C=O)NC(c1ccccc1)(c1ccccc1)c1ccccc1,33,15,c,0.05225292220711708,0.2851851284503937
19,CC[C@H](C=O)NC(c1ccccc1)(c1ccccc1)c1ccccc1,34,15,c,0.11691036820411682,0.5502592921257019
19,CC[C@H](C=O)NC(c1ccccc1)(c1ccccc1)c1ccccc1,35,15,c,0.07570061087608337,0.3243010938167572
19,CC[C@H](C=O)NC(c1ccccc1)(c1ccccc1)c1ccccc1,36,15,c,0.20164595544338226,0.488744854927063
19,CC[C@H](C=O)NC(c1ccccc1)(c1ccccc1)c1ccccc1,37,20,1,0.0020691491663455963,0.02108088508248329
19,CC[C@H](C=O)NC(c1ccccc1)(c1ccccc1)c1ccccc1,38,13,[SEP],0.0012049507349729538,0.013713302090764046
20,CCOC(=O)c1cccc2c1C(=O)C(c1ccc(Cl)cc1)C(c1ccc(CN(CC)CC)cc1)N2,0,16,C,0.0011156747350469232,0.013189815916121006
20,CCOC(=O)c1cccc2c1C(=O)C(c1ccc(Cl)cc1)C(c1ccc(CN(CC)CC)cc1)N2,1,16,C,0.0017572641372680664,0.01871318742632866
20,CCOC(=O)c1cccc2c1C(=O)C(c1ccc(Cl)cc1)C(c1ccc(CN(CC)CC)cc1)N2,2,19,O,0.02904513292014599,0.1776338815689087
20,CCOC(=O)c1cccc2c1C(=O)C(c1ccc(Cl)cc1)C(c1ccc(CN(CC)CC)cc1)N2,3,16,C,0.0015880779828876257,0.017350992187857628
20,CCOC(=O)c1cccc2c1C(=O)C(c1ccc(Cl)cc1)C(c1ccc(CN(CC)CC)cc1)N2,4,17,(,0.0009198245825245976,0.010523667559027672
20,CCOC(=O)c1cccc2c1C(=O)C(c1ccc(Cl)cc1)C(c1ccc(CN(CC)CC)cc1)N2,5,22,=,0.0008057209779508412,0.009457672946155071
20,CCOC(=O)c1cccc2c1C(=O)C(c1ccc(Cl)cc1)C(c1ccc(CN(CC)CC)cc1)N2,6,19,O,0.0007921001524664462,0.009304402396082878
20,CCOC(=O)c1cccc2c1C(=O)C(c1ccc(Cl)cc1)C(c1ccc(CN(CC)CC)cc1)N2,7,18,),0.0005290817935019732,0.007060571573674679
20,CCOC(=O)c1cccc2c1C(=O)C(c1ccc(Cl)cc1)C(c1ccc(CN(CC)CC)cc1)N2,8,15,c,0.011397646740078926,0.0747828558087349
20,CCOC(=O)c1cccc2c1C(=O)C(c1ccc(Cl)cc1)C(c1ccc(CN(CC)CC)cc1)N2,9,20,1,0.0006836889660917222,0.008487905375659466
20,CCOC(=O)c1cccc2c1C(=O)C(c1ccc(Cl)cc1)C(c1ccc(CN(CC)CC)cc1)N2,10,15,c,0.0040439581498503685,0.037119027227163315
20,CCOC(=O)c1cccc2c1C(=O)C(c1ccc(Cl)cc1)C(c1ccc(CN(CC)CC)cc1)N2,11,15,c,0.036877457052469254,0.1790037453174591
20,CCOC(=O)c1cccc2c1C(=O)C(c1ccc(Cl)cc1)C(c1ccc(CN(CC)CC)cc1)N2,12,15,c,0.009675845503807068,0.07015981525182724
20,CCOC(=O)c1cccc2c1C(=O)C(c1ccc(Cl)cc1)C(c1ccc(CN(CC)CC)cc1)N2,13,15,c,0.07458242774009705,0.32777154445648193
20,CCOC(=O)c1cccc2c1C(=O)C(c1ccc(Cl)cc1)C(c1ccc(CN(CC)CC)cc1)N2,14,21,2,0.023537030443549156,0.1382196545600891
20,CCOC(=O)c1cccc2c1C(=O)C(c1ccc(Cl)cc1)C(c1ccc(CN(CC)CC)cc1)N2,15,15,c,0.004659532569348812,0.04268209636211395
20,CCOC(=O)c1cccc2c1C(=O)C(c1ccc(Cl)cc1)C(c1ccc(CN(CC)CC)cc1)N2,16,20,1,0.0015307108405977488,0.017285369336605072
20,CCOC(=O)c1cccc2c1C(=O)C(c1ccc(Cl)cc1)C(c1ccc(CN(CC)CC)cc1)N2,17,16,C,0.0920114815235138,0.4018153250217438
20,CCOC(=O)c1cccc2c1C(=O)C(c1ccc(Cl)cc1)C(c1ccc(CN(CC)CC)cc1)N2,18,17,(,0.846622884273529,0.8436811566352844
20,CCOC(=O)c1cccc2c1C(=O)C(c1ccc(Cl)cc1)C(c1ccc(CN(CC)CC)cc1)N2,19,22,=,1.0134880542755127,1.0163350105285645
20,CCOC(=O)c1cccc2c1C(=O)C(c1ccc(Cl)cc1)C(c1ccc(CN(CC)CC)cc1)N2,20,19,O,0.2384544312953949,0.5047786235809326
20,CCOC(=O)c1cccc2c1C(=O)C(c1ccc(Cl)cc1)C(c1ccc(CN(CC)CC)cc1)N2,21,18,),0.0005670932005159557,0.00748656690120697
20,CCOC(=O)c1cccc2c1C(=O)C(c1ccc(Cl)cc1)C(c1ccc(CN(CC)CC)cc1)N2,22,16,C,0.1300954967737198,0.5402519702911377
20,CCOC(=O)c1cccc2c1C(=O)C(c1ccc(Cl)cc1)C(c1ccc(CN(CC)CC)cc1)N2,23,15,c,0.8930319547653198,1.3433623313903809
20,CCOC(=O)c1cccc2c1C(=O)C(c1ccc(Cl)cc1)C(c1ccc(CN(CC)CC)cc1)N2,24,20,1,0.0015204169321805239,0.01797298900783062
20,CCOC(=O)c1cccc2c1C(=O)C(c1ccc(Cl)cc1)C(c1ccc(CN(CC)CC)cc1)N2,25,15,c,0.001340753398835659,0.014192050322890282
20,CCOC(=O)c1cccc2c1C(=O)C(c1ccc(Cl)cc1)C(c1ccc(CN(CC)CC)cc1)N2,26,15,c,0.004596053157001734,0.03888200968503952
20,CCOC(=O)c1cccc2c1C(=O)C(c1ccc(Cl)cc1)C(c1ccc(CN(CC)CC)cc1)N2,27,15,c,0.132530078291893,0.37664711475372314
20,CCOC(=O)c1cccc2c1C(=O)C(c1ccc(Cl)cc1)C(c1ccc(CN(CC)CC)cc1)N2,28,17,(,0.3163661062717438,0.4877201020717621
20,CCOC(=O)c1cccc2c1C(=O)C(c1ccc(Cl)cc1)C(c1ccc(CN(CC)CC)cc1)N2,29,16,C,0.26245492696762085,0.9624603390693665
20,CCOC(=O)c1cccc2c1C(=O)C(c1ccc(Cl)cc1)C(c1ccc(CN(CC)CC)cc1)N2,30,23,N,0.8385539054870605,1.1634876728057861
20,CCOC(=O)c1cccc2c1C(=O)C(c1ccc(Cl)cc1)C(c1ccc(CN(CC)CC)cc1)N2,31,17,(,0.24040794372558594,0.8837025165557861
20,CCOC(=O)c1cccc2c1C(=O)C(c1ccc(Cl)cc1)C(c1ccc(CN(CC)CC)cc1)N2,32,16,C,0.019785717129707336,0.13579504191875458
20,CCOC(=O)c1cccc2c1C(=O)C(c1ccc(Cl)cc1)C(c1ccc(CN(CC)CC)cc1)N2,33,16,C,0.016720101237297058,0.12576980888843536
20,CCOC(=O)c1cccc2c1C(=O)C(c1ccc(Cl)cc1)C(c1ccc(CN(CC)CC)cc1)N2,34,18,),0.009822209365665913,0.08117789030075073
20,CCOC(=O)c1cccc2c1C(=O)C(c1ccc(Cl)cc1)C(c1ccc(CN(CC)CC)cc1)N2,35,16,C,0.005008532665669918,0.04812908545136452
20,CCOC(=O)c1cccc2c1C(=O)C(c1ccc(Cl)cc1)C(c1ccc(CN(CC)CC)cc1)N2,36,16,C,0.012106712907552719,0.09593048691749573
20,CCOC(=O)c1cccc2c1C(=O)C(c1ccc(Cl)cc1)C(c1ccc(CN(CC)CC)cc1)N2,37,18,),0.004622265696525574,0.045321281999349594
20,CCOC(=O)c1cccc2c1C(=O)C(c1ccc(Cl)cc1)C(c1ccc(CN(CC)CC)cc1)N2,38,15,c,0.011734448373317719,0.08628083765506744
20,CCOC(=O)c1cccc2c1C(=O)C(c1ccc(Cl)cc1)C(c1ccc(CN(CC)CC)cc1)N2,39,15,c,0.03914214298129082,0.1763831526041031
20,CCOC(=O)c1cccc2c1C(=O)C(c1ccc(Cl)cc1)C(c1ccc(CN(CC)CC)cc1)N2,40,20,1,0.0011337025789543986,0.012634530663490295
20,CCOC(=O)c1cccc2c1C(=O)C(c1ccc(Cl)cc1)C(c1ccc(CN(CC)CC)cc1)N2,41,16,C,0.9982245564460754,0.953059196472168
20,CCOC(=O)c1cccc2c1C(=O)C(c1ccc(Cl)cc1)C(c1ccc(CN(CC)CC)cc1)N2,42,21,2,0.4585535526275635,0.6870145201683044
20,CCOC(=O)c1cccc2c1C(=O)C(c1ccc(Cl)cc1)C(c1ccc(CN(CC)CC)cc1)N2,43,23,N,0.27632367610931396,1.114881992340088
20,CCOC(=O)c1cccc2c1C(=O)C(c1ccc(Cl)cc1)C(c1ccc(CN(CC)CC)cc1)N2,44,15,c,0.020006487146019936,0.13574525713920593
20,CCOC(=O)c1cccc2c1C(=O)C(c1ccc(Cl)cc1)C(c1ccc(CN(CC)CC)cc1)N2,45,20,1,0.0005946962046436965,0.007803268730640411
20,CCOC(=O)c1cccc2c1C(=O)C(c1ccc(Cl)cc1)C(c1ccc(CN(CC)CC)cc1)N2,46,15,c,0.000736996007617563,0.008782267570495605
20,CCOC(=O)c1cccc2c1C(=O)C(c1ccc(Cl)cc1)C(c1ccc(CN(CC)CC)cc1)N2,47,15,c,0.09355095773935318,0.31161242723464966
20,CCOC(=O)c1cccc2c1C(=O)C(c1ccc(Cl)cc1)C(c1ccc(CN(CC)CC)cc1)N2,48,15,c,0.01721452735364437,0.09895532578229904
20,CCOC(=O)c1cccc2c1C(=O)C(c1ccc(Cl)cc1)C(c1ccc(CN(CC)CC)cc1)N2,49,17,(,0.3296510875225067,0.47658953070640564
20,CCOC(=O)c1cccc2c1C(=O)C(c1ccc(Cl)cc1)C(c1ccc(CN(CC)CC)cc1)N2,50,28,Cl,0.0037050971295684576,0.03825110197067261
20,CCOC(=O)c1cccc2c1C(=O)C(c1ccc(Cl)cc1)C(c1ccc(CN(CC)CC)cc1)N2,51,18,),0.0005582933663390577,0.007399601861834526
20,CCOC(=O)c1cccc2c1C(=O)C(c1ccc(Cl)cc1)C(c1ccc(CN(CC)CC)cc1)N2,52,15,c,0.0016171644674614072,0.016578124836087227
20,CCOC(=O)c1cccc2c1C(=O)C(c1ccc(Cl)cc1)C(c1ccc(CN(CC)CC)cc1)N2,53,15,c,0.0010464377701282501,0.011725169606506824
20,CCOC(=O)c1cccc2c1C(=O)C(c1ccc(Cl)cc1)C(c1ccc(CN(CC)CC)cc1)N2,54,20,1,0.0013203105190768838,0.015142232179641724
20,CCOC(=O)c1cccc2c1C(=O)C(c1ccc(Cl)cc1)C(c1ccc(CN(CC)CC)cc1)N2,55,13,[SEP],0.03068327158689499,0.18904750049114227
21,CCOC(=O)C(C#N)=C(Cl)c1cccnc1Cl,0,16,C,0.0011666526552289724,0.01375501323491335
21,CCOC(=O)C(C#N)=C(Cl)c1cccnc1Cl,1,16,C,0.0014789968263357878,0.0169503316283226
21,CCOC(=O)C(C#N)=C(Cl)c1cccnc1Cl,2,19,O,0.001241722027771175,0.014816098846495152
21,CCOC(=O)C(C#N)=C(Cl)c1cccnc1Cl,3,16,C,0.0031489243265241385,0.031055746600031853
21,CCOC(=O)C(C#N)=C(Cl)c1cccnc1Cl,4,17,(,0.0007336002308875322,0.008763497695326805
21,CCOC(=O)C(C#N)=C(Cl)c1cccnc1Cl,5,22,=,0.0007317991112358868,0.00912321824580431
21,CCOC(=O)C(C#N)=C(Cl)c1cccnc1Cl,6,19,O,0.0010579354129731655,0.012021243572235107
21,CCOC(=O)C(C#N)=C(Cl)c1cccnc1Cl,7,18,),0.0006211971631273627,0.008192692883312702
21,CCOC(=O)C(C#N)=C(Cl)c1cccnc1Cl,8,16,C,0.11572527885437012,0.4285043478012085
21,CCOC(=O)C(C#N)=C(Cl)c1cccnc1Cl,9,17,(,0.09655462205410004,0.36323460936546326
21,CCOC(=O)C(C#N)=C(Cl)c1cccnc1Cl,10,16,C,0.369926780462265,0.98109370470047
21,CCOC(=O)C(C#N)=C(Cl)c1cccnc1Cl,11,38,#,0.0049820225685834885,0.0512847825884819
21,CCOC(=O)C(C#N)=C(Cl)c1cccnc1Cl,12,23,N,0.0020071633625775576,0.021978139877319336
21,CCOC(=O)C(C#N)=C(Cl)c1cccnc1Cl,13,18,),0.0006462705787271261,0.008449552580714226
21,CCOC(=O)C(C#N)=C(Cl)c1cccnc1Cl,14,22,=,0.002478635171428323,0.026176337152719498
21,CCOC(=O)C(C#N)=C(Cl)c1cccnc1Cl,15,16,C,0.006187954917550087,0.05502674728631973
21,CCOC(=O)C(C#N)=C(Cl)c1cccnc1Cl,16,17,(,0.8265893459320068,1.302364706993103
21,CCOC(=O)C(C#N)=C(Cl)c1cccnc1Cl,17,28,Cl,0.008756819181144238,0.08146143704652786
21,CCOC(=O)C(C#N)=C(Cl)c1cccnc1Cl,18,18,),0.0006009018397890031,0.007885635830461979
21,CCOC(=O)C(C#N)=C(Cl)c1cccnc1Cl,19,15,c,0.17385102808475494,0.7738473415374756
21,CCOC(=O)C(C#N)=C(Cl)c1cccnc1Cl,20,20,1,0.0011642168974503875,0.01331323478370905
21,CCOC(=O)C(C#N)=C(Cl)c1cccnc1Cl,21,25,n,0.31602394580841064,0.5111645460128784
21,CCOC(=O)C(C#N)=C(Cl)c1cccnc1Cl,22,15,c,0.002422947436571121,0.025879092514514923
21,CCOC(=O)C(C#N)=C(Cl)c1cccnc1Cl,23,15,c,0.0074144210666418076,0.06461921334266663
21,CCOC(=O)C(C#N)=C(Cl)c1cccnc1Cl,24,15,c,0.0018197409808635712,0.020501593127846718
21,CCOC(=O)C(C#N)=C(Cl)c1cccnc1Cl,25,15,c,0.002950037829577923,0.028309030458331108
21,CCOC(=O)C(C#N)=C(Cl)c1cccnc1Cl,26,20,1,0.0020844722166657448,0.023411327973008156
21,CCOC(=O)C(C#N)=C(Cl)c1cccnc1Cl,27,28,Cl,0.42303919792175293,1.7008934020996094
21,CCOC(=O)C(C#N)=C(Cl)c1cccnc1Cl,28,13,[SEP],0.0002353118034079671,0.0033734252210706472
22,Cc1c(NCC(C)(C)NC(=O)NC2CCCCC2)c(N)c2nnnn2c1C,0,16,C,0.0025385464541614056,0.025805428624153137
22,Cc1c(NCC(C)(C)NC(=O)NC2CCCCC2)c(N)c2nnnn2c1C,1,15,c,0.4253556430339813,0.8676764369010925
22,Cc1c(NCC(C)(C)NC(=O)NC2CCCCC2)c(N)c2nnnn2c1C,2,20,1,0.0016332701779901981,0.019022449851036072
22,Cc1c(NCC(C)(C)NC(=O)NC2CCCCC2)c(N)c2nnnn2c1C,3,25,n,0.6760467886924744,0.2366795539855957
22,Cc1c(NCC(C)(C)NC(=O)NC2CCCCC2)c(N)c2nnnn2c1C,4,25,n,0.711725652217865,0.45009005069732666
22,Cc1c(NCC(C)(C)NC(=O)NC2CCCCC2)c(N)c2nnnn2c1C,5,15,c,0.7925198078155518,0.6898310780525208
22,Cc1c(NCC(C)(C)NC(=O)NC2CCCCC2)c(N)c2nnnn2c1C,6,17,(,0.12698405981063843,0.5189834833145142
22,Cc1c(NCC(C)(C)NC(=O)NC2CCCCC2)c(N)c2nnnn2c1C,7,23,N,0.7694125771522522,0.45412904024124146
22,Cc1c(NCC(C)(C)NC(=O)NC2CCCCC2)c(N)c2nnnn2c1C,8,18,),0.8079430460929871,0.7834582924842834
22,Cc1c(NCC(C)(C)NC(=O)NC2CCCCC2)c(N)c2nnnn2c1C,9,15,c,0.6119304895401001,0.23935101926326752
22,Cc1c(NCC(C)(C)NC(=O)NC2CCCCC2)c(N)c2nnnn2c1C,10,17,(,0.1160353422164917,0.497915655374527
22,Cc1c(NCC(C)(C)NC(=O)NC2CCCCC2)c(N)c2nnnn2c1C,11,23,N,0.062861368060112,0.3242241144180298
22,Cc1c(NCC(C)(C)NC(=O)NC2CCCCC2)c(N)c2nnnn2c1C,12,16,C,0.446859210729599,0.8306334018707275
22,Cc1c(NCC(C)(C)NC(=O)NC2CCCCC2)c(N)c2nnnn2c1C,13,21,2,1.1362707614898682,1.0635958909988403
22,Cc1c(NCC(C)(C)NC(=O)NC2CCCCC2)c(N)c2nnnn2c1C,14,16,C,0.00968431681394577,0.07604801654815674
22,Cc1c(NCC(C)(C)NC(=O)NC2CCCCC2)c(N)c2nnnn2c1C,15,16,C,0.022352825850248337,0.15672975778579712
22,Cc1c(NCC(C)(C)NC(=O)NC2CCCCC2)c(N)c2nnnn2c1C,16,16,C,0.0330609567463398,0.21817748248577118
22,Cc1c(NCC(C)(C)NC(=O)NC2CCCCC2)c(N)c2nnnn2c1C,17,16,C,0.016397755593061447,0.11734195053577423
22,Cc1c(NCC(C)(C)NC(=O)NC2CCCCC2)c(N)c2nnnn2c1C,18,16,C,0.009526305831968784,0.07802429795265198
22,Cc1c(NCC(C)(C)NC(=O)NC2CCCCC2)c(N)c2nnnn2c1C,19,21,2,0.4231567084789276,0.601150393486023
22,Cc1c(NCC(C)(C)NC(=O)NC2CCCCC2)c(N)c2nnnn2c1C,20,18,),0.0019400122109800577,0.0213742945343256
22,Cc1c(NCC(C)(C)NC(=O)NC2CCCCC2)c(N)c2nnnn2c1C,21,15,c,0.06227222457528114,0.24758872389793396
22,Cc1c(NCC(C)(C)NC(=O)NC2CCCCC2)c(N)c2nnnn2c1C,22,20,1,0.0030981977470219135,0.031132293865084648
22,Cc1c(NCC(C)(C)NC(=O)NC2CCCCC2)c(N)c2nnnn2c1C,23,23,N,0.5806680917739868,0.573637843132019
22,Cc1c(NCC(C)(C)NC(=O)NC2CCCCC2)c(N)c2nnnn2c1C,24,16,C,0.36152568459510803,1.308433175086975
22,Cc1c(NCC(C)(C)NC(=O)NC2CCCCC2)c(N)c2nnnn2c1C,25,17,(,1.0301597118377686,1.0688586235046387
22,Cc1c(NCC(C)(C)NC(=O)NC2CCCCC2)c(N)c2nnnn2c1C,26,22,=,0.23539012670516968,0.7114373445510864
22,Cc1c(NCC(C)(C)NC(=O)NC2CCCCC2)c(N)c2nnnn2c1C,27,19,O,0.017800388857722282,0.11555269360542297
22,Cc1c(NCC(C)(C)NC(=O)NC2CCCCC2)c(N)c2nnnn2c1C,28,18,),0.0005989298806525767,0.007869943045079708
22,Cc1c(NCC(C)(C)NC(=O)NC2CCCCC2)c(N)c2nnnn2c1C,29,23,N,0.31620311737060547,0.9217787981033325
22,Cc1c(NCC(C)(C)NC(=O)NC2CCCCC2)c(N)c2nnnn2c1C,30,16,C,0.020380765199661255,0.1450619101524353
22,Cc1c(NCC(C)(C)NC(=O)NC2CCCCC2)c(N)c2nnnn2c1C,31,16,C,1.354247808456421,0.864762008190155
22,Cc1c(NCC(C)(C)NC(=O)NC2CCCCC2)c(N)c2nnnn2c1C,32,17,(,0.019286826252937317,0.1414344310760498
22,Cc1c(NCC(C)(C)NC(=O)NC2CCCCC2)c(N)c2nnnn2c1C,33,16,C,0.004755821079015732,0.040399469435214996
22,Cc1c(NCC(C)(C)NC(=O)NC2CCCCC2)c(N)c2nnnn2c1C,34,18,),0.0015544673660770059,0.01759084314107895
22,Cc1c(NCC(C)(C)NC(=O)NC2CCCCC2)c(N)c2nnnn2c1C,35,17,(,0.015175310894846916,0.11536462604999542
22,Cc1c(NCC(C)(C)NC(=O)NC2CCCCC2)c(N)c2nnnn2c1C,36,16,C,0.002793001476675272,0.027938708662986755
22,Cc1c(NCC(C)(C)NC(=O)NC2CCCCC2)c(N)c2nnnn2c1C,37,18,),0.0015109890373423696,0.01720721274614334
22,Cc1c(NCC(C)(C)NC(=O)NC2CCCCC2)c(N)c2nnnn2c1C,38,23,N,0.013169016689062119,0.08951310813426971
22,Cc1c(NCC(C)(C)NC(=O)NC2CCCCC2)c(N)c2nnnn2c1C,39,13,[SEP],0.0923062264919281,0.5369828939437866
23,NCc1ccc(-c2cncc3ccc(C(N)=O)nc23)cc1,0,23,N,0.015235129743814468,0.10570645332336426
23,NCc1ccc(-c2cncc3ccc(C(N)=O)nc23)cc1,1,16,C,0.009652802720665932,0.08332601934671402
23,NCc1ccc(-c2cncc3ccc(C(N)=O)nc23)cc1,2,15,c,0.0061838156543672085,0.05190029740333557
23,NCc1ccc(-c2cncc3ccc(C(N)=O)nc23)cc1,3,20,1,0.005309828091412783,0.051276709884405136
23,NCc1ccc(-c2cncc3ccc(C(N)=O)nc23)cc1,4,15,c,0.0013706645695492625,0.014531411230564117
23,NCc1ccc(-c2cncc3ccc(C(N)=O)nc23)cc1,5,15,c,0.002216364024206996,0.02168184332549572
23,NCc1ccc(-c2cncc3ccc(C(N)=O)nc23)cc1,6,15,c,0.004274365957826376,0.038102783262729645
23,NCc1ccc(-c2cncc3ccc(C(N)=O)nc23)cc1,7,17,(,0.016057675704360008,0.10446303337812424
23,NCc1ccc(-c2cncc3ccc(C(N)=O)nc23)cc1,8,31,-,0.020253123715519905,0.12931470572948456
23,NCc1ccc(-c2cncc3ccc(C(N)=O)nc23)cc1,9,15,c,0.0008152766386047006,0.00979619100689888
23,NCc1ccc(-c2cncc3ccc(C(N)=O)nc23)cc1,10,21,2,0.0015336386859416962,0.017569435760378838
23,NCc1ccc(-c2cncc3ccc(C(N)=O)nc23)cc1,11,15,c,0.02044111303985119,0.11033317446708679
23,NCc1ccc(-c2cncc3ccc(C(N)=O)nc23)cc1,12,25,n,0.02932840958237648,0.14565925300121307
23,NCc1ccc(-c2cncc3ccc(C(N)=O)nc23)cc1,13,15,c,0.002838616957888007,0.02699027769267559
23,NCc1ccc(-c2cncc3ccc(C(N)=O)nc23)cc1,14,15,c,0.17638130486011505,0.5702531933784485
23,NCc1ccc(-c2cncc3ccc(C(N)=O)nc23)cc1,15,26,3,0.013071490451693535,0.10461130738258362
23,NCc1ccc(-c2cncc3ccc(C(N)=O)nc23)cc1,16,15,c,0.015373854897916317,0.10242415219545364
23,NCc1ccc(-c2cncc3ccc(C(N)=O)nc23)cc1,17,15,c,0.03490987420082092,0.2015760838985443
23,NCc1ccc(-c2cncc3ccc(C(N)=O)nc23)cc1,18,15,c,0.041878946125507355,0.1973610818386078
23,NCc1ccc(-c2cncc3ccc(C(N)=O)nc23)cc1,19,17,(,0.012256009504199028,0.09735449403524399
23,NCc1ccc(-c2cncc3ccc(C(N)=O)nc23)cc1,20,16,C,0.03800450637936592,0.2399977743625641
23,NCc1ccc(-c2cncc3ccc(C(N)=O)nc23)cc1,21,17,(,0.18518367409706116,0.7773879170417786
23,NCc1ccc(-c2cncc3ccc(C(N)=O)nc23)cc1,22,23,N,0.008395296521484852,0.06776168197393417
23,NCc1ccc(-c2cncc3ccc(C(N)=O)nc23)cc1,23,18,),0.0007182900444604456,0.009437275119125843
23,NCc1ccc(-c2cncc3ccc(C(N)=O)nc23)cc1,24,22,=,0.0011327712563797832,0.014160813763737679
23,NCc1ccc(-c2cncc3ccc(C(N)=O)nc23)cc1,25,19,O,0.005330967716872692,0.04782705381512642
23,NCc1ccc(-c2cncc3ccc(C(N)=O)nc23)cc1,26,18,),0.0005846052663400769,0.00783093273639679
23,NCc1ccc(-c2cncc3ccc(C(N)=O)nc23)cc1,27,25,n,0.024729305878281593,0.13131088018417358
23,NCc1ccc(-c2cncc3ccc(C(N)=O)nc23)cc1,28,15,c,0.0037919890601187944,0.035190075635910034
23,NCc1ccc(-c2cncc3ccc(C(N)=O)nc23)cc1,29,21,2,0.024183835834264755,0.14801059663295746
23,NCc1ccc(-c2cncc3ccc(C(N)=O)nc23)cc1,30,26,3,0.13503868877887726,0.5045076012611389
23,NCc1ccc(-c2cncc3ccc(C(N)=O)nc23)cc1,31,18,),0.0007389005622826517,0.0096827307716012
23,NCc1ccc(-c2cncc3ccc(C(N)=O)nc23)cc1,32,15,c,0.009707929566502571,0.062202759087085724
23,NCc1ccc(-c2cncc3ccc(C(N)=O)nc23)cc1,33,15,c,0.004549975041300058,0.03471958264708519
23,NCc1ccc(-c2cncc3ccc(C(N)=O)nc23)cc1,34,20,1,0.00481674587354064,0.03858189284801483
23,NCc1ccc(-c2cncc3ccc(C(N)=O)nc23)cc1,35,13,[SEP],0.02698626182973385,0.14814341068267822
24,O=C1NCCc2cc(F)c(O)cc21,0,19,O,0.002667821943759918,0.025939147919416428
24,O=C1NCCc2cc(F)c(O)cc21,1,22,=,0.10271136462688446,0.40139836072921753
24,O=C1NCCc2cc(F)c(O)cc21,2,16,C,0.004272757563740015,0.0405852347612381
24,O=C1NCCc2cc(F)c(O)cc21,3,20,1,0.0038644263986498117,0.03891759365797043
24,O=C1NCCc2cc(F)c(O)cc21,4,23,N,0.017061391845345497,0.12665028870105743
24,O=C1NCCc2cc(F)c(O)cc21,5,16,C,0.0023544065188616514,0.025307264178991318
24,O=C1NCCc2cc(F)c(O)cc21,6,16,C,0.003007174702361226,0.03209501504898071
24,O=C1NCCc2cc(F)c(O)cc21,7,15,c,0.0034035893622785807,0.032879095524549484
24,O=C1NCCc2cc(F)c(O)cc21,8,21,2,0.0009987382218241692,0.0122869573533535
24,O=C1NCCc2cc(F)c(O)cc21,9,15,c,0.0020515199285000563,0.021460305899381638
24,O=C1NCCc2cc(F)c(O)cc21,10,15,c,0.01088984776288271,0.08719835430383682
24,O=C1NCCc2cc(F)c(O)cc21,11,17,(,0.002887556329369545,0.02710428461432457
24,O=C1NCCc2cc(F)c(O)cc21,12,27,F,0.013405716978013515,0.09172774106264114
24,O=C1NCCc2cc(F)c(O)cc21,13,18,),0.0006474665133282542,0.008480786345899105
24,O=C1NCCc2cc(F)c(O)cc21,14,15,c,0.003162853652611375,0.0299352016299963
24,O=C1NCCc2cc(F)c(O)cc21,15,17,(,0.2661932706832886,0.6453297138214111
24,O=C1NCCc2cc(F)c(O)cc21,16,19,O,0.00359115912579,0.036176323890686035
24,O=C1NCCc2cc(F)c(O)cc21,17,18,),0.001845634775236249,0.02177843637764454
24,O=C1NCCc2cc(F)c(O)cc21,18,15,c,0.0011668602237477899,0.01250562071800232
24,O=C1NCCc2cc(F)c(O)cc21,19,15,c,0.0017122009303420782,0.01790287159383297
24,O=C1NCCc2cc(F)c(O)cc21,20,21,2,0.0042593772523105145,0.045195795595645905
24,O=C1NCCc2cc(F)c(O)cc21,21,20,1,0.004611229058355093,0.049701206386089325
24,O=C1NCCc2cc(F)c(O)cc21,22,13,[SEP],0.0193337295204401,0.11017836630344391
25,COCOc1ccc(Br)nc1C(=O)OC,0,16,C,0.0016214224742725492,0.018180951476097107
25,COCOc1ccc(Br)nc1C(=O)OC,1,19,O,0.004886684473603964,0.04752252995967865
25,COCOc1ccc(Br)nc1C(=O)OC,2,16,C,0.21242457628250122,0.813999593257904
25,COCOc1ccc(Br)nc1C(=O)OC,3,19,O,0.050410784780979156,0.3241768181324005
25,COCOc1ccc(Br)nc1C(=O)OC,4,15,c,0.22265882790088654,0.8237888216972351
25,COCOc1ccc(Br)nc1C(=O)OC,5,20,1,0.002665465697646141,0.025778019800782204
25,COCOc1ccc(Br)nc1C(=O)OC,6,15,c,0.443173885345459,0.4743317663669586
25,COCOc1ccc(Br)nc1C(=O)OC,7,15,c,0.5121124982833862,1.065824031829834
25,COCOc1ccc(Br)nc1C(=O)OC,8,15,c,0.019357213750481606,0.13898758590221405
25,COCOc1ccc(Br)nc1C(=O)OC,9,17,(,0.014529122970998287,0.10909275710582733
25,COCOc1ccc(Br)nc1C(=O)OC,10,37,Br,0.4740287959575653,1.2602503299713135
25,COCOc1ccc(Br)nc1C(=O)OC,11,18,),0.0007969247526489198,0.010173098184168339
25,COCOc1ccc(Br)nc1C(=O)OC,12,25,n,0.03154478222131729,0.1686875969171524
25,COCOc1ccc(Br)nc1C(=O)OC,13,15,c,0.04449651017785072,0.2766050398349762
25,COCOc1ccc(Br)nc1C(=O)OC,14,20,1,0.005175424739718437,0.049740247428417206
25,COCOc1ccc(Br)nc1C(=O)OC,15,16,C,0.42190736532211304,1.8290257453918457
25,COCOc1ccc(Br)nc1C(=O)OC,16,22,=,0.2813471555709839,1.0340073108673096
25,COCOc1ccc(Br)nc1C(=O)OC,17,19,O,0.6730281710624695,1.3610769510269165
25,COCOc1ccc(Br)nc1C(=O)OC,18,13,[SEP],0.0002867372240871191,0.004026413429528475
26,O=C(CCS)NC1(C(=O)O)CCCC1,0,19,O,0.07288196682929993,0.32822802662849426
26,O=C(CCS)NC1(C(=O)O)CCCC1,1,22,=,0.0008588655618950725,0.0102924145758152
26,O=C(CCS)NC1(C(=O)O)CCCC1,2,16,C,0.002223372459411621,0.023763416334986687
26,O=C(CCS)NC1(C(=O)O)CCCC1,3,17,(,0.06219642609357834,0.3247852027416229
26,O=C(CCS)NC1(C(=O)O)CCCC1,4,19,O,0.0940004363656044,0.3615199625492096
26,O=C(CCS)NC1(C(=O)O)CCCC1,5,18,),0.002180143492296338,0.024344274774193764
26,O=C(CCS)NC1(C(=O)O)CCCC1,6,16,C,0.0016839097952470183,0.018424788489937782
26,O=C(CCS)NC1(C(=O)O)CCCC1,7,16,C,0.003259293269366026,0.03318722918629646
26,O=C(CCS)NC1(C(=O)O)CCCC1,8,16,C,0.8887121677398682,0.511867880821228
26,O=C(CCS)NC1(C(=O)O)CCCC1,9,16,C,1.126564621925354,0.8231467604637146
26,O=C(CCS)NC1(C(=O)O)CCCC1,10,17,(,0.3599390983581543,1.261209487915039
26,O=C(CCS)NC1(C(=O)O)CCCC1,11,22,=,0.0037896360736340284,0.037807270884513855
26,O=C(CCS)NC1(C(=O)O)CCCC1,12,19,O,0.4459812641143799,0.9481849074363708
26,O=C(CCS)NC1(C(=O)O)CCCC1,13,18,),0.0006149905384518206,0.008135378360748291
26,O=C(CCS)NC1(C(=O)O)CCCC1,14,23,N,0.008371441625058651,0.0745154544711113
26,O=C(CCS)NC1(C(=O)O)CCCC1,15,16,C,0.8380547165870667,1.2017936706542969
26,O=C(CCS)NC1(C(=O)O)CCCC1,16,20,1,0.013138139620423317,0.101068414747715
26,O=C(CCS)NC1(C(=O)O)CCCC1,17,17,(,0.06120120361447334,0.3138260841369629
26,O=C(CCS)NC1(C(=O)O)CCCC1,18,16,C,1.043752670288086,1.2990515232086182
26,O=C(CCS)NC1(C(=O)O)CCCC1,19,18,),0.03417539596557617,0.2396395355463028
26,O=C(CCS)NC1(C(=O)O)CCCC1,20,16,C,0.6582110524177551,1.4082298278808594
26,O=C(CCS)NC1(C(=O)O)CCCC1,21,16,C,0.09116581082344055,0.5760975480079651
26,O=C(CCS)NC1(C(=O)O)CCCC1,22,16,C,1.0445971488952637,0.993615448474884
26,O=C(CCS)NC1(C(=O)O)CCCC1,23,34,S,0.3190390169620514,1.2148079872131348
26,O=C(CCS)NC1(C(=O)O)CCCC1,24,20,1,0.009315730072557926,0.08529940247535706
26,O=C(CCS)NC1(C(=O)O)CCCC1,25,13,[SEP],0.006132388487458229,0.0582866445183754
27,COc1cc2nc(Cl)c(C=O)cc2cc1Cl,0,16,C,0.025002647191286087,0.1463136225938797
27,COc1cc2nc(Cl)c(C=O)cc2cc1Cl,1,19,O,0.00690109608694911,0.061360035091638565
27,COc1cc2nc(Cl)c(C=O)cc2cc1Cl,2,15,c,0.02009231224656105,0.1371299922466278
27,COc1cc2nc(Cl)c(C=O)cc2cc1Cl,3,20,1,0.0011143821757286787,0.01303541474044323
27,COc1cc2nc(Cl)c(C=O)cc2cc1Cl,4,15,c,0.06652964651584625,0.27080094814300537
27,COc1cc2nc(Cl)c(C=O)cc2cc1Cl,5,15,c,0.6812746524810791,0.18393203616142273
27,COc1cc2nc(Cl)c(C=O)cc2cc1Cl,6,21,2,0.24821916222572327,0.723196268081665
27,COc1cc2nc(Cl)c(C=O)cc2cc1Cl,7,15,c,0.4724709093570709,0.4050038754940033
27,COc1cc2nc(Cl)c(C=O)cc2cc1Cl,8,15,c,0.6650350689888,0.41609448194503784
27,COc1cc2nc(Cl)c(C=O)cc2cc1Cl,9,17,(,0.06770212948322296,0.319046288728714
27,COc1cc2nc(Cl)c(C=O)cc2cc1Cl,10,16,C,0.3946160674095154,0.6832113265991211
27,COc1cc2nc(Cl)c(C=O)cc2cc1Cl,11,22,=,0.03347116336226463,0.20210997760295868
27,COc1cc2nc(Cl)c(C=O)cc2cc1Cl,12,19,O,0.007948363199830055,0.07275755703449249
27,COc1cc2nc(Cl)c(C=O)cc2cc1Cl,13,18,),0.0007149371667765081,0.00930783525109291
27,COc1cc2nc(Cl)c(C=O)cc2cc1Cl,14,15,c,0.32298800349235535,0.5501242280006409
27,COc1cc2nc(Cl)c(C=O)cc2cc1Cl,15,17,(,0.527936577796936,0.826647162437439
27,COc1cc2nc(Cl)c(C=O)cc2cc1Cl,16,28,Cl,0.034584276378154755,0.25226467847824097
27,COc1cc2nc(Cl)c(C=O)cc2cc1Cl,17,18,),0.0006836514221504331,0.008893443271517754
27,COc1cc2nc(Cl)c(C=O)cc2cc1Cl,18,25,n,0.16843439638614655,0.4366829991340637
27,COc1cc2nc(Cl)c(C=O)cc2cc1Cl,19,15,c,0.033928416669368744,0.20595446228981018
27,COc1cc2nc(Cl)c(C=O)cc2cc1Cl,20,21,2,0.08330465853214264,0.3563113808631897
27,COc1cc2nc(Cl)c(C=O)cc2cc1Cl,21,15,c,0.05682669207453728,0.275065153837204
27,COc1cc2nc(Cl)c(C=O)cc2cc1Cl,22,25,n,0.6610097885131836,0.30618026852607727
27,COc1cc2nc(Cl)c(C=O)cc2cc1Cl,23,20,1,0.0025138496421277523,0.028090618550777435
27,COc1cc2nc(Cl)c(C=O)cc2cc1Cl,24,13,[SEP],0.02353803813457489,0.15184766054153442
28,CCCCCCc1ccc(-c2ccc(Br)s2)s1,0,16,C,0.0013207999290898442,0.01539340429008007
28,CCCCCCc1ccc(-c2ccc(Br)s2)s1,1,16,C,0.0017961510457098484,0.020365681499242783
28,CCCCCCc1ccc(-c2ccc(Br)s2)s1,2,16,C,0.0023476446513086557,0.024861255660653114
28,CCCCCCc1ccc(-c2ccc(Br)s2)s1,3,16,C,0.003240520367398858,0.030860833823680878
28,CCCCCCc1ccc(-c2ccc(Br)s2)s1,4,16,C,0.008324267342686653,0.06337930262088776
28,CCCCCCc1ccc(-c2ccc(Br)s2)s1,5,16,C,0.5229842662811279,0.4479961395263672
28,CCCCCCc1ccc(-c2ccc(Br)s2)s1,6,15,c,0.035634879022836685,0.20241275429725647
28,CCCCCCc1ccc(-c2ccc(Br)s2)s1,7,20,1,0.0007867921958677471,0.009554587304592133
28,CCCCCCc1ccc(-c2ccc(Br)s2)s1,8,15,c,0.0027930699288845062,0.026492847129702568
28,CCCCCCc1ccc(-c2ccc(Br)s2)s1,9,15,c,0.0043044621124863625,0.038757242262363434
28,CCCCCCc1ccc(-c2ccc(Br)s2)s1,10,15,c,0.2271706461906433,0.5587232708930969
28,CCCCCCc1ccc(-c2ccc(Br)s2)s1,11,17,(,0.011252498254179955,0.08521240204572678
28,CCCCCCc1ccc(-c2ccc(Br)s2)s1,12,31,-,0.49833735823631287,1.2357319593429565
28,CCCCCCc1ccc(-c2ccc(Br)s2)s1,13,15,c,0.03110206127166748,0.19784091413021088
28,CCCCCCc1ccc(-c2ccc(Br)s2)s1,14,21,2,0.0028730719350278378,0.03132809326052666
28,CCCCCCc1ccc(-c2ccc(Br)s2)s1,15,15,c,0.15324963629245758,0.6028749942779541
28,CCCCCCc1ccc(-c2ccc(Br)s2)s1,16,15,c,0.013073839247226715,0.10651782155036926
28,CCCCCCc1ccc(-c2ccc(Br)s2)s1,17,15,c,0.1598213016986847,0.7038215398788452
28,CCCCCCc1ccc(-c2ccc(Br)s2)s1,18,17,(,0.017942097038030624,0.12521980702877045
28,CCCCCCc1ccc(-c2ccc(Br)s2)s1,19,37,Br,0.012390502728521824,0.11348263174295425
28,CCCCCCc1ccc(-c2ccc(Br)s2)s1,20,18,),0.0007899991469457746,0.010121479630470276
28,CCCCCCc1ccc(-c2ccc(Br)s2)s1,21,42,s,0.00262066931463778,0.028653312474489212
28,CCCCCCc1ccc(-c2ccc(Br)s2)s1,22,21,2,0.0017645003972575068,0.019180338829755783
28,CCCCCCc1ccc(-c2ccc(Br)s2)s1,23,18,),0.0011512713972479105,0.01390571054071188
28,CCCCCCc1ccc(-c2ccc(Br)s2)s1,24,42,s,0.08727563172578812,0.4564964473247528
28,CCCCCCc1ccc(-c2ccc(Br)s2)s1,25,20,1,0.00331686157733202,0.03348560258746147
28,CCCCCCc1ccc(-c2ccc(Br)s2)s1,26,13,[SEP],0.00987385492771864,0.07101481407880783
29,CN(CCN(C)C(=O)OC(C)(C)C)Cc1ccnn1C1CCC2(CC1)CC(C)(C)CO2,0,16,C,0.001638086512684822,0.01787300407886505
29,CN(CCN(C)C(=O)OC(C)(C)C)Cc1ccnn1C1CCC2(CC1)CC(C)(C)CO2,1,23,N,0.8443191051483154,1.15626859664917
29,CN(CCN(C)C(=O)OC(C)(C)C)Cc1ccnn1C1CCC2(CC1)CC(C)(C)CO2,2,17,(,0.355067640542984,0.6330261826515198
29,CN(CCN(C)C(=O)OC(C)(C)C)Cc1ccnn1C1CCC2(CC1)CC(C)(C)CO2,3,16,C,0.0036976849660277367,0.034462492913007736
29,CN(CCN(C)C(=O)OC(C)(C)C)Cc1ccnn1C1CCC2(CC1)CC(C)(C)CO2,4,16,C,0.43086880445480347,1.2278554439544678
29,CN(CCN(C)C(=O)OC(C)(C)C)Cc1ccnn1C1CCC2(CC1)CC(C)(C)CO2,5,16,C,1.0817651748657227,1.119568109512329
29,CN(CCN(C)C(=O)OC(C)(C)C)Cc1ccnn1C1CCC2(CC1)CC(C)(C)CO2,6,23,N,0.22399519383907318,0.943595290184021
29,CN(CCN(C)C(=O)OC(C)(C)C)Cc1ccnn1C1CCC2(CC1)CC(C)(C)CO2,7,20,1,0.7448843717575073,0.72048419713974
29,CN(CCN(C)C(=O)OC(C)(C)C)Cc1ccnn1C1CCC2(CC1)CC(C)(C)CO2,8,16,C,0.09561687707901001,0.3914749324321747
29,CN(CCN(C)C(=O)OC(C)(C)C)Cc1ccnn1C1CCC2(CC1)CC(C)(C)CO2,9,16,C,0.3871521055698395,1.218563199043274
29,CN(CCN(C)C(=O)OC(C)(C)C)Cc1ccnn1C1CCC2(CC1)CC(C)(C)CO2,10,16,C,0.4412551820278168,1.4812349081039429
29,CN(CCN(C)C(=O)OC(C)(C)C)Cc1ccnn1C1CCC2(CC1)CC(C)(C)CO2,11,16,C,0.3890511989593506,1.3785648345947266
29,CN(CCN(C)C(=O)OC(C)(C)C)Cc1ccnn1C1CCC2(CC1)CC(C)(C)CO2,12,20,1,0.42026811838150024,1.1973389387130737
29,CN(CCN(C)C(=O)OC(C)(C)C)Cc1ccnn1C1CCC2(CC1)CC(C)(C)CO2,13,18,),0.061352722346782684,0.3681061863899231
29,CN(CCN(C)C(=O)OC(C)(C)C)Cc1ccnn1C1CCC2(CC1)CC(C)(C)CO2,14,16,C,0.05061494559049606,0.29302823543548584
29,CN(CCN(C)C(=O)OC(C)(C)C)Cc1ccnn1C1CCC2(CC1)CC(C)(C)CO2,15,15,c,0.6303977966308594,1.5215373039245605
29,CN(CCN(C)C(=O)OC(C)(C)C)Cc1ccnn1C1CCC2(CC1)CC(C)(C)CO2,16,20,1,0.0010982546955347061,0.012643754482269287
29,CN(CCN(C)C(=O)OC(C)(C)C)Cc1ccnn1C1CCC2(CC1)CC(C)(C)CO2,17,15,c,0.025862863287329674,0.16868703067302704
29,CN(CCN(C)C(=O)OC(C)(C)C)Cc1ccnn1C1CCC2(CC1)CC(C)(C)CO2,18,15,c,0.007156760897487402,0.06272147595882416
29,CN(CCN(C)C(=O)OC(C)(C)C)Cc1ccnn1C1CCC2(CC1)CC(C)(C)CO2,19,25,n,0.017245488241314888,0.12914326786994934
29,CN(CCN(C)C(=O)OC(C)(C)C)Cc1ccnn1C1CCC2(CC1)CC(C)(C)CO2,20,25,n,0.03265906870365143,0.20489712059497833
29,CN(CCN(C)C(=O)OC(C)(C)C)Cc1ccnn1C1CCC2(CC1)CC(C)(C)CO2,21,20,1,0.004370592534542084,0.043910831212997437
29,CN(CCN(C)C(=O)OC(C)(C)C)Cc1ccnn1C1CCC2(CC1)CC(C)(C)CO2,22,16,C,0.25568774342536926,0.8558965921401978
29,CN(CCN(C)C(=O)OC(C)(C)C)Cc1ccnn1C1CCC2(CC1)CC(C)(C)CO2,23,20,1,0.2373533397912979,0.9052081108093262
29,CN(CCN(C)C(=O)OC(C)(C)C)Cc1ccnn1C1CCC2(CC1)CC(C)(C)CO2,24,19,O,1.0620092153549194,0.7647237777709961
29,CN(CCN(C)C(=O)OC(C)(C)C)Cc1ccnn1C1CCC2(CC1)CC(C)(C)CO2,25,16,C,0.11727968603372574,0.6043068170547485
29,CN(CCN(C)C(=O)OC(C)(C)C)Cc1ccnn1C1CCC2(CC1)CC(C)(C)CO2,26,16,C,0.9404695630073547,1.4231799840927124
29,CN(CCN(C)C(=O)OC(C)(C)C)Cc1ccnn1C1CCC2(CC1)CC(C)(C)CO2,27,17,(,0.7245761752128601,0.9336041212081909
29,CN(CCN(C)C(=O)OC(C)(C)C)Cc1ccnn1C1CCC2(CC1)CC(C)(C)CO2,28,16,C,0.04674973711371422,0.2549861669540405
29,CN(CCN(C)C(=O)OC(C)(C)C)Cc1ccnn1C1CCC2(CC1)CC(C)(C)CO2,29,18,),0.05085810646414757,0.3274892568588257
29,CN(CCN(C)C(=O)OC(C)(C)C)Cc1ccnn1C1CCC2(CC1)CC(C)(C)CO2,30,17,(,0.0023852474987506866,0.023267965763807297
29,CN(CCN(C)C(=O)OC(C)(C)C)Cc1ccnn1C1CCC2(CC1)CC(C)(C)CO2,31,16,C,0.008022314868867397,0.06087558716535568
29,CN(CCN(C)C(=O)OC(C)(C)C)Cc1ccnn1C1CCC2(CC1)CC(C)(C)CO2,32,18,),0.004123653285205364,0.04064362868666649
29,CN(CCN(C)C(=O)OC(C)(C)C)Cc1ccnn1C1CCC2(CC1)CC(C)(C)CO2,33,16,C,0.576533317565918,0.8880130648612976
29,CN(CCN(C)C(=O)OC(C)(C)C)Cc1ccnn1C1CCC2(CC1)CC(C)(C)CO2,34,19,O,0.8938836455345154,1.4433711767196655
29,CN(CCN(C)C(=O)OC(C)(C)C)Cc1ccnn1C1CCC2(CC1)CC(C)(C)CO2,35,20,1,0.055555105209350586,0.27123400568962097
29,CN(CCN(C)C(=O)OC(C)(C)C)Cc1ccnn1C1CCC2(CC1)CC(C)(C)CO2,36,18,),0.724193811416626,0.43211984634399414
29,CN(CCN(C)C(=O)OC(C)(C)C)Cc1ccnn1C1CCC2(CC1)CC(C)(C)CO2,37,16,C,0.39335671067237854,0.8405521512031555
29,CN(CCN(C)C(=O)OC(C)(C)C)Cc1ccnn1C1CCC2(CC1)CC(C)(C)CO2,38,16,C,0.14531968533992767,0.6411780118942261
29,CN(CCN(C)C(=O)OC(C)(C)C)Cc1ccnn1C1CCC2(CC1)CC(C)(C)CO2,39,17,(,0.08630877733230591,0.42799457907676697
29,CN(CCN(C)C(=O)OC(C)(C)C)Cc1ccnn1C1CCC2(CC1)CC(C)(C)CO2,40,16,C,0.00919534545391798,0.07263247668743134
29,CN(CCN(C)C(=O)OC(C)(C)C)Cc1ccnn1C1CCC2(CC1)CC(C)(C)CO2,41,18,),0.0012502383906394243,0.015107972547411919
29,CN(CCN(C)C(=O)OC(C)(C)C)Cc1ccnn1C1CCC2(CC1)CC(C)(C)CO2,42,17,(,0.0030132587999105453,0.03025268390774727
29,CN(CCN(C)C(=O)OC(C)(C)C)Cc1ccnn1C1CCC2(CC1)CC(C)(C)CO2,43,16,C,0.002285545226186514,0.023233380168676376
29,CN(CCN(C)C(=O)OC(C)(C)C)Cc1ccnn1C1CCC2(CC1)CC(C)(C)CO2,44,18,),0.0013326499611139297,0.015463109128177166
29,CN(CCN(C)C(=O)OC(C)(C)C)Cc1ccnn1C1CCC2(CC1)CC(C)(C)CO2,45,19,O,0.5057629942893982,0.6293172836303711
29,CN(CCN(C)C(=O)OC(C)(C)C)Cc1ccnn1C1CCC2(CC1)CC(C)(C)CO2,46,20,1,0.7931839823722839,0.565478503704071
29,CN(CCN(C)C(=O)OC(C)(C)C)Cc1ccnn1C1CCC2(CC1)CC(C)(C)CO2,47,13,[SEP],0.0007661255076527596,0.00925322063267231
30,COCCCOc1cc(Br)ccc1OCCCOCc1ccccc1,0,16,C,0.003992707934230566,0.03965257853269577
30,COCCCOc1cc(Br)ccc1OCCCOCc1ccccc1,1,19,O,0.003460697131231427,0.036433227360248566
30,COCCCOc1cc(Br)ccc1OCCCOCc1ccccc1,2,16,C,0.003989148419350386,0.03984776511788368
30,COCCCOc1cc(Br)ccc1OCCCOCc1ccccc1,3,16,C,0.022617269307374954,0.13132740557193756
30,COCCCOc1cc(Br)ccc1OCCCOCc1ccccc1,4,16,C,0.2726730406284332,0.762313187122345
30,COCCCOc1cc(Br)ccc1OCCCOCc1ccccc1,5,19,O,0.022487197071313858,0.16722610592842102
30,COCCCOc1cc(Br)ccc1OCCCOCc1ccccc1,6,16,C,0.5874966979026794,0.2772652804851532
30,COCCCOc1cc(Br)ccc1OCCCOCc1ccccc1,7,16,C,0.7239029407501221,0.19566361606121063
30,COCCCOc1cc(Br)ccc1OCCCOCc1ccccc1,8,19,O,0.5793821215629578,0.7247744798660278
30,COCCCOc1cc(Br)ccc1OCCCOCc1ccccc1,9,15,c,0.0362258180975914,0.1697906106710434
30,COCCCOc1cc(Br)ccc1OCCCOCc1ccccc1,10,20,1,0.0009977917652577162,0.011564038693904877
30,COCCCOc1cc(Br)ccc1OCCCOCc1ccccc1,11,15,c,0.0013918193290010095,0.01488417387008667
30,COCCCOc1cc(Br)ccc1OCCCOCc1ccccc1,12,15,c,0.0016513443551957607,0.016138726845383644
30,COCCCOc1cc(Br)ccc1OCCCOCc1ccccc1,13,15,c,0.15444254875183105,0.3991559147834778
30,COCCCOc1cc(Br)ccc1OCCCOCc1ccccc1,14,15,c,0.7029088139533997,0.09619701653718948
30,COCCCOc1cc(Br)ccc1OCCCOCc1ccccc1,15,15,c,0.00741198007017374,0.05356243997812271
30,COCCCOc1cc(Br)ccc1OCCCOCc1ccccc1,16,20,1,0.0009447797201573849,0.01191859319806099
30,COCCCOc1cc(Br)ccc1OCCCOCc1ccccc1,17,16,C,0.2109682410955429,1.0107351541519165
30,COCCCOc1cc(Br)ccc1OCCCOCc1ccccc1,18,22,=,1.744399070739746,1.4330066442489624
30,COCCCOc1cc(Br)ccc1OCCCOCc1ccccc1,19,16,C,0.011152438819408417,0.09329864382743835
30,COCCCOc1cc(Br)ccc1OCCCOCc1ccccc1,20,37,Br,1.0182989835739136,1.1762803792953491
30,COCCCOc1cc(Br)ccc1OCCCOCc1ccccc1,21,13,[SEP],0.0013329904759302735,0.014982646331191063
31,COC(=O)c1ccc2c(c1)[nH]c1cc[nH]c(=O)c12,0,16,C,0.002694798866286874,0.026500029489398003
31,COC(=O)c1ccc2c(c1)[nH]c1cc[nH]c(=O)c12,1,19,O,0.004124402534216642,0.04099496454000473
31,COC(=O)c1ccc2c(c1)[nH]c1cc[nH]c(=O)c12,2,16,C,0.05567263811826706,0.27263423800468445
31,COC(=O)c1ccc2c(c1)[nH]c1cc[nH]c(=O)c12,3,17,(,0.002426951890811324,0.023754945024847984
31,COC(=O)c1ccc2c(c1)[nH]c1cc[nH]c(=O)c12,4,22,=,0.000921109167393297,0.011459879577159882
31,COC(=O)c1ccc2c(c1)[nH]c1cc[nH]c(=O)c12,5,19,O,0.002248400589451194,0.021948937326669693
31,COC(=O)c1ccc2c(c1)[nH]c1cc[nH]c(=O)c12,6,18,),0.0005863983533345163,0.007796190213412046
31,COC(=O)c1ccc2c(c1)[nH]c1cc[nH]c(=O)c12,7,15,c,0.0028034504503011703,0.026784280315041542
31,COC(=O)c1ccc2c(c1)[nH]c1cc[nH]c(=O)c12,8,20,1,0.0007724598981440067,0.009661927819252014
31,COC(=O)c1ccc2c(c1)[nH]c1cc[nH]c(=O)c12,9,15,c,0.001788184279575944,0.019172199070453644
31,COC(=O)c1ccc2c(c1)[nH]c1cc[nH]c(=O)c12,10,15,c,0.013493239879608154,0.09190969169139862
31,COC(=O)c1ccc2c(c1)[nH]c1cc[nH]c(=O)c12,11,15,c,0.007592780981212854,0.05993470922112465
31,COC(=O)c1ccc2c(c1)[nH]c1cc[nH]c(=O)c12,12,21,2,0.02612394280731678,0.17526665329933167
31,COC(=O)c1ccc2c(c1)[nH]c1cc[nH]c(=O)c12,13,15,c,0.05846336483955383,0.2582901120185852
31,COC(=O)c1ccc2c(c1)[nH]c1cc[nH]c(=O)c12,14,17,(,0.07793813943862915,0.40230894088745117
31,COC(=O)c1ccc2c(c1)[nH]c1cc[nH]c(=O)c12,15,15,c,0.43440869450569153,1.1177898645401
31,COC(=O)c1ccc2c(c1)[nH]c1cc[nH]c(=O)c12,16,20,1,0.015636596828699112,0.12272483110427856
31,COC(=O)c1ccc2c(c1)[nH]c1cc[nH]c(=O)c12,17,18,),0.0014441945822909474,0.01700856350362301
31,COC(=O)c1ccc2c(c1)[nH]c1cc[nH]c(=O)c12,18,16,C,1.2483326196670532,1.1811217069625854
31,COC(=O)c1ccc2c(c1)[nH]c1cc[nH]c(=O)c12,19,22,=,0.14708854258060455,0.6769218444824219
31,COC(=O)c1ccc2c(c1)[nH]c1cc[nH]c(=O)c12,20,16,C,0.031934697180986404,0.18982470035552979
31,COC(=O)c1ccc2c(c1)[nH]c1cc[nH]c(=O)c12,21,23,N,1.471144437789917,1.3285497426986694
31,COC(=O)c1ccc2c(c1)[nH]c1cc[nH]c(=O)c12,22,16,C,0.27576205134391785,1.053633451461792
31,COC(=O)c1ccc2c(c1)[nH]c1cc[nH]c(=O)c12,23,21,2,0.7012135982513428,0.5327373147010803
31,COC(=O)c1ccc2c(c1)[nH]c1cc[nH]c(=O)c12,24,22,=,0.09196683764457703,0.5396149158477783
31,COC(=O)c1ccc2c(c1)[nH]c1cc[nH]c(=O)c12,25,19,O,0.40396010875701904,0.9342312216758728
31,COC(=O)c1ccc2c(c1)[nH]c1cc[nH]c(=O)c12,26,13,[SEP],0.11434751003980637,0.3479597568511963
32,CN1CC2(CCN(Cc3ccc(C(=O)O)cc3)CC2)c2ccccc21,0,16,C,0.22476498782634735,0.4968380630016327
32,CN1CC2(CCN(Cc3ccc(C(=O)O)cc3)CC2)c2ccccc21,1,23,N,0.03269404545426369,0.20162801444530487
32,CN1CC2(CCN(Cc3ccc(C(=O)O)cc3)CC2)c2ccccc21,2,20,1,0.23954865336418152,0.6455321907997131
32,CN1CC2(CCN(Cc3ccc(C(=O)O)cc3)CC2)c2ccccc21,3,16,C,0.7220455408096313,0.1800796389579773
32,CN1CC2(CCN(Cc3ccc(C(=O)O)cc3)CC2)c2ccccc21,4,16,C,0.6335595846176147,0.6780142188072205
32,CN1CC2(CCN(Cc3ccc(C(=O)O)cc3)CC2)c2ccccc21,5,16,C,0.7871198058128357,0.5681186318397522
32,CN1CC2(CCN(Cc3ccc(C(=O)O)cc3)CC2)c2ccccc21,6,21,2,0.1997028887271881,0.536420464515686
32,CN1CC2(CCN(Cc3ccc(C(=O)O)cc3)CC2)c2ccccc21,7,17,(,0.0025430121459066868,0.025973323732614517
32,CN1CC2(CCN(Cc3ccc(C(=O)O)cc3)CC2)c2ccccc21,8,16,C,0.002993455622345209,0.02911250852048397
32,CN1CC2(CCN(Cc3ccc(C(=O)O)cc3)CC2)c2ccccc21,9,16,C,0.002550983801484108,0.026023145765066147
32,CN1CC2(CCN(Cc3ccc(C(=O)O)cc3)CC2)c2ccccc21,10,20,1,0.03522789478302002,0.2016298919916153
32,CN1CC2(CCN(Cc3ccc(C(=O)O)cc3)CC2)c2ccccc21,11,18,),0.0008538654074072838,0.01061144657433033
32,CN1CC2(CCN(Cc3ccc(C(=O)O)cc3)CC2)c2ccccc21,12,16,C,0.2838640809059143,0.512789785861969
32,CN1CC2(CCN(Cc3ccc(C(=O)O)cc3)CC2)c2ccccc21,13,23,N,0.8587494492530823,0.5478817224502563
32,CN1CC2(CCN(Cc3ccc(C(=O)O)cc3)CC2)c2ccccc21,14,17,(,0.03676950931549072,0.22599641978740692
32,CN1CC2(CCN(Cc3ccc(C(=O)O)cc3)CC2)c2ccccc21,15,16,C,0.036432310938835144,0.1854161024093628
32,CN1CC2(CCN(Cc3ccc(C(=O)O)cc3)CC2)c2ccccc21,16,15,c,0.04463840276002884,0.24674566090106964
32,CN1CC2(CCN(Cc3ccc(C(=O)O)cc3)CC2)c2ccccc21,17,20,1,0.0011213318211957812,0.013599423691630363
32,CN1CC2(CCN(Cc3ccc(C(=O)O)cc3)CC2)c2ccccc21,18,15,c,0.0009549956885166466,0.010663053952157497
32,CN1CC2(CCN(Cc3ccc(C(=O)O)cc3)CC2)c2ccccc21,19,15,c,0.0010584895499050617,0.012294372543692589
32,CN1CC2(CCN(Cc3ccc(C(=O)O)cc3)CC2)c2ccccc21,20,15,c,0.0018731564050540328,0.02001403644680977
32,CN1CC2(CCN(Cc3ccc(C(=O)O)cc3)CC2)c2ccccc21,21,17,(,0.23685044050216675,0.4769960641860962
32,CN1CC2(CCN(Cc3ccc(C(=O)O)cc3)CC2)c2ccccc21,22,16,C,0.012281106784939766,0.09635607898235321
32,CN1CC2(CCN(Cc3ccc(C(=O)O)cc3)CC2)c2ccccc21,23,17,(,0.007626358885318041,0.05842847749590874
32,CN1CC2(CCN(Cc3ccc(C(=O)O)cc3)CC2)c2ccccc21,24,22,=,0.0011736353626474738,0.014209097251296043
32,CN1CC2(CCN(Cc3ccc(C(=O)O)cc3)CC2)c2ccccc21,25,19,O,0.002091524889692664,0.022080816328525543
32,CN1CC2(CCN(Cc3ccc(C(=O)O)cc3)CC2)c2ccccc21,26,18,),0.0005140298744663596,0.006902763620018959
32,CN1CC2(CCN(Cc3ccc(C(=O)O)cc3)CC2)c2ccccc21,27,19,O,0.0015008433256298304,0.017190825194120407
32,CN1CC2(CCN(Cc3ccc(C(=O)O)cc3)CC2)c2ccccc21,28,18,),0.001026261830702424,0.012999333441257477
32,CN1CC2(CCN(Cc3ccc(C(=O)O)cc3)CC2)c2ccccc21,29,15,c,0.0007238584803417325,0.008197750896215439
32,CN1CC2(CCN(Cc3ccc(C(=O)O)cc3)CC2)c2ccccc21,30,15,c,0.0007605800637975335,0.00871103722602129
32,CN1CC2(CCN(Cc3ccc(C(=O)O)cc3)CC2)c2ccccc21,31,20,1,0.002791250590234995,0.026550021022558212
32,CN1CC2(CCN(Cc3ccc(C(=O)O)cc3)CC2)c2ccccc21,32,18,),0.0008384343818761408,0.010583911091089249
32,CN1CC2(CCN(Cc3ccc(C(=O)O)cc3)CC2)c2ccccc21,33,16,C,0.664269208908081,0.15018752217292786
32,CN1CC2(CCN(Cc3ccc(C(=O)O)cc3)CC2)c2ccccc21,34,15,c,0.6798481345176697,0.8300656676292419
32,CN1CC2(CCN(Cc3ccc(C(=O)O)cc3)CC2)c2ccccc21,35,20,1,0.0016504018567502499,0.017590973526239395
32,CN1CC2(CCN(Cc3ccc(C(=O)O)cc3)CC2)c2ccccc21,36,15,c,0.0015583618078380823,0.016879631206393242
32,CN1CC2(CCN(Cc3ccc(C(=O)O)cc3)CC2)c2ccccc21,37,15,c,0.001217338372953236,0.013075592927634716
32,CN1CC2(CCN(Cc3ccc(C(=O)O)cc3)CC2)c2ccccc21,38,15,c,0.0010988495778292418,0.012275655753910542
32,CN1CC2(CCN(Cc3ccc(C(=O)O)cc3)CC2)c2ccccc21,39,15,c,0.0011912224581465125,0.012593768537044525
32,CN1CC2(CCN(Cc3ccc(C(=O)O)cc3)CC2)c2ccccc21,40,15,c,0.00252890563569963,0.022225387394428253
32,CN1CC2(CCN(Cc3ccc(C(=O)O)cc3)CC2)c2ccccc21,41,20,1,0.030070723965764046,0.19159835577011108
32,CN1CC2(CCN(Cc3ccc(C(=O)O)cc3)CC2)c2ccccc21,42,21,2,0.016411401331424713,0.14224189519882202
32,CN1CC2(CCN(Cc3ccc(C(=O)O)cc3)CC2)c2ccccc21,43,13,[SEP],0.0028947123792022467,0.0274125337600708
33,NC(=O)c1cc(F)cc2c1C(=O)N(C1CCN(C3CCC(F)(F)CC3)CC1)C2,0,19,O,0.15136921405792236,0.5087890028953552
33,NC(=O)c1cc(F)cc2c1C(=O)N(C1CCN(C3CCC(F)(F)CC3)CC1)C2,1,22,=,0.0027066075708717108,0.026789458468556404
33,NC(=O)c1cc(F)cc2c1C(=O)N(C1CCN(C3CCC(F)(F)CC3)CC1)C2,2,16,C,0.0022165351547300816,0.022579843178391457
33,NC(=O)c1cc(F)cc2c1C(=O)N(C1CCN(C3CCC(F)(F)CC3)CC1)C2,3,17,(,0.6724396347999573,0.16545370221138
33,NC(=O)c1cc(F)cc2c1C(=O)N(C1CCN(C3CCC(F)(F)CC3)CC1)C2,4,15,c,0.7953534722328186,0.9026677012443542
33,NC(=O)c1cc(F)cc2c1C(=O)N(C1CCN(C3CCC(F)(F)CC3)CC1)C2,5,20,1,0.010867918841540813,0.08918473869562149
33,NC(=O)c1cc(F)cc2c1C(=O)N(C1CCN(C3CCC(F)(F)CC3)CC1)C2,6,15,c,0.003532100236043334,0.03203059360384941
33,NC(=O)c1cc(F)cc2c1C(=O)N(C1CCN(C3CCC(F)(F)CC3)CC1)C2,7,15,c,0.004327472764998674,0.03957527130842209
33,NC(=O)c1cc(F)cc2c1C(=O)N(C1CCN(C3CCC(F)(F)CC3)CC1)C2,8,17,(,0.010092280805110931,0.07938642799854279
33,NC(=O)c1cc(F)cc2c1C(=O)N(C1CCN(C3CCC(F)(F)CC3)CC1)C2,9,27,F,0.015384453348815441,0.10972782969474792
33,NC(=O)c1cc(F)cc2c1C(=O)N(C1CCN(C3CCC(F)(F)CC3)CC1)C2,10,18,),0.0005600904696621001,0.007370522245764732
33,NC(=O)c1cc(F)cc2c1C(=O)N(C1CCN(C3CCC(F)(F)CC3)CC1)C2,11,15,c,0.03520087152719498,0.2013334035873413
33,NC(=O)c1cc(F)cc2c1C(=O)N(C1CCN(C3CCC(F)(F)CC3)CC1)C2,12,15,c,0.3915970027446747,0.8603849411010742
33,NC(=O)c1cc(F)cc2c1C(=O)N(C1CCN(C3CCC(F)(F)CC3)CC1)C2,13,21,2,0.48329606652259827,0.5933655500411987
33,NC(=O)c1cc(F)cc2c1C(=O)N(C1CCN(C3CCC(F)(F)CC3)CC1)C2,14,15,c,0.13752487301826477,0.44970837235450745
33,NC(=O)c1cc(F)cc2c1C(=O)N(C1CCN(C3CCC(F)(F)CC3)CC1)C2,15,20,1,0.007466854527592659,0.06205293536186218
33,NC(=O)c1cc(F)cc2c1C(=O)N(C1CCN(C3CCC(F)(F)CC3)CC1)C2,16,16,C,0.807773232460022,1.8170677423477173
33,NC(=O)c1cc(F)cc2c1C(=O)N(C1CCN(C3CCC(F)(F)CC3)CC1)C2,17,16,C,0.29444369673728943,1.0981292724609375
33,NC(=O)c1cc(F)cc2c1C(=O)N(C1CCN(C3CCC(F)(F)CC3)CC1)C2,18,16,C,0.06600576639175415,0.3529050946235657
33,NC(=O)c1cc(F)cc2c1C(=O)N(C1CCN(C3CCC(F)(F)CC3)CC1)C2,19,16,C,0.6967765688896179,0.9766474962234497
33,NC(=O)c1cc(F)cc2c1C(=O)N(C1CCN(C3CCC(F)(F)CC3)CC1)C2,20,16,C,1.0563489198684692,0.840363085269928
33,NC(=O)c1cc(F)cc2c1C(=O)N(C1CCN(C3CCC(F)(F)CC3)CC1)C2,21,21,2,0.9360952377319336,1.2217339277267456
33,NC(=O)c1cc(F)cc2c1C(=O)N(C1CCN(C3CCC(F)(F)CC3)CC1)C2,22,18,),0.1762038916349411,0.7860257625579834
33,NC(=O)c1cc(F)cc2c1C(=O)N(C1CCN(C3CCC(F)(F)CC3)CC1)C2,23,23,N,0.010624317452311516,0.09725828468799591
33,NC(=O)c1cc(F)cc2c1C(=O)N(C1CCN(C3CCC(F)(F)CC3)CC1)C2,24,20,1,0.3961424231529236,0.5903040170669556
33,NC(=O)c1cc(F)cc2c1C(=O)N(C1CCN(C3CCC(F)(F)CC3)CC1)C2,25,16,C,0.004963728599250317,0.04668609797954559
33,NC(=O)c1cc(F)cc2c1C(=O)N(C1CCN(C3CCC(F)(F)CC3)CC1)C2,26,16,C,0.07621807605028152,0.43204599618911743
33,NC(=O)c1cc(F)cc2c1C(=O)N(C1CCN(C3CCC(F)(F)CC3)CC1)C2,27,16,C,0.04075140506029129,0.22054387629032135
33,NC(=O)c1cc(F)cc2c1C(=O)N(C1CCN(C3CCC(F)(F)CC3)CC1)C2,28,17,(,0.43453341722488403,1.036263108253479
33,NC(=O)c1cc(F)cc2c1C(=O)N(C1CCN(C3CCC(F)(F)CC3)CC1)C2,29,23,N,0.04491104185581207,0.27506840229034424
33,NC(=O)c1cc(F)cc2c1C(=O)N(C1CCN(C3CCC(F)(F)CC3)CC1)C2,30,21,2,0.6186565160751343,1.0688098669052124
33,NC(=O)c1cc(F)cc2c1C(=O)N(C1CCN(C3CCC(F)(F)CC3)CC1)C2,31,16,C,0.01097959466278553,0.08541733771562576
33,NC(=O)c1cc(F)cc2c1C(=O)N(C1CCN(C3CCC(F)(F)CC3)CC1)C2,32,16,C,0.14642594754695892,0.5264263153076172
33,NC(=O)c1cc(F)cc2c1C(=O)N(C1CCN(C3CCC(F)(F)CC3)CC1)C2,33,16,C,0.08422848582267761,0.3393474519252777
33,NC(=O)c1cc(F)cc2c1C(=O)N(C1CCN(C3CCC(F)(F)CC3)CC1)C2,34,16,C,0.7997402548789978,0.5070878267288208
33,NC(=O)c1cc(F)cc2c1C(=O)N(C1CCN(C3CCC(F)(F)CC3)CC1)C2,35,21,2,0.10263120383024216,0.4733984172344208
33,NC(=O)c1cc(F)cc2c1C(=O)N(C1CCN(C3CCC(F)(F)CC3)CC1)C2,36,18,),0.2629571259021759,0.820228099822998
33,NC(=O)c1cc(F)cc2c1C(=O)N(C1CCN(C3CCC(F)(F)CC3)CC1)C2,37,16,C,0.13181857764720917,0.5779708027839661
33,NC(=O)c1cc(F)cc2c1C(=O)N(C1CCN(C3CCC(F)(F)CC3)CC1)C2,38,20,1,0.11713378876447678,0.47277843952178955
33,NC(=O)c1cc(F)cc2c1C(=O)N(C1CCN(C3CCC(F)(F)CC3)CC1)C2,39,22,=,0.036278147250413895,0.2023323029279709
33,NC(=O)c1cc(F)cc2c1C(=O)N(C1CCN(C3CCC(F)(F)CC3)CC1)C2,40,23,N,0.251779168844223,0.5528467893600464
33,NC(=O)c1cc(F)cc2c1C(=O)N(C1CCN(C3CCC(F)(F)CC3)CC1)C2,41,16,C,0.7862293720245361,1.819915771484375
33,NC(=O)c1cc(F)cc2c1C(=O)N(C1CCN(C3CCC(F)(F)CC3)CC1)C2,42,17,(,0.4220385253429413,1.0593571662902832
33,NC(=O)c1cc(F)cc2c1C(=O)N(C1CCN(C3CCC(F)(F)CC3)CC1)C2,43,27,F,0.7707825899124146,0.43458402156829834
33,NC(=O)c1cc(F)cc2c1C(=O)N(C1CCN(C3CCC(F)(F)CC3)CC1)C2,44,18,),0.000551902805455029,0.007347682490944862
33,NC(=O)c1cc(F)cc2c1C(=O)N(C1CCN(C3CCC(F)(F)CC3)CC1)C2,45,17,(,0.07802637666463852,0.42138031125068665
33,NC(=O)c1cc(F)cc2c1C(=O)N(C1CCN(C3CCC(F)(F)CC3)CC1)C2,46,27,F,0.0019249978940933943,0.022892098873853683
33,NC(=O)c1cc(F)cc2c1C(=O)N(C1CCN(C3CCC(F)(F)CC3)CC1)C2,47,18,),0.000752844731323421,0.009465406648814678
33,NC(=O)c1cc(F)cc2c1C(=O)N(C1CCN(C3CCC(F)(F)CC3)CC1)C2,48,27,F,1.5318374633789062,1.35919189453125
33,NC(=O)c1cc(F)cc2c1C(=O)N(C1CCN(C3CCC(F)(F)CC3)CC1)C2,49,13,[SEP],0.001609161146916449,0.0154179772362113
34,NCc1ccc(-c2cnc(N)c(C(=O)Nc3ccncc3)c2)cc1,0,23,N,0.021338915452361107,0.13429883122444153
34,NCc1ccc(-c2cnc(N)c(C(=O)Nc3ccncc3)c2)cc1,1,16,C,0.06075216084718704,0.33724525570869446
34,NCc1ccc(-c2cnc(N)c(C(=O)Nc3ccncc3)c2)cc1,2,15,c,0.009423931129276752,0.074918732047081
34,NCc1ccc(-c2cnc(N)c(C(=O)Nc3ccncc3)c2)cc1,3,20,1,0.001366733224131167,0.015437140129506588
34,NCc1ccc(-c2cnc(N)c(C(=O)Nc3ccncc3)c2)cc1,4,15,c,0.0017804737435653806,0.017679184675216675
34,NCc1ccc(-c2cnc(N)c(C(=O)Nc3ccncc3)c2)cc1,5,15,c,0.03118251822888851,0.15296334028244019
34,NCc1ccc(-c2cnc(N)c(C(=O)Nc3ccncc3)c2)cc1,6,15,c,0.012161687016487122,0.08708266168832779
34,NCc1ccc(-c2cnc(N)c(C(=O)Nc3ccncc3)c2)cc1,7,17,(,0.057860687375068665,0.2454526573419571
34,NCc1ccc(-c2cnc(N)c(C(=O)Nc3ccncc3)c2)cc1,8,31,-,0.9904361963272095,0.4493923485279083
34,NCc1ccc(-c2cnc(N)c(C(=O)Nc3ccncc3)c2)cc1,9,15,c,0.0017608179477974772,0.017174692824482918
34,NCc1ccc(-c2cnc(N)c(C(=O)Nc3ccncc3)c2)cc1,10,21,2,0.001447635586373508,0.017017681151628494
34,NCc1ccc(-c2cnc(N)c(C(=O)Nc3ccncc3)c2)cc1,11,15,c,0.031761083751916885,0.1650111824274063
34,NCc1ccc(-c2cnc(N)c(C(=O)Nc3ccncc3)c2)cc1,12,25,n,0.40177619457244873,0.5344415903091431
34,NCc1ccc(-c2cnc(N)c(C(=O)Nc3ccncc3)c2)cc1,13,15,c,0.009399971924722195,0.0728505402803421
34,NCc1ccc(-c2cnc(N)c(C(=O)Nc3ccncc3)c2)cc1,14,15,c,0.8178567886352539,0.5514447093009949
34,NCc1ccc(-c2cnc(N)c(C(=O)Nc3ccncc3)c2)cc1,15,17,(,0.4215278923511505,1.0296027660369873
34,NCc1ccc(-c2cnc(N)c(C(=O)Nc3ccncc3)c2)cc1,16,23,N,0.6651626825332642,0.3369099497795105
34,NCc1ccc(-c2cnc(N)c(C(=O)Nc3ccncc3)c2)cc1,17,16,C,0.04464112967252731,0.25678330659866333
34,NCc1ccc(-c2cnc(N)c(C(=O)Nc3ccncc3)c2)cc1,18,17,(,0.019844697788357735,0.1244271770119667
34,NCc1ccc(-c2cnc(N)c(C(=O)Nc3ccncc3)c2)cc1,19,22,=,0.5226535201072693,0.47608473896980286
34,NCc1ccc(-c2cnc(N)c(C(=O)Nc3ccncc3)c2)cc1,20,19,O,0.003633399261161685,0.03382911533117294
34,NCc1ccc(-c2cnc(N)c(C(=O)Nc3ccncc3)c2)cc1,21,18,),0.0005136169493198395,0.006940922699868679
34,NCc1ccc(-c2cnc(N)c(C(=O)Nc3ccncc3)c2)cc1,22,23,N,0.4055579900741577,0.9094046950340271
34,NCc1ccc(-c2cnc(N)c(C(=O)Nc3ccncc3)c2)cc1,23,18,),0.7592781186103821,1.9560086727142334
34,NCc1ccc(-c2cnc(N)c(C(=O)Nc3ccncc3)c2)cc1,24,25,n,0.0653461217880249,0.24738571047782898
34,NCc1ccc(-c2cnc(N)c(C(=O)Nc3ccncc3)c2)cc1,25,21,2,0.0008421435486525297,0.010169120505452156
34,NCc1ccc(-c2cnc(N)c(C(=O)Nc3ccncc3)c2)cc1,26,18,),0.0007962299860082567,0.010195204056799412
34,NCc1ccc(-c2cnc(N)c(C(=O)Nc3ccncc3)c2)cc1,27,15,c,0.0007524412940256298,0.009179624728858471
34,NCc1ccc(-c2cnc(N)c(C(=O)Nc3ccncc3)c2)cc1,28,15,c,0.0018494491232559085,0.0189773291349411
34,NCc1ccc(-c2cnc(N)c(C(=O)Nc3ccncc3)c2)cc1,29,20,1,0.0012178889010101557,0.013690984807908535
34,NCc1ccc(-c2cnc(N)c(C(=O)Nc3ccncc3)c2)cc1,30,13,[SEP],0.25230929255485535,0.5000516772270203
35,CC1(C=O)OCc2ccccc2-n2cccc21,0,16,C,0.0015747685683891177,0.017647061496973038
35,CC1(C=O)OCc2ccccc2-n2cccc21,1,16,C,0.1305813491344452,0.6345973014831543
35,CC1(C=O)OCc2ccccc2-n2cccc21,2,20,1,0.09191413968801498,0.3444971740245819
35,CC1(C=O)OCc2ccccc2-n2cccc21,3,17,(,0.13941089808940887,0.44437775015830994
35,CC1(C=O)OCc2ccccc2-n2cccc21,4,16,C,0.7144035696983337,1.2445323467254639
35,CC1(C=O)OCc2ccccc2-n2cccc21,5,22,=,0.05175105854868889,0.3180302381515503
35,CC1(C=O)OCc2ccccc2-n2cccc21,6,19,O,0.0033657969906926155,0.03329396992921829
35,CC1(C=O)OCc2ccccc2-n2cccc21,7,18,),0.0008028725278563797,0.010122262872755527
35,CC1(C=O)OCc2ccccc2-n2cccc21,8,19,O,0.48172464966773987,0.9738012552261353
35,CC1(C=O)OCc2ccccc2-n2cccc21,9,16,C,0.01716034486889839,0.14176984131336212
35,CC1(C=O)OCc2ccccc2-n2cccc21,10,15,c,0.08492734283208847,0.4272753894329071
35,CC1(C=O)OCc2ccccc2-n2cccc21,11,21,2,0.0008160322904586792,0.010349763557314873
35,CC1(C=O)OCc2ccccc2-n2cccc21,12,15,c,0.003975735045969486,0.03492290526628494
35,CC1(C=O)OCc2ccccc2-n2cccc21,13,25,n,0.7303323745727539,0.22802381217479706
35,CC1(C=O)OCc2ccccc2-n2cccc21,14,15,c,0.9092209339141846,0.6689057946205139
35,CC1(C=O)OCc2ccccc2-n2cccc21,15,25,n,0.6646414995193481,0.7815728187561035
35,CC1(C=O)OCc2ccccc2-n2cccc21,16,21,2,0.0034934580326080322,0.03485250100493431
35,CC1(C=O)OCc2ccccc2-n2cccc21,17,31,-,0.2691865563392639,0.6209318041801453
35,CC1(C=O)OCc2ccccc2-n2cccc21,18,15,c,0.004572591278702021,0.04004313424229622
35,CC1(C=O)OCc2ccccc2-n2cccc21,19,21,2,0.0019332654774188995,0.021945837885141373
35,CC1(C=O)OCc2ccccc2-n2cccc21,20,15,c,0.0011220078449696302,0.013298233970999718
35,CC1(C=O)OCc2ccccc2-n2cccc21,21,15,c,0.0020367209799587727,0.02148670330643654
35,CC1(C=O)OCc2ccccc2-n2cccc21,22,15,c,0.0029951317701488733,0.03048354759812355
35,CC1(C=O)OCc2ccccc2-n2cccc21,23,15,c,0.001516643795184791,0.015437548980116844
35,CC1(C=O)OCc2ccccc2-n2cccc21,24,15,c,0.0013713230146095157,0.014305884018540382
35,CC1(C=O)OCc2ccccc2-n2cccc21,25,21,2,0.002056367928162217,0.024110302329063416
35,CC1(C=O)OCc2ccccc2-n2cccc21,26,20,1,0.0038973812479525805,0.04215843230485916
35,CC1(C=O)OCc2ccccc2-n2cccc21,27,13,[SEP],0.0008581270230934024,0.009847752749919891
36,Nc1c(Cl)ccc2c1cnn2Cc1ccccc1,0,23,N,0.0035600767005234957,0.03606836870312691
36,Nc1c(Cl)ccc2c1cnn2Cc1ccccc1,1,15,c,0.04934171587228775,0.28509634733200073
36,Nc1c(Cl)ccc2c1cnn2Cc1ccccc1,2,20,1,0.0007391704129986465,0.009289106354117393
36,Nc1c(Cl)ccc2c1cnn2Cc1ccccc1,3,15,c,0.30089014768600464,0.4899258613586426
36,Nc1c(Cl)ccc2c1cnn2Cc1ccccc1,4,17,(,0.842383086681366,0.6095067858695984
36,Nc1c(Cl)ccc2c1cnn2Cc1ccccc1,5,28,Cl,0.28798505663871765,1.0678685903549194
36,Nc1c(Cl)ccc2c1cnn2Cc1ccccc1,6,18,),0.0010143188992515206,0.012649738229811192
36,Nc1c(Cl)ccc2c1cnn2Cc1ccccc1,7,15,c,0.030446728691458702,0.16054095327854156
36,Nc1c(Cl)ccc2c1cnn2Cc1ccccc1,8,15,c,0.12923577427864075,0.422000914812088
36,Nc1c(Cl)ccc2c1cnn2Cc1ccccc1,9,15,c,0.002408079570159316,0.02594047598540783
36,Nc1c(Cl)ccc2c1cnn2Cc1ccccc1,10,21,2,0.007912863045930862,0.06657873839139938
36,Nc1c(Cl)ccc2c1cnn2Cc1ccccc1,11,15,c,0.0781688466668129,0.3105010390281677
36,Nc1c(Cl)ccc2c1cnn2Cc1ccccc1,12,20,1,0.0648588240146637,0.3559679090976715
36,Nc1c(Cl)ccc2c1cnn2Cc1ccccc1,13,15,c,0.6653681397438049,0.20861776173114777
36,Nc1c(Cl)ccc2c1cnn2Cc1ccccc1,14,25,n,0.005294437054544687,0.05159102380275726
36,Nc1c(Cl)ccc2c1cnn2Cc1ccccc1,15,25,n,0.0030711630824953318,0.03323797881603241
36,Nc1c(Cl)ccc2c1cnn2Cc1ccccc1,16,21,2,0.0032318185549229383,0.03645867109298706
36,Nc1c(Cl)ccc2c1cnn2Cc1ccccc1,17,16,C,0.002539206761866808,0.02744118683040142
36,Nc1c(Cl)ccc2c1cnn2Cc1ccccc1,18,15,c,0.004726102109998465,0.04832490533590317
36,Nc1c(Cl)ccc2c1cnn2Cc1ccccc1,19,20,1,0.0008212233078666031,0.0105215385556221
36,Nc1c(Cl)ccc2c1cnn2Cc1ccccc1,20,15,c,0.000685592123772949,0.008224803023040295
36,Nc1c(Cl)ccc2c1cnn2Cc1ccccc1,21,15,c,0.001223479863256216,0.013967368751764297
36,Nc1c(Cl)ccc2c1cnn2Cc1ccccc1,22,15,c,0.003248013323172927,0.029164690524339676
36,Nc1c(Cl)ccc2c1cnn2Cc1ccccc1,23,15,c,0.0019479332258924842,0.018765315413475037
36,Nc1c(Cl)ccc2c1cnn2Cc1ccccc1,24,15,c,0.001631098217330873,0.016371387988328934
36,Nc1c(Cl)ccc2c1cnn2Cc1ccccc1,25,20,1,0.001395687460899353,0.0166146419942379
36,Nc1c(Cl)ccc2c1cnn2Cc1ccccc1,26,13,[SEP],0.005279216915369034,0.05172710493206978
37,CN1C(=O)c2cccc(Br)c2S1(=O)=O,0,16,C,0.007151797413825989,0.06695977598428726
37,CN1C(=O)c2cccc(Br)c2S1(=O)=O,1,25,n,1.5849695205688477,2.0866026878356934
37,CN1C(=O)c2cccc(Br)c2S1(=O)=O,2,20,1,0.0016932032303884625,0.02032260224223137
37,CN1C(=O)c2cccc(Br)c2S1(=O)=O,3,15,c,0.37730395793914795,0.8352828621864319
37,CN1C(=O)c2cccc(Br)c2S1(=O)=O,4,17,(,0.046202708035707474,0.2615385353565216
37,CN1C(=O)c2cccc(Br)c2S1(=O)=O,5,22,=,0.433060884475708,0.8849567174911499
37,CN1C(=O)c2cccc(Br)c2S1(=O)=O,6,19,O,0.009770427830517292,0.07389627397060394
37,CN1C(=O)c2cccc(Br)c2S1(=O)=O,7,18,),0.0005580111173912883,0.007426306139677763
37,CN1C(=O)c2cccc(Br)c2S1(=O)=O,8,44,o,1.0492397546768188,1.4621078968048096
37,CN1C(=O)c2cccc(Br)c2S1(=O)=O,9,15,c,0.8563949465751648,1.0558222532272339
37,CN1C(=O)c2cccc(Br)c2S1(=O)=O,10,21,2,0.021489674225449562,0.1489371508359909
37,CN1C(=O)c2cccc(Br)c2S1(=O)=O,11,15,c,0.032309018075466156,0.16019228100776672
37,CN1C(=O)c2cccc(Br)c2S1(=O)=O,12,15,c,0.7060505747795105,0.14485964179039001
37,CN1C(=O)c2cccc(Br)c2S1(=O)=O,13,15,c,0.04055170342326164,0.19740797579288483
37,CN1C(=O)c2cccc(Br)c2S1(=O)=O,14,15,c,0.009560992941260338,0.06736421585083008
37,CN1C(=O)c2cccc(Br)c2S1(=O)=O,15,17,(,0.15312977135181427,0.4991016685962677
37,CN1C(=O)c2cccc(Br)c2S1(=O)=O,16,37,Br,0.28335171937942505,1.1366262435913086
37,CN1C(=O)c2cccc(Br)c2S1(=O)=O,17,18,),0.0007136528147384524,0.009320812299847603
37,CN1C(=O)c2cccc(Br)c2S1(=O)=O,18,15,c,0.009556423872709274,0.07080235332250595
37,CN1C(=O)c2cccc(Br)c2S1(=O)=O,19,21,2,0.0029586544260382652,0.032331742346286774
37,CN1C(=O)c2cccc(Br)c2S1(=O)=O,20,15,c,1.18294358253479,0.9878075122833252
37,CN1C(=O)c2cccc(Br)c2S1(=O)=O,21,20,1,0.00659610889852047,0.06643597036600113
37,CN1C(=O)c2cccc(Br)c2S1(=O)=O,22,22,=,0.4386523962020874,1.966286063194275
37,CN1C(=O)c2cccc(Br)c2S1(=O)=O,23,19,O,0.7863150238990784,1.130720853805542
37,CN1C(=O)c2cccc(Br)c2S1(=O)=O,24,13,[SEP],0.0017301212064921856,0.01770227588713169
38,CCc1nc2cnc3cc(O)ccc3c2n1CC(C)C,0,16,C,0.0013372981920838356,0.015754345804452896
38,CCc1nc2cnc3cc(O)ccc3c2n1CC(C)C,1,16,C,0.001619531074538827,0.018157588317990303
38,CCc1nc2cnc3cc(O)ccc3c2n1CC(C)C,2,15,c,0.026858514174818993,0.1683221310377121
38,CCc1nc2cnc3cc(O)ccc3c2n1CC(C)C,3,20,1,0.0007426621159538627,0.00923913437873125
38,CCc1nc2cnc3cc(O)ccc3c2n1CC(C)C,4,25,n,0.06733416765928268,0.2799503803253174
38,CCc1nc2cnc3cc(O)ccc3c2n1CC(C)C,5,15,c,0.13969746232032776,0.439765065908432
38,CCc1nc2cnc3cc(O)ccc3c2n1CC(C)C,6,21,2,0.2929821312427521,0.8710405230522156
38,CCc1nc2cnc3cc(O)ccc3c2n1CC(C)C,7,15,c,0.021808061748743057,0.11813565343618393
38,CCc1nc2cnc3cc(O)ccc3c2n1CC(C)C,8,25,n,0.787020742893219,0.4394969046115875
38,CCc1nc2cnc3cc(O)ccc3c2n1CC(C)C,9,15,c,0.10303282737731934,0.3384093940258026
38,CCc1nc2cnc3cc(O)ccc3c2n1CC(C)C,10,26,3,0.07145573198795319,0.3312051296234131
38,CCc1nc2cnc3cc(O)ccc3c2n1CC(C)C,11,15,c,0.0020208735950291157,0.020097896456718445
38,CCc1nc2cnc3cc(O)ccc3c2n1CC(C)C,12,15,c,0.0047277724370360374,0.037701256573200226
38,CCc1nc2cnc3cc(O)ccc3c2n1CC(C)C,13,15,c,0.6424917578697205,0.21604670584201813
38,CCc1nc2cnc3cc(O)ccc3c2n1CC(C)C,14,17,(,0.6743605136871338,0.11022578179836273
38,CCc1nc2cnc3cc(O)ccc3c2n1CC(C)C,15,19,O,0.003638290800154209,0.03620826080441475
38,CCc1nc2cnc3cc(O)ccc3c2n1CC(C)C,16,18,),0.0032488470897078514,0.032074399292469025
38,CCc1nc2cnc3cc(O)ccc3c2n1CC(C)C,17,15,c,0.00714920973405242,0.05031044781208038
38,CCc1nc2cnc3cc(O)ccc3c2n1CC(C)C,18,15,c,0.0031836312264204025,0.029490210115909576
38,CCc1nc2cnc3cc(O)ccc3c2n1CC(C)C,19,26,3,0.003208512207493186,0.03456300497055054
38,CCc1nc2cnc3cc(O)ccc3c2n1CC(C)C,20,15,c,0.13331779837608337,0.5302128791809082
38,CCc1nc2cnc3cc(O)ccc3c2n1CC(C)C,21,21,2,0.002855811035260558,0.029925089329481125
38,CCc1nc2cnc3cc(O)ccc3c2n1CC(C)C,22,25,n,0.0036749951541423798,0.03822043538093567
38,CCc1nc2cnc3cc(O)ccc3c2n1CC(C)C,23,20,1,0.004513726569712162,0.04442749544978142
38,CCc1nc2cnc3cc(O)ccc3c2n1CC(C)C,24,16,C,0.002604858484119177,0.027051014825701714
38,CCc1nc2cnc3cc(O)ccc3c2n1CC(C)C,25,16,C,0.004949552472680807,0.04733453691005707
38,CCc1nc2cnc3cc(O)ccc3c2n1CC(C)C,26,17,(,0.006537153851240873,0.05443256348371506
38,CCc1nc2cnc3cc(O)ccc3c2n1CC(C)C,27,16,C,0.001542914193123579,0.0173201747238636
38,CCc1nc2cnc3cc(O)ccc3c2n1CC(C)C,28,18,),0.0011653848923742771,0.013959540985524654
38,CCc1nc2cnc3cc(O)ccc3c2n1CC(C)C,29,16,C,0.0012552054831758142,0.01459651067852974
38,CCc1nc2cnc3cc(O)ccc3c2n1CC(C)C,30,13,[SEP],0.021137123927474022,0.11812831461429596
39,CCCCOc1nc(N)c2[nH]c(=O)n(CCCNS(=O)(=O)c3cccc(CC(=O)OC)c3)c2n1,0,16,C,0.0011156703112646937,0.012897669337689877
39,CCCCOc1nc(N)c2[nH]c(=O)n(CCCNS(=O)(=O)c3cccc(CC(=O)OC)c3)c2n1,1,16,C,0.001396970241330564,0.015717197209596634
39,CCCCOc1nc(N)c2[nH]c(=O)n(CCCNS(=O)(=O)c3cccc(CC(=O)OC)c3)c2n1,2,16,C,0.003398721572011709,0.03183400258421898
39,CCCCOc1nc(N)c2[nH]c(=O)n(CCCNS(=O)(=O)c3cccc(CC(=O)OC)c3)c2n1,3,16,C,0.0025581959635019302,0.025177299976348877
39,CCCCOc1nc(N)c2[nH]c(=O)n(CCCNS(=O)(=O)c3cccc(CC(=O)OC)c3)c2n1,4,19,O,0.3700765371322632,1.1578038930892944
39,CCCCOc1nc(N)c2[nH]c(=O)n(CCCNS(=O)(=O)c3cccc(CC(=O)OC)c3)c2n1,5,15,c,0.8003501296043396,0.49654313921928406
39,CCCCOc1nc(N)c2[nH]c(=O)n(CCCNS(=O)(=O)c3cccc(CC(=O)OC)c3)c2n1,6,20,1,0.0011377939954400063,0.01228963304311037
39,CCCCOc1nc(N)c2[nH]c(=O)n(CCCNS(=O)(=O)c3cccc(CC(=O)OC)c3)c2n1,7,25,n,0.13562732934951782,0.4238528609275818
39,CCCCOc1nc(N)c2[nH]c(=O)n(CCCNS(=O)(=O)c3cccc(CC(=O)OC)c3)c2n1,8,15,c,0.015568633563816547,0.11350557208061218
39,CCCCOc1nc(N)c2[nH]c(=O)n(CCCNS(=O)(=O)c3cccc(CC(=O)OC)c3)c2n1,9,17,(,0.060175493359565735,0.3192562162876129
39,CCCCOc1nc(N)c2[nH]c(=O)n(CCCNS(=O)(=O)c3cccc(CC(=O)OC)c3)c2n1,10,23,N,0.061088431626558304,0.3451254665851593
39,CCCCOc1nc(N)c2[nH]c(=O)n(CCCNS(=O)(=O)c3cccc(CC(=O)OC)c3)c2n1,11,18,),0.013593277893960476,0.10132936388254166
39,CCCCOc1nc(N)c2[nH]c(=O)n(CCCNS(=O)(=O)c3cccc(CC(=O)OC)c3)c2n1,12,15,c,0.6275802850723267,0.5908298492431641
39,CCCCOc1nc(N)c2[nH]c(=O)n(CCCNS(=O)(=O)c3cccc(CC(=O)OC)c3)c2n1,13,21,2,0.032500043511390686,0.20810461044311523
39,CCCCOc1nc(N)c2[nH]c(=O)n(CCCNS(=O)(=O)c3cccc(CC(=O)OC)c3)c2n1,14,40,[nH],0.2822030782699585,0.7973392605781555
39,CCCCOc1nc(N)c2[nH]c(=O)n(CCCNS(=O)(=O)c3cccc(CC(=O)OC)c3)c2n1,15,15,c,0.023126032203435898,0.16017760336399078
39,CCCCOc1nc(N)c2[nH]c(=O)n(CCCNS(=O)(=O)c3cccc(CC(=O)OC)c3)c2n1,16,17,(,0.011552279815077782,0.08397319167852402
39,CCCCOc1nc(N)c2[nH]c(=O)n(CCCNS(=O)(=O)c3cccc(CC(=O)OC)c3)c2n1,17,22,=,0.4577122926712036,1.078322410583496
39,CCCCOc1nc(N)c2[nH]c(=O)n(CCCNS(=O)(=O)c3cccc(CC(=O)OC)c3)c2n1,18,19,O,0.008190525695681572,0.06330343335866928
39,CCCCOc1nc(N)c2[nH]c(=O)n(CCCNS(=O)(=O)c3cccc(CC(=O)OC)c3)c2n1,19,18,),0.0005788188427686691,0.007556146010756493
39,CCCCOc1nc(N)c2[nH]c(=O)n(CCCNS(=O)(=O)c3cccc(CC(=O)OC)c3)c2n1,20,25,n,0.031741201877593994,0.16680389642715454
39,CCCCOc1nc(N)c2[nH]c(=O)n(CCCNS(=O)(=O)c3cccc(CC(=O)OC)c3)c2n1,21,17,(,0.4132841229438782,0.5859084129333496
39,CCCCOc1nc(N)c2[nH]c(=O)n(CCCNS(=O)(=O)c3cccc(CC(=O)OC)c3)c2n1,22,16,C,0.004110981244593859,0.03956032544374466
39,CCCCOc1nc(N)c2[nH]c(=O)n(CCCNS(=O)(=O)c3cccc(CC(=O)OC)c3)c2n1,23,16,C,0.12011264264583588,0.4706587493419647
39,CCCCOc1nc(N)c2[nH]c(=O)n(CCCNS(=O)(=O)c3cccc(CC(=O)OC)c3)c2n1,24,16,C,0.03475559502840042,0.22162403166294098
39,CCCCOc1nc(N)c2[nH]c(=O)n(CCCNS(=O)(=O)c3cccc(CC(=O)OC)c3)c2n1,25,23,N,0.13675722479820251,0.6234392523765564
39,CCCCOc1nc(N)c2[nH]c(=O)n(CCCNS(=O)(=O)c3cccc(CC(=O)OC)c3)c2n1,26,34,S,0.027460511773824692,0.18761834502220154
39,CCCCOc1nc(N)c2[nH]c(=O)n(CCCNS(=O)(=O)c3cccc(CC(=O)OC)c3)c2n1,27,17,(,0.001339032663963735,0.014550499618053436
39,CCCCOc1nc(N)c2[nH]c(=O)n(CCCNS(=O)(=O)c3cccc(CC(=O)OC)c3)c2n1,28,22,=,0.09174754470586777,0.3998644948005676
39,CCCCOc1nc(N)c2[nH]c(=O)n(CCCNS(=O)(=O)c3cccc(CC(=O)OC)c3)c2n1,29,19,O,0.0017880757804960012,0.017953580245375633
39,CCCCOc1nc(N)c2[nH]c(=O)n(CCCNS(=O)(=O)c3cccc(CC(=O)OC)c3)c2n1,30,18,),0.0005131512880325317,0.006844623014330864
39,CCCCOc1nc(N)c2[nH]c(=O)n(CCCNS(=O)(=O)c3cccc(CC(=O)OC)c3)c2n1,31,17,(,0.004104967229068279,0.0362272672355175
39,CCCCOc1nc(N)c2[nH]c(=O)n(CCCNS(=O)(=O)c3cccc(CC(=O)OC)c3)c2n1,32,22,=,0.0006023482419550419,0.007727792952209711
39,CCCCOc1nc(N)c2[nH]c(=O)n(CCCNS(=O)(=O)c3cccc(CC(=O)OC)c3)c2n1,33,19,O,0.001166444388218224,0.01274445466697216
39,CCCCOc1nc(N)c2[nH]c(=O)n(CCCNS(=O)(=O)c3cccc(CC(=O)OC)c3)c2n1,34,18,),0.0005435425555333495,0.007191304117441177
39,CCCCOc1nc(N)c2[nH]c(=O)n(CCCNS(=O)(=O)c3cccc(CC(=O)OC)c3)c2n1,35,16,C,0.8365073800086975,0.7956567406654358
39,CCCCOc1nc(N)c2[nH]c(=O)n(CCCNS(=O)(=O)c3cccc(CC(=O)OC)c3)c2n1,36,15,c,0.34887298941612244,0.5717984437942505
39,CCCCOc1nc(N)c2[nH]c(=O)n(CCCNS(=O)(=O)c3cccc(CC(=O)OC)c3)c2n1,37,26,3,0.0012848861515522003,0.01479246560484171
39,CCCCOc1nc(N)c2[nH]c(=O)n(CCCNS(=O)(=O)c3cccc(CC(=O)OC)c3)c2n1,38,15,c,0.001479840837419033,0.01580016314983368
39,CCCCOc1nc(N)c2[nH]c(=O)n(CCCNS(=O)(=O)c3cccc(CC(=O)OC)c3)c2n1,39,15,c,0.0012993895215913653,0.013863299041986465
39,CCCCOc1nc(N)c2[nH]c(=O)n(CCCNS(=O)(=O)c3cccc(CC(=O)OC)c3)c2n1,40,15,c,0.002132411813363433,0.022831732407212257
39,CCCCOc1nc(N)c2[nH]c(=O)n(CCCNS(=O)(=O)c3cccc(CC(=O)OC)c3)c2n1,41,15,c,0.08372607827186584,0.37186646461486816
39,CCCCOc1nc(N)c2[nH]c(=O)n(CCCNS(=O)(=O)c3cccc(CC(=O)OC)c3)c2n1,42,17,(,0.5436952710151672,0.39975154399871826
39,CCCCOc1nc(N)c2[nH]c(=O)n(CCCNS(=O)(=O)c3cccc(CC(=O)OC)c3)c2n1,43,16,C,0.2082986682653427,0.9864249229431152
39,CCCCOc1nc(N)c2[nH]c(=O)n(CCCNS(=O)(=O)c3cccc(CC(=O)OC)c3)c2n1,44,16,C,0.7077502608299255,1.1247307062149048
39,CCCCOc1nc(N)c2[nH]c(=O)n(CCCNS(=O)(=O)c3cccc(CC(=O)OC)c3)c2n1,45,17,(,0.013056310825049877,0.10515813529491425
39,CCCCOc1nc(N)c2[nH]c(=O)n(CCCNS(=O)(=O)c3cccc(CC(=O)OC)c3)c2n1,46,23,N,0.6119044423103333,0.28581738471984863
39,CCCCOc1nc(N)c2[nH]c(=O)n(CCCNS(=O)(=O)c3cccc(CC(=O)OC)c3)c2n1,47,18,),0.0010104422690346837,0.012365571223199368
39,CCCCOc1nc(N)c2[nH]c(=O)n(CCCNS(=O)(=O)c3cccc(CC(=O)OC)c3)c2n1,48,22,=,0.0009431361686438322,0.011842198669910431
39,CCCCOc1nc(N)c2[nH]c(=O)n(CCCNS(=O)(=O)c3cccc(CC(=O)OC)c3)c2n1,49,19,O,0.003025973914191127,0.0272949431091547
39,CCCCOc1nc(N)c2[nH]c(=O)n(CCCNS(=O)(=O)c3cccc(CC(=O)OC)c3)c2n1,50,18,),0.0005009014857932925,0.006758930627256632
39,CCCCOc1nc(N)c2[nH]c(=O)n(CCCNS(=O)(=O)c3cccc(CC(=O)OC)c3)c2n1,51,15,c,0.007246379740536213,0.04958539828658104
39,CCCCOc1nc(N)c2[nH]c(=O)n(CCCNS(=O)(=O)c3cccc(CC(=O)OC)c3)c2n1,52,26,3,0.0009549384703859687,0.011957458220422268
39,CCCCOc1nc(N)c2[nH]c(=O)n(CCCNS(=O)(=O)c3cccc(CC(=O)OC)c3)c2n1,53,18,),0.0014568900223821402,0.01726047694683075
39,CCCCOc1nc(N)c2[nH]c(=O)n(CCCNS(=O)(=O)c3cccc(CC(=O)OC)c3)c2n1,54,15,c,0.005777697078883648,0.047732673585414886
39,CCCCOc1nc(N)c2[nH]c(=O)n(CCCNS(=O)(=O)c3cccc(CC(=O)OC)c3)c2n1,55,21,2,0.09485839307308197,0.3691321313381195
39,CCCCOc1nc(N)c2[nH]c(=O)n(CCCNS(=O)(=O)c3cccc(CC(=O)OC)c3)c2n1,56,25,n,0.00464775413274765,0.03998572751879692
39,CCCCOc1nc(N)c2[nH]c(=O)n(CCCNS(=O)(=O)c3cccc(CC(=O)OC)c3)c2n1,57,20,1,0.019811490550637245,0.14096158742904663
39,CCCCOc1nc(N)c2[nH]c(=O)n(CCCNS(=O)(=O)c3cccc(CC(=O)OC)c3)c2n1,58,13,[SEP],0.04695351794362068,0.2283000499010086
40,C=CCOc1c(Cl)cccc1C(=O)NC1(C(=O)OCC)Cc2ccccc2C1,0,16,C,0.0012928099604323506,0.015173925086855888
40,C=CCOc1c(Cl)cccc1C(=O)NC1(C(=O)OCC)Cc2ccccc2C1,1,22,=,0.060226358473300934,0.2570134401321411
40,C=CCOc1c(Cl)cccc1C(=O)NC1(C(=O)OCC)Cc2ccccc2C1,2,16,C,0.0013416626024991274,0.015378156676888466
40,C=CCOc1c(Cl)cccc1C(=O)NC1(C(=O)OCC)Cc2ccccc2C1,3,16,C,0.0029852574225515127,0.030391326174139977
40,C=CCOc1c(Cl)cccc1C(=O)NC1(C(=O)OCC)Cc2ccccc2C1,4,19,O,0.006610512733459473,0.055571284145116806
40,C=CCOc1c(Cl)cccc1C(=O)NC1(C(=O)OCC)Cc2ccccc2C1,5,16,C,0.29432523250579834,0.54537034034729
40,C=CCOc1c(Cl)cccc1C(=O)NC1(C(=O)OCC)Cc2ccccc2C1,6,17,(,0.00502349017187953,0.04051835834980011
40,C=CCOc1c(Cl)cccc1C(=O)NC1(C(=O)OCC)Cc2ccccc2C1,7,22,=,0.0010891018901020288,0.012315530329942703
40,C=CCOc1c(Cl)cccc1C(=O)NC1(C(=O)OCC)Cc2ccccc2C1,8,19,O,0.003111983649432659,0.02844255045056343
40,C=CCOc1c(Cl)cccc1C(=O)NC1(C(=O)OCC)Cc2ccccc2C1,9,18,),0.0005481266416609287,0.007255541626363993
40,C=CCOc1c(Cl)cccc1C(=O)NC1(C(=O)OCC)Cc2ccccc2C1,10,16,C,0.060141611844301224,0.31611624360084534
40,C=CCOc1c(Cl)cccc1C(=O)NC1(C(=O)OCC)Cc2ccccc2C1,11,20,1,0.014588143676519394,0.1121884137392044
40,C=CCOc1c(Cl)cccc1C(=O)NC1(C(=O)OCC)Cc2ccccc2C1,12,17,(,0.10638739913702011,0.4176548719406128
40,C=CCOc1c(Cl)cccc1C(=O)NC1(C(=O)OCC)Cc2ccccc2C1,13,23,N,0.38767528533935547,0.7042971849441528
40,C=CCOc1c(Cl)cccc1C(=O)NC1(C(=O)OCC)Cc2ccccc2C1,14,16,C,0.0039289905689656734,0.0388450026512146
40,C=CCOc1c(Cl)cccc1C(=O)NC1(C(=O)OCC)Cc2ccccc2C1,15,17,(,0.009102706797420979,0.0734051838517189
40,C=CCOc1c(Cl)cccc1C(=O)NC1(C(=O)OCC)Cc2ccccc2C1,16,22,=,0.0010179668897762895,0.012062960304319859
40,C=CCOc1c(Cl)cccc1C(=O)NC1(C(=O)OCC)Cc2ccccc2C1,17,19,O,0.002534668892621994,0.023996345698833466
40,C=CCOc1c(Cl)cccc1C(=O)NC1(C(=O)OCC)Cc2ccccc2C1,18,18,),0.0005070791812613606,0.006814294494688511
40,C=CCOc1c(Cl)cccc1C(=O)NC1(C(=O)OCC)Cc2ccccc2C1,19,15,c,0.05534478276968002,0.2597123682498932
40,C=CCOc1c(Cl)cccc1C(=O)NC1(C(=O)OCC)Cc2ccccc2C1,20,21,2,0.0010892689460888505,0.013422440737485886
40,C=CCOc1c(Cl)cccc1C(=O)NC1(C(=O)OCC)Cc2ccccc2C1,21,15,c,0.0015766735887154937,0.015720833092927933
40,C=CCOc1c(Cl)cccc1C(=O)NC1(C(=O)OCC)Cc2ccccc2C1,22,15,c,0.013267695903778076,0.0810132622718811
40,C=CCOc1c(Cl)cccc1C(=O)NC1(C(=O)OCC)Cc2ccccc2C1,23,15,c,0.02607041224837303,0.1416938453912735
40,C=CCOc1c(Cl)cccc1C(=O)NC1(C(=O)OCC)Cc2ccccc2C1,24,15,c,0.016242466866970062,0.09903362393379211
40,C=CCOc1c(Cl)cccc1C(=O)NC1(C(=O)OCC)Cc2ccccc2C1,25,17,(,1.005957007408142,0.43974918127059937
40,C=CCOc1c(Cl)cccc1C(=O)NC1(C(=O)OCC)Cc2ccccc2C1,26,16,C,0.6471447944641113,1.0866554975509644
40,C=CCOc1c(Cl)cccc1C(=O)NC1(C(=O)OCC)Cc2ccccc2C1,27,19,O,1.2818328142166138,1.4838402271270752
40,C=CCOc1c(Cl)cccc1C(=O)NC1(C(=O)OCC)Cc2ccccc2C1,28,16,C,0.3394668996334076,1.1660652160644531
40,C=CCOc1c(Cl)cccc1C(=O)NC1(C(=O)OCC)Cc2ccccc2C1,29,16,C,0.31782057881355286,1.2377243041992188
40,C=CCOc1c(Cl)cccc1C(=O)NC1(C(=O)OCC)Cc2ccccc2C1,30,22,=,0.23042063415050507,0.6929042339324951
40,C=CCOc1c(Cl)cccc1C(=O)NC1(C(=O)OCC)Cc2ccccc2C1,31,16,C,0.0026146501768380404,0.027865588665008545
40,C=CCOc1c(Cl)cccc1C(=O)NC1(C(=O)OCC)Cc2ccccc2C1,32,18,),0.028360411524772644,0.1922907680273056
40,C=CCOc1c(Cl)cccc1C(=O)NC1(C(=O)OCC)Cc2ccccc2C1,33,15,c,0.04276314005255699,0.189161017537117
40,C=CCOc1c(Cl)cccc1C(=O)NC1(C(=O)OCC)Cc2ccccc2C1,34,21,2,0.0008065837901085615,0.010254470631480217
40,C=CCOc1c(Cl)cccc1C(=O)NC1(C(=O)OCC)Cc2ccccc2C1,35,18,),0.6817436218261719,0.7910689115524292
40,C=CCOc1c(Cl)cccc1C(=O)NC1(C(=O)OCC)Cc2ccccc2C1,36,16,C,0.0048093004152178764,0.04360225424170494
40,C=CCOc1c(Cl)cccc1C(=O)NC1(C(=O)OCC)Cc2ccccc2C1,37,15,c,0.003787524998188019,0.03884115070104599
40,C=CCOc1c(Cl)cccc1C(=O)NC1(C(=O)OCC)Cc2ccccc2C1,38,21,2,0.0012294824700802565,0.014881941489875317
40,C=CCOc1c(Cl)cccc1C(=O)NC1(C(=O)OCC)Cc2ccccc2C1,39,15,c,0.0011286239605396986,0.012048020027577877
40,C=CCOc1c(Cl)cccc1C(=O)NC1(C(=O)OCC)Cc2ccccc2C1,40,15,c,0.031929317861795425,0.17020367085933685
40,C=CCOc1c(Cl)cccc1C(=O)NC1(C(=O)OCC)Cc2ccccc2C1,41,15,c,0.009213925339281559,0.06171073392033577
40,C=CCOc1c(Cl)cccc1C(=O)NC1(C(=O)OCC)Cc2ccccc2C1,42,15,c,0.010380138643085957,0.06899429112672806
40,C=CCOc1c(Cl)cccc1C(=O)NC1(C(=O)OCC)Cc2ccccc2C1,43,15,c,0.644623875617981,0.15612336993217468
40,C=CCOc1c(Cl)cccc1C(=O)NC1(C(=O)OCC)Cc2ccccc2C1,44,21,2,0.0013931567082181573,0.01705944910645485
40,C=CCOc1c(Cl)cccc1C(=O)NC1(C(=O)OCC)Cc2ccccc2C1,45,16,C,1.1571485996246338,1.1073304414749146
40,C=CCOc1c(Cl)cccc1C(=O)NC1(C(=O)OCC)Cc2ccccc2C1,46,20,1,0.0017738448223099113,0.021420098841190338
40,C=CCOc1c(Cl)cccc1C(=O)NC1(C(=O)OCC)Cc2ccccc2C1,47,13,[SEP],0.5783019661903381,1.0201698541641235
41,CC(C)Oc1ccccc1C1=NC(c2ccc(Cl)cc2)C(c2ccc(Cl)cc2)N1C(=O)C(C)C,0,16,C,0.0014883320545777678,0.01734813302755356
41,CC(C)Oc1ccccc1C1=NC(c2ccc(Cl)cc2)C(c2ccc(Cl)cc2)N1C(=O)C(C)C,1,16,C,0.013842038810253143,0.10605903714895248
41,CC(C)Oc1ccccc1C1=NC(c2ccc(Cl)cc2)C(c2ccc(Cl)cc2)N1C(=O)C(C)C,2,17,(,0.024631544947624207,0.13834181427955627
41,CC(C)Oc1ccccc1C1=NC(c2ccc(Cl)cc2)C(c2ccc(Cl)cc2)N1C(=O)C(C)C,3,16,C,0.003508533351123333,0.032149456441402435
41,CC(C)Oc1ccccc1C1=NC(c2ccc(Cl)cc2)C(c2ccc(Cl)cc2)N1C(=O)C(C)C,4,18,),0.0015508682699874043,0.017596924677491188
41,CC(C)Oc1ccccc1C1=NC(c2ccc(Cl)cc2)C(c2ccc(Cl)cc2)N1C(=O)C(C)C,5,16,C,1.3789135217666626,0.638569176197052
41,CC(C)Oc1ccccc1C1=NC(c2ccc(Cl)cc2)C(c2ccc(Cl)cc2)N1C(=O)C(C)C,6,17,(,0.6843735575675964,0.14988389611244202
41,CC(C)Oc1ccccc1C1=NC(c2ccc(Cl)cc2)C(c2ccc(Cl)cc2)N1C(=O)C(C)C,7,22,=,0.01789121702313423,0.13615934550762177
41,CC(C)Oc1ccccc1C1=NC(c2ccc(Cl)cc2)C(c2ccc(Cl)cc2)N1C(=O)C(C)C,8,19,O,0.01694229245185852,0.11467712372541428
41,CC(C)Oc1ccccc1C1=NC(c2ccc(Cl)cc2)C(c2ccc(Cl)cc2)N1C(=O)C(C)C,9,18,),0.0006321087712422013,0.008240863680839539
41,CC(C)Oc1ccccc1C1=NC(c2ccc(Cl)cc2)C(c2ccc(Cl)cc2)N1C(=O)C(C)C,10,23,N,0.22854015231132507,0.7069622278213501
41,CC(C)Oc1ccccc1C1=NC(c2ccc(Cl)cc2)C(c2ccc(Cl)cc2)N1C(=O)C(C)C,11,20,1,0.8543796539306641,0.8234847187995911
41,CC(C)Oc1ccccc1C1=NC(c2ccc(Cl)cc2)C(c2ccc(Cl)cc2)N1C(=O)C(C)C,12,23,N,0.5886408090591431,0.9719054698944092
41,CC(C)Oc1ccccc1C1=NC(c2ccc(Cl)cc2)C(c2ccc(Cl)cc2)N1C(=O)C(C)C,13,22,=,0.011434265412390232,0.09215935319662094
41,CC(C)Oc1ccccc1C1=NC(c2ccc(Cl)cc2)C(c2ccc(Cl)cc2)N1C(=O)C(C)C,14,16,C,0.007215093355625868,0.06052224710583687
41,CC(C)Oc1ccccc1C1=NC(c2ccc(Cl)cc2)C(c2ccc(Cl)cc2)N1C(=O)C(C)C,15,17,(,0.3730274438858032,0.8958258032798767
41,CC(C)Oc1ccccc1C1=NC(c2ccc(Cl)cc2)C(c2ccc(Cl)cc2)N1C(=O)C(C)C,16,15,c,0.07173972576856613,0.32822203636169434
41,CC(C)Oc1ccccc1C1=NC(c2ccc(Cl)cc2)C(c2ccc(Cl)cc2)N1C(=O)C(C)C,17,21,2,0.001163259381428361,0.014431900344789028
41,CC(C)Oc1ccccc1C1=NC(c2ccc(Cl)cc2)C(c2ccc(Cl)cc2)N1C(=O)C(C)C,18,15,c,0.0018227041000500321,0.018263591453433037
41,CC(C)Oc1ccccc1C1=NC(c2ccc(Cl)cc2)C(c2ccc(Cl)cc2)N1C(=O)C(C)C,19,15,c,0.01003851555287838,0.06721556931734085
41,CC(C)Oc1ccccc1C1=NC(c2ccc(Cl)cc2)C(c2ccc(Cl)cc2)N1C(=O)C(C)C,20,15,c,0.016424141824245453,0.1019631028175354
41,CC(C)Oc1ccccc1C1=NC(c2ccc(Cl)cc2)C(c2ccc(Cl)cc2)N1C(=O)C(C)C,21,15,c,0.6348142623901367,0.2183719277381897
41,CC(C)Oc1ccccc1C1=NC(c2ccc(Cl)cc2)C(c2ccc(Cl)cc2)N1C(=O)C(C)C,22,15,c,0.014062321744859219,0.10110288113355637
41,CC(C)Oc1ccccc1C1=NC(c2ccc(Cl)cc2)C(c2ccc(Cl)cc2)N1C(=O)C(C)C,23,21,2,0.0008066635928116739,0.010229695588350296
41,CC(C)Oc1ccccc1C1=NC(c2ccc(Cl)cc2)C(c2ccc(Cl)cc2)N1C(=O)C(C)C,24,19,O,0.22904327511787415,0.9258108139038086
41,CC(C)Oc1ccccc1C1=NC(c2ccc(Cl)cc2)C(c2ccc(Cl)cc2)N1C(=O)C(C)C,25,16,C,0.4291759431362152,0.8312442302703857
41,CC(C)Oc1ccccc1C1=NC(c2ccc(Cl)cc2)C(c2ccc(Cl)cc2)N1C(=O)C(C)C,26,17,(,0.12543895840644836,0.4117445647716522
41,CC(C)Oc1ccccc1C1=NC(c2ccc(Cl)cc2)C(c2ccc(Cl)cc2)N1C(=O)C(C)C,27,16,C,0.7599058151245117,0.3578413426876068
41,CC(C)Oc1ccccc1C1=NC(c2ccc(Cl)cc2)C(c2ccc(Cl)cc2)N1C(=O)C(C)C,28,18,),0.002529338700696826,0.026951324194669724
41,CC(C)Oc1ccccc1C1=NC(c2ccc(Cl)cc2)C(c2ccc(Cl)cc2)N1C(=O)C(C)C,29,16,C,0.023568138480186462,0.1562935709953308
41,CC(C)Oc1ccccc1C1=NC(c2ccc(Cl)cc2)C(c2ccc(Cl)cc2)N1C(=O)C(C)C,30,18,),0.0015312039759010077,0.017918450757861137
41,CC(C)Oc1ccccc1C1=NC(c2ccc(Cl)cc2)C(c2ccc(Cl)cc2)N1C(=O)C(C)C,31,16,C,0.5887491703033447,1.2527766227722168
41,CC(C)Oc1ccccc1C1=NC(c2ccc(Cl)cc2)C(c2ccc(Cl)cc2)N1C(=O)C(C)C,32,17,(,0.060341913253068924,0.3030552566051483
41,CC(C)Oc1ccccc1C1=NC(c2ccc(Cl)cc2)C(c2ccc(Cl)cc2)N1C(=O)C(C)C,33,15,c,0.01097806915640831,0.0934966504573822
41,CC(C)Oc1ccccc1C1=NC(c2ccc(Cl)cc2)C(c2ccc(Cl)cc2)N1C(=O)C(C)C,34,21,2,0.0015528001822531223,0.018523069098591805
41,CC(C)Oc1ccccc1C1=NC(c2ccc(Cl)cc2)C(c2ccc(Cl)cc2)N1C(=O)C(C)C,35,15,c,0.002354073105379939,0.020533248782157898
41,CC(C)Oc1ccccc1C1=NC(c2ccc(Cl)cc2)C(c2ccc(Cl)cc2)N1C(=O)C(C)C,36,15,c,0.004445990547537804,0.03563588857650757
41,CC(C)Oc1ccccc1C1=NC(c2ccc(Cl)cc2)C(c2ccc(Cl)cc2)N1C(=O)C(C)C,37,15,c,0.0111696133390069,0.07022042572498322
41,CC(C)Oc1ccccc1C1=NC(c2ccc(Cl)cc2)C(c2ccc(Cl)cc2)N1C(=O)C(C)C,38,17,(,0.6733623147010803,0.09593260288238525
41,CC(C)Oc1ccccc1C1=NC(c2ccc(Cl)cc2)C(c2ccc(Cl)cc2)N1C(=O)C(C)C,39,28,Cl,0.01875954121351242,0.1458069384098053
41,CC(C)Oc1ccccc1C1=NC(c2ccc(Cl)cc2)C(c2ccc(Cl)cc2)N1C(=O)C(C)C,40,18,),0.0006073307013139129,0.007901711389422417
41,CC(C)Oc1ccccc1C1=NC(c2ccc(Cl)cc2)C(c2ccc(Cl)cc2)N1C(=O)C(C)C,41,15,c,0.0017681735334917903,0.01615733653306961
41,CC(C)Oc1ccccc1C1=NC(c2ccc(Cl)cc2)C(c2ccc(Cl)cc2)N1C(=O)C(C)C,42,15,c,0.0021419015247374773,0.02009161002933979
41,CC(C)Oc1ccccc1C1=NC(c2ccc(Cl)cc2)C(c2ccc(Cl)cc2)N1C(=O)C(C)C,43,21,2,0.001140858163125813,0.013236764818429947
41,CC(C)Oc1ccccc1C1=NC(c2ccc(Cl)cc2)C(c2ccc(Cl)cc2)N1C(=O)C(C)C,44,18,),0.011831401847302914,0.08535410463809967
41,CC(C)Oc1ccccc1C1=NC(c2ccc(Cl)cc2)C(c2ccc(Cl)cc2)N1C(=O)C(C)C,45,16,C,1.2385388612747192,0.7819106578826904
41,CC(C)Oc1ccccc1C1=NC(c2ccc(Cl)cc2)C(c2ccc(Cl)cc2)N1C(=O)C(C)C,46,20,1,0.027286704629659653,0.1933213472366333
41,CC(C)Oc1ccccc1C1=NC(c2ccc(Cl)cc2)C(c2ccc(Cl)cc2)N1C(=O)C(C)C,47,15,c,0.03182166814804077,0.21725116670131683
41,CC(C)Oc1ccccc1C1=NC(c2ccc(Cl)cc2)C(c2ccc(Cl)cc2)N1C(=O)C(C)C,48,20,1,0.0008491532644256949,0.010654261335730553
41,CC(C)Oc1ccccc1C1=NC(c2ccc(Cl)cc2)C(c2ccc(Cl)cc2)N1C(=O)C(C)C,49,15,c,0.0034180779475718737,0.027537260204553604
41,CC(C)Oc1ccccc1C1=NC(c2ccc(Cl)cc2)C(c2ccc(Cl)cc2)N1C(=O)C(C)C,50,15,c,0.0034520509652793407,0.028112053871154785
41,CC(C)Oc1ccccc1C1=NC(c2ccc(Cl)cc2)C(c2ccc(Cl)cc2)N1C(=O)C(C)C,51,15,c,0.0030606533400714397,0.025524789467453957
41,CC(C)Oc1ccccc1C1=NC(c2ccc(Cl)cc2)C(c2ccc(Cl)cc2)N1C(=O)C(C)C,52,17,(,0.16956833004951477,0.40872159600257874
41,CC(C)Oc1ccccc1C1=NC(c2ccc(Cl)cc2)C(c2ccc(Cl)cc2)N1C(=O)C(C)C,53,28,Cl,0.0032675873953849077,0.03493557870388031
41,CC(C)Oc1ccccc1C1=NC(c2ccc(Cl)cc2)C(c2ccc(Cl)cc2)N1C(=O)C(C)C,54,18,),0.0005882152472622693,0.007751525845378637
41,CC(C)Oc1ccccc1C1=NC(c2ccc(Cl)cc2)C(c2ccc(Cl)cc2)N1C(=O)C(C)C,55,15,c,0.0030768278520554304,0.0245494581758976
41,CC(C)Oc1ccccc1C1=NC(c2ccc(Cl)cc2)C(c2ccc(Cl)cc2)N1C(=O)C(C)C,56,15,c,0.0006948806112632155,0.008018480613827705
41,CC(C)Oc1ccccc1C1=NC(c2ccc(Cl)cc2)C(c2ccc(Cl)cc2)N1C(=O)C(C)C,57,20,1,0.0029808986000716686,0.029707996174693108
41,CC(C)Oc1ccccc1C1=NC(c2ccc(Cl)cc2)C(c2ccc(Cl)cc2)N1C(=O)C(C)C,58,13,[SEP],0.017049947753548622,0.10948560386896133
42,CC(C)(C)OC(=O)Nc1ccccc1NC(=O)c1ccc(-c2cccnc2)cc1,0,16,C,0.0012742779217660427,0.014844698831439018
42,CC(C)(C)OC(=O)Nc1ccccc1NC(=O)c1ccc(-c2cccnc2)cc1,1,16,C,0.0024986211210489273,0.026610372588038445
42,CC(C)(C)OC(=O)Nc1ccccc1NC(=O)c1ccc(-c2cccnc2)cc1,2,17,(,0.0013594601769000292,0.016003508120775223
42,CC(C)(C)OC(=O)Nc1ccccc1NC(=O)c1ccc(-c2cccnc2)cc1,3,16,C,0.0021402547135949135,0.022496165707707405
42,CC(C)(C)OC(=O)Nc1ccccc1NC(=O)c1ccc(-c2cccnc2)cc1,4,18,),0.0007146614952944219,0.009181558154523373
42,CC(C)(C)OC(=O)Nc1ccccc1NC(=O)c1ccc(-c2cccnc2)cc1,5,17,(,0.0011002940591424704,0.013415888883173466
42,CC(C)(C)OC(=O)Nc1ccccc1NC(=O)c1ccc(-c2cccnc2)cc1,6,16,C,0.0009676759946160018,0.011639656499028206
42,CC(C)(C)OC(=O)Nc1ccccc1NC(=O)c1ccc(-c2cccnc2)cc1,7,18,),0.0007824342465028167,0.009935123845934868
42,CC(C)(C)OC(=O)Nc1ccccc1NC(=O)c1ccc(-c2cccnc2)cc1,8,19,O,0.002225681208074093,0.024541499093174934
42,CC(C)(C)OC(=O)Nc1ccccc1NC(=O)c1ccc(-c2cccnc2)cc1,9,16,C,0.0034545017406344414,0.034879498183727264
42,CC(C)(C)OC(=O)Nc1ccccc1NC(=O)c1ccc(-c2cccnc2)cc1,10,17,(,0.0010242635617032647,0.012064464390277863
42,CC(C)(C)OC(=O)Nc1ccccc1NC(=O)c1ccc(-c2cccnc2)cc1,11,22,=,0.000574875739403069,0.007402912247925997
42,CC(C)(C)OC(=O)Nc1ccccc1NC(=O)c1ccc(-c2cccnc2)cc1,12,19,O,0.0006354664219543338,0.007999313995242119
42,CC(C)(C)OC(=O)Nc1ccccc1NC(=O)c1ccc(-c2cccnc2)cc1,13,18,),0.0005189109942875803,0.006979824043810368
42,CC(C)(C)OC(=O)Nc1ccccc1NC(=O)c1ccc(-c2cccnc2)cc1,14,23,N,0.002104987157508731,0.023148709908127785
42,CC(C)(C)OC(=O)Nc1ccccc1NC(=O)c1ccc(-c2cccnc2)cc1,15,15,c,0.06005476415157318,0.3328668773174286
42,CC(C)(C)OC(=O)Nc1ccccc1NC(=O)c1ccc(-c2cccnc2)cc1,16,20,1,0.000647198234219104,0.008188765496015549
42,CC(C)(C)OC(=O)Nc1ccccc1NC(=O)c1ccc(-c2cccnc2)cc1,17,15,c,0.014271180145442486,0.08741366118192673
42,CC(C)(C)OC(=O)Nc1ccccc1NC(=O)c1ccc(-c2cccnc2)cc1,18,15,c,0.30695217847824097,0.6389231085777283
42,CC(C)(C)OC(=O)Nc1ccccc1NC(=O)c1ccc(-c2cccnc2)cc1,19,15,c,0.05684949457645416,0.24276258051395416
42,CC(C)(C)OC(=O)Nc1ccccc1NC(=O)c1ccc(-c2cccnc2)cc1,20,15,c,0.44247475266456604,0.6351803541183472
42,CC(C)(C)OC(=O)Nc1ccccc1NC(=O)c1ccc(-c2cccnc2)cc1,21,15,c,0.11009420454502106,0.3582763671875
42,CC(C)(C)OC(=O)Nc1ccccc1NC(=O)c1ccc(-c2cccnc2)cc1,22,20,1,0.0010594666237011552,0.01293136179447174
42,CC(C)(C)OC(=O)Nc1ccccc1NC(=O)c1ccc(-c2cccnc2)cc1,23,31,-,1.1747584342956543,0.5376642942428589
42,CC(C)(C)OC(=O)Nc1ccccc1NC(=O)c1ccc(-c2cccnc2)cc1,24,15,c,0.0012201581848785281,0.013230371288955212
42,CC(C)(C)OC(=O)Nc1ccccc1NC(=O)c1ccc(-c2cccnc2)cc1,25,20,1,0.0007977320346981287,0.010306714102625847
42,CC(C)(C)OC(=O)Nc1ccccc1NC(=O)c1ccc(-c2cccnc2)cc1,26,15,c,0.04238342121243477,0.1911369264125824
42,CC(C)(C)OC(=O)Nc1ccccc1NC(=O)c1ccc(-c2cccnc2)cc1,27,15,c,0.02194111980497837,0.12249980121850967
42,CC(C)(C)OC(=O)Nc1ccccc1NC(=O)c1ccc(-c2cccnc2)cc1,28,15,c,0.08043175935745239,0.33186766505241394
42,CC(C)(C)OC(=O)Nc1ccccc1NC(=O)c1ccc(-c2cccnc2)cc1,29,25,n,0.5837656259536743,0.6610602140426636
42,CC(C)(C)OC(=O)Nc1ccccc1NC(=O)c1ccc(-c2cccnc2)cc1,30,15,c,0.0017326342640444636,0.019117863848805428
42,CC(C)(C)OC(=O)Nc1ccccc1NC(=O)c1ccc(-c2cccnc2)cc1,31,20,1,0.0009827053872868419,0.012439481914043427
42,CC(C)(C)OC(=O)Nc1ccccc1NC(=O)c1ccc(-c2cccnc2)cc1,32,18,),1.3966069221496582,1.1725770235061646
42,CC(C)(C)OC(=O)Nc1ccccc1NC(=O)c1ccc(-c2cccnc2)cc1,33,15,c,0.7709780335426331,1.4466137886047363
42,CC(C)(C)OC(=O)Nc1ccccc1NC(=O)c1ccc(-c2cccnc2)cc1,34,20,1,0.008123554289340973,0.07314746081829071
42,CC(C)(C)OC(=O)Nc1ccccc1NC(=O)c1ccc(-c2cccnc2)cc1,35,15,c,0.009228807874023914,0.06490423530340195
42,CC(C)(C)OC(=O)Nc1ccccc1NC(=O)c1ccc(-c2cccnc2)cc1,36,25,n,0.6533355712890625,0.37429872155189514
42,CC(C)(C)OC(=O)Nc1ccccc1NC(=O)c1ccc(-c2cccnc2)cc1,37,15,c,0.02441789209842682,0.16996179521083832
42,CC(C)(C)OC(=O)Nc1ccccc1NC(=O)c1ccc(-c2cccnc2)cc1,38,15,c,0.2987784147262573,0.714831531047821
42,CC(C)(C)OC(=O)Nc1ccccc1NC(=O)c1ccc(-c2cccnc2)cc1,39,15,c,0.5382868051528931,0.835659384727478
42,CC(C)(C)OC(=O)Nc1ccccc1NC(=O)c1ccc(-c2cccnc2)cc1,40,20,1,0.012598292902112007,0.09715353697538376
42,CC(C)(C)OC(=O)Nc1ccccc1NC(=O)c1ccc(-c2cccnc2)cc1,41,13,[SEP],0.3237801492214203,1.4344762563705444
43,CC[C@@]12C[C@H](O)[C@](O)(c3ccc(F)cc3)C[C@H]1CCc1cc(OCc3cccnc3C)ccc12,0,16,C,0.013015764765441418,0.10223903506994247
43,CC[C@@]12C[C@H](O)[C@](O)(c3ccc(F)cc3)C[C@H]1CCc1cc(OCc3cccnc3C)ccc12,1,16,C,0.9623406529426575,1.1874916553497314
43,CC[C@@]12C[C@H](O)[C@](O)(c3ccc(F)cc3)C[C@H]1CCc1cc(OCc3cccnc3C)ccc12,2,55,[C@],0.8697423338890076,1.084309458732605
43,CC[C@@]12C[C@H](O)[C@](O)(c3ccc(F)cc3)C[C@H]1CCc1cc(OCc3cccnc3C)ccc12,3,20,1,0.8508641719818115,0.43618831038475037
43,CC[C@@]12C[C@H](O)[C@](O)(c3ccc(F)cc3)C[C@H]1CCc1cc(OCc3cccnc3C)ccc12,4,17,(,0.14687687158584595,0.42434582114219666
43,CC[C@@]12C[C@H](O)[C@](O)(c3ccc(F)cc3)C[C@H]1CCc1cc(OCc3cccnc3C)ccc12,5,16,C,1.1010738611221313,1.1957409381866455
43,CC[C@@]12C[C@H](O)[C@](O)(c3ccc(F)cc3)C[C@H]1CCc1cc(OCc3cccnc3C)ccc12,6,33,[C@H],1.0091657638549805,0.5993251204490662
43,CC[C@@]12C[C@H](O)[C@](O)(c3ccc(F)cc3)C[C@H]1CCc1cc(OCc3cccnc3C)ccc12,7,17,(,0.0447002612054348,0.23379190266132355
43,CC[C@@]12C[C@H](O)[C@](O)(c3ccc(F)cc3)C[C@H]1CCc1cc(OCc3cccnc3C)ccc12,8,19,O,0.01831989362835884,0.14537698030471802
43,CC[C@@]12C[C@H](O)[C@](O)(c3ccc(F)cc3)C[C@H]1CCc1cc(OCc3cccnc3C)ccc12,9,18,),0.012711478397250175,0.09914930164813995
43,CC[C@@]12C[C@H](O)[C@](O)(c3ccc(F)cc3)C[C@H]1CCc1cc(OCc3cccnc3C)ccc12,10,15,c,1.0087664127349854,1.6149418354034424
43,CC[C@@]12C[C@H](O)[C@](O)(c3ccc(F)cc3)C[C@H]1CCc1cc(OCc3cccnc3C)ccc12,11,21,2,0.0019594859331846237,0.02201393060386181
43,CC[C@@]12C[C@H](O)[C@](O)(c3ccc(F)cc3)C[C@H]1CCc1cc(OCc3cccnc3C)ccc12,12,25,n,0.6477747559547424,0.24236048758029938
43,CC[C@@]12C[C@H](O)[C@](O)(c3ccc(F)cc3)C[C@H]1CCc1cc(OCc3cccnc3C)ccc12,13,15,c,0.0024324010591953993,0.026417788118124008
43,CC[C@@]12C[C@H](O)[C@](O)(c3ccc(F)cc3)C[C@H]1CCc1cc(OCc3cccnc3C)ccc12,14,15,c,0.004612182267010212,0.042564086616039276
43,CC[C@@]12C[C@H](O)[C@](O)(c3ccc(F)cc3)C[C@H]1CCc1cc(OCc3cccnc3C)ccc12,15,15,c,0.00819188728928566,0.06807895004749298
43,CC[C@@]12C[C@H](O)[C@](O)(c3ccc(F)cc3)C[C@H]1CCc1cc(OCc3cccnc3C)ccc12,16,15,c,0.00394062465056777,0.03856349736452103
43,CC[C@@]12C[C@H](O)[C@](O)(c3ccc(F)cc3)C[C@H]1CCc1cc(OCc3cccnc3C)ccc12,17,21,2,0.001565258949995041,0.01727667823433876
43,CC[C@@]12C[C@H](O)[C@](O)(c3ccc(F)cc3)C[C@H]1CCc1cc(OCc3cccnc3C)ccc12,18,16,C,0.07082968950271606,0.4339580535888672
43,CC[C@@]12C[C@H](O)[C@](O)(c3ccc(F)cc3)C[C@H]1CCc1cc(OCc3cccnc3C)ccc12,19,19,O,1.8874118328094482,1.117005705833435
43,CC[C@@]12C[C@H](O)[C@](O)(c3ccc(F)cc3)C[C@H]1CCc1cc(OCc3cccnc3C)ccc12,20,15,c,0.20578624308109283,0.8188267946243286
43,CC[C@@]12C[C@H](O)[C@](O)(c3ccc(F)cc3)C[C@H]1CCc1cc(OCc3cccnc3C)ccc12,21,21,2,0.001198051031678915,0.014862140640616417
43,CC[C@@]12C[C@H](O)[C@](O)(c3ccc(F)cc3)C[C@H]1CCc1cc(OCc3cccnc3C)ccc12,22,15,c,0.000684643629938364,0.008324057795107365
43,CC[C@@]12C[C@H](O)[C@](O)(c3ccc(F)cc3)C[C@H]1CCc1cc(OCc3cccnc3C)ccc12,23,15,c,0.0009725974523462355,0.011403460055589676
43,CC[C@@]12C[C@H](O)[C@](O)(c3ccc(F)cc3)C[C@H]1CCc1cc(OCc3cccnc3C)ccc12,24,15,c,0.03135227784514427,0.1693577766418457
43,CC[C@@]12C[C@H](O)[C@](O)(c3ccc(F)cc3)C[C@H]1CCc1cc(OCc3cccnc3C)ccc12,25,17,(,0.5477655529975891,0.451131671667099
43,CC[C@@]12C[C@H](O)[C@](O)(c3ccc(F)cc3)C[C@H]1CCc1cc(OCc3cccnc3C)ccc12,26,27,F,0.9463282823562622,1.5648235082626343
43,CC[C@@]12C[C@H](O)[C@](O)(c3ccc(F)cc3)C[C@H]1CCc1cc(OCc3cccnc3C)ccc12,27,18,),0.0008339761989191175,0.010518412105739117
43,CC[C@@]12C[C@H](O)[C@](O)(c3ccc(F)cc3)C[C@H]1CCc1cc(OCc3cccnc3C)ccc12,28,15,c,0.001029030536301434,0.01120470929890871
43,CC[C@@]12C[C@H](O)[C@](O)(c3ccc(F)cc3)C[C@H]1CCc1cc(OCc3cccnc3C)ccc12,29,15,c,0.011778210289776325,0.07480280846357346
43,CC[C@@]12C[C@H](O)[C@](O)(c3ccc(F)cc3)C[C@H]1CCc1cc(OCc3cccnc3C)ccc12,30,21,2,0.0008593513048253953,0.010400962084531784
43,CC[C@@]12C[C@H](O)[C@](O)(c3ccc(F)cc3)C[C@H]1CCc1cc(OCc3cccnc3C)ccc12,31,18,),0.003814785275608301,0.039023950695991516
43,CC[C@@]12C[C@H](O)[C@](O)(c3ccc(F)cc3)C[C@H]1CCc1cc(OCc3cccnc3C)ccc12,32,16,C,0.013219770044088364,0.10071339458227158
43,CC[C@@]12C[C@H](O)[C@](O)(c3ccc(F)cc3)C[C@H]1CCc1cc(OCc3cccnc3C)ccc12,33,33,[C@H],1.0550037622451782,0.4516861140727997
43,CC[C@@]12C[C@H](O)[C@](O)(c3ccc(F)cc3)C[C@H]1CCc1cc(OCc3cccnc3C)ccc12,34,17,(,0.4204184114933014,0.699836790561676
43,CC[C@@]12C[C@H](O)[C@](O)(c3ccc(F)cc3)C[C@H]1CCc1cc(OCc3cccnc3C)ccc12,35,19,O,0.2902795076370239,1.0280368328094482
43,CC[C@@]12C[C@H](O)[C@](O)(c3ccc(F)cc3)C[C@H]1CCc1cc(OCc3cccnc3C)ccc12,36,18,),0.010172175243496895,0.09045291692018509
43,CC[C@@]12C[C@H](O)[C@](O)(c3ccc(F)cc3)C[C@H]1CCc1cc(OCc3cccnc3C)ccc12,37,16,C,0.3092384934425354,0.9881222248077393
43,CC[C@@]12C[C@H](O)[C@](O)(c3ccc(F)cc3)C[C@H]1CCc1cc(OCc3cccnc3C)ccc12,38,16,C,1.447921872138977,1.8827102184295654
43,CC[C@@]12C[C@H](O)[C@](O)(c3ccc(F)cc3)C[C@H]1CCc1cc(OCc3cccnc3C)ccc12,39,15,c,0.3384940028190613,1.45735764503479
43,CC[C@@]12C[C@H](O)[C@](O)(c3ccc(F)cc3)C[C@H]1CCc1cc(OCc3cccnc3C)ccc12,40,21,2,0.0018103690817952156,0.017847200855612755
43,CC[C@@]12C[C@H](O)[C@](O)(c3ccc(F)cc3)C[C@H]1CCc1cc(OCc3cccnc3C)ccc12,41,15,c,0.001562300487421453,0.0160205140709877
43,CC[C@@]12C[C@H](O)[C@](O)(c3ccc(F)cc3)C[C@H]1CCc1cc(OCc3cccnc3C)ccc12,42,15,c,0.005623637232929468,0.04964885860681534
43,CC[C@@]12C[C@H](O)[C@](O)(c3ccc(F)cc3)C[C@H]1CCc1cc(OCc3cccnc3C)ccc12,43,15,c,0.5981104969978333,0.39389917254447937
43,CC[C@@]12C[C@H](O)[C@](O)(c3ccc(F)cc3)C[C@H]1CCc1cc(OCc3cccnc3C)ccc12,44,17,(,0.6204409003257751,0.36738622188568115
43,CC[C@@]12C[C@H](O)[C@](O)(c3ccc(F)cc3)C[C@H]1CCc1cc(OCc3cccnc3C)ccc12,45,16,C,0.7968466877937317,1.2690443992614746
43,CC[C@@]12C[C@H](O)[C@](O)(c3ccc(F)cc3)C[C@H]1CCc1cc(OCc3cccnc3C)ccc12,46,18,),0.017789360135793686,0.14607562124729156
43,CC[C@@]12C[C@H](O)[C@](O)(c3ccc(F)cc3)C[C@H]1CCc1cc(OCc3cccnc3C)ccc12,47,25,n,0.7190154790878296,0.23555460572242737
43,CC[C@@]12C[C@H](O)[C@](O)(c3ccc(F)cc3)C[C@H]1CCc1cc(OCc3cccnc3C)ccc12,48,15,c,0.003943083342164755,0.039830517023801804
43,CC[C@@]12C[C@H](O)[C@](O)(c3ccc(F)cc3)C[C@H]1CCc1cc(OCc3cccnc3C)ccc12,49,21,2,0.0007848382228985429,0.009881298989057541
43,CC[C@@]12C[C@H](O)[C@](O)(c3ccc(F)cc3)C[C@H]1CCc1cc(OCc3cccnc3C)ccc12,50,20,1,0.289553701877594,1.0051804780960083
43,CC[C@@]12C[C@H](O)[C@](O)(c3ccc(F)cc3)C[C@H]1CCc1cc(OCc3cccnc3C)ccc12,51,13,[SEP],0.00027253475855104625,0.0038391249254345894
44,Cc1cc2c(cc1C(=O)O)OCCO2,0,16,C,0.0036996006965637207,0.036456987261772156
44,Cc1cc2c(cc1C(=O)O)OCCO2,1,15,c,0.07043644785881042,0.2989865839481354
44,Cc1cc2c(cc1C(=O)O)OCCO2,2,20,1,0.0012531043030321598,0.014827484264969826
44,Cc1cc2c(cc1C(=O)O)OCCO2,3,15,c,0.005391134414821863,0.045544546097517014
44,Cc1cc2c(cc1C(=O)O)OCCO2,4,15,c,0.022336656227707863,0.13448913395404816
44,Cc1cc2c(cc1C(=O)O)OCCO2,5,21,2,0.15457305312156677,0.4644898772239685
44,Cc1cc2c(cc1C(=O)O)OCCO2,6,15,c,0.0025908437091857195,0.026225456967949867
44,Cc1cc2c(cc1C(=O)O)OCCO2,7,17,(,0.0026719674933701754,0.0247745793312788
44,Cc1cc2c(cc1C(=O)O)OCCO2,8,15,c,0.004309810232371092,0.037726253271102905
44,Cc1cc2c(cc1C(=O)O)OCCO2,9,15,c,0.0061229257844388485,0.049440398812294006
44,Cc1cc2c(cc1C(=O)O)OCCO2,10,20,1,0.0019059665501117706,0.02165648154914379
44,Cc1cc2c(cc1C(=O)O)OCCO2,11,16,C,0.014753379859030247,0.1279977262020111
44,Cc1cc2c(cc1C(=O)O)OCCO2,12,17,(,0.01865328848361969,0.13896511495113373
44,Cc1cc2c(cc1C(=O)O)OCCO2,13,22,=,0.0022170350421220064,0.024432308971881866
44,Cc1cc2c(cc1C(=O)O)OCCO2,14,19,O,0.002929798560217023,0.0299870353192091
44,Cc1cc2c(cc1C(=O)O)OCCO2,15,18,),0.0005102585419081151,0.006812042091041803
44,Cc1cc2c(cc1C(=O)O)OCCO2,16,19,O,0.0015246273251250386,0.01741926744580269
44,Cc1cc2c(cc1C(=O)O)OCCO2,17,18,),0.0026231470983475447,0.027903031557798386
44,Cc1cc2c(cc1C(=O)O)OCCO2,18,19,O,0.2618732452392578,0.5964586734771729
44,Cc1cc2c(cc1C(=O)O)OCCO2,19,16,C,0.0031833569519221783,0.03347411006689072
44,Cc1cc2c(cc1C(=O)O)OCCO2,20,16,C,0.0019642706029117107,0.021573318168520927
44,Cc1cc2c(cc1C(=O)O)OCCO2,21,19,O,0.5642781853675842,1.6680834293365479
44,Cc1cc2c(cc1C(=O)O)OCCO2,22,21,2,0.004603701177984476,0.048722557723522186
44,Cc1cc2c(cc1C(=O)O)OCCO2,23,13,[SEP],0.0007684979937039316,0.009982472285628319
45,COC(=O)C(C)(C)Oc1ccc(C2CC2(Cl)Cl)cc1,0,16,C,0.0014447270659729838,0.016079476103186607
45,COC(=O)C(C)(C)Oc1ccc(C2CC2(Cl)Cl)cc1,1,19,O,0.016227250918745995,0.10048820823431015
45,COC(=O)C(C)(C)Oc1ccc(C2CC2(Cl)Cl)cc1,2,16,C,0.004073061514645815,0.0383717380464077
45,COC(=O)C(C)(C)Oc1ccc(C2CC2(Cl)Cl)cc1,3,17,(,0.0034824064932763577,0.030775241553783417
45,COC(=O)C(C)(C)Oc1ccc(C2CC2(Cl)Cl)cc1,4,22,=,0.013574841432273388,0.08732683956623077
45,COC(=O)C(C)(C)Oc1ccc(C2CC2(Cl)Cl)cc1,5,19,O,0.0009709399309940636,0.01099473237991333
45,COC(=O)C(C)(C)Oc1ccc(C2CC2(Cl)Cl)cc1,6,18,),0.0005374698084779084,0.007161273155361414
45,COC(=O)C(C)(C)Oc1ccc(C2CC2(Cl)Cl)cc1,7,16,C,0.7156102657318115,1.4342091083526611
45,COC(=O)C(C)(C)Oc1ccc(C2CC2(Cl)Cl)cc1,8,20,1,0.5346528887748718,0.5043700933456421
45,COC(=O)C(C)(C)Oc1ccc(C2CC2(Cl)Cl)cc1,9,16,C,0.6855079531669617,0.5658057332038879
45,COC(=O)C(C)(C)Oc1ccc(C2CC2(Cl)Cl)cc1,10,16,C,0.014235458336770535,0.12115143984556198
45,COC(=O)C(C)(C)Oc1ccc(C2CC2(Cl)Cl)cc1,11,20,1,0.008151678368449211,0.060035862028598785
45,COC(=O)C(C)(C)Oc1ccc(C2CC2(Cl)Cl)cc1,12,17,(,0.023425960913300514,0.14847703278064728
45,COC(=O)C(C)(C)Oc1ccc(C2CC2(Cl)Cl)cc1,13,16,C,0.009663167409598827,0.0780797153711319
45,COC(=O)C(C)(C)Oc1ccc(C2CC2(Cl)Cl)cc1,14,18,),0.003311684587970376,0.03281194344162941
45,COC(=O)C(C)(C)Oc1ccc(C2CC2(Cl)Cl)cc1,15,16,C,1.0112278461456299,0.8832571506500244
45,COC(=O)C(C)(C)Oc1ccc(C2CC2(Cl)Cl)cc1,16,18,),1.0679105520248413,1.414379358291626
45,COC(=O)C(C)(C)Oc1ccc(C2CC2(Cl)Cl)cc1,17,15,c,1.124661922454834,0.7880530953407288
45,COC(=O)C(C)(C)Oc1ccc(C2CC2(Cl)Cl)cc1,18,20,1,0.0007414167048409581,0.009387108497321606
45,COC(=O)C(C)(C)Oc1ccc(C2CC2(Cl)Cl)cc1,19,15,c,0.0014980027917772532,0.015897812321782112
45,COC(=O)C(C)(C)Oc1ccc(C2CC2(Cl)Cl)cc1,20,15,c,0.167984738945961,0.4158306121826172
45,COC(=O)C(C)(C)Oc1ccc(C2CC2(Cl)Cl)cc1,21,15,c,0.058551233261823654,0.23515000939369202
45,COC(=O)C(C)(C)Oc1ccc(C2CC2(Cl)Cl)cc1,22,17,(,0.0055785649456083775,0.042654357850551605
45,COC(=O)C(C)(C)Oc1ccc(C2CC2(Cl)Cl)cc1,23,19,O,0.23237048089504242,0.7335188984870911
45,COC(=O)C(C)(C)Oc1ccc(C2CC2(Cl)Cl)cc1,24,16,C,0.045898374170064926,0.3225897252559662
45,COC(=O)C(C)(C)Oc1ccc(C2CC2(Cl)Cl)cc1,25,17,(,0.6199350357055664,1.0389008522033691
45,COC(=O)C(C)(C)Oc1ccc(C2CC2(Cl)Cl)cc1,26,28,Cl,0.781829297542572,0.7619845867156982
45,COC(=O)C(C)(C)Oc1ccc(C2CC2(Cl)Cl)cc1,27,18,),0.000485236756503582,0.00658356212079525
45,COC(=O)C(C)(C)Oc1ccc(C2CC2(Cl)Cl)cc1,28,17,(,0.4203380346298218,1.28108549118042
45,COC(=O)C(C)(C)Oc1ccc(C2CC2(Cl)Cl)cc1,29,16,C,0.13065433502197266,0.4712994396686554
45,COC(=O)C(C)(C)Oc1ccc(C2CC2(Cl)Cl)cc1,30,18,),0.0010618629166856408,0.013090701773762703
45,COC(=O)C(C)(C)Oc1ccc(C2CC2(Cl)Cl)cc1,31,28,Cl,0.0154941501095891,0.1174982339143753
45,COC(=O)C(C)(C)Oc1ccc(C2CC2(Cl)Cl)cc1,32,18,),0.0006004230817779899,0.007904501631855965
45,COC(=O)C(C)(C)Oc1ccc(C2CC2(Cl)Cl)cc1,33,15,c,0.0034990531858056784,0.03314554691314697
45,COC(=O)C(C)(C)Oc1ccc(C2CC2(Cl)Cl)cc1,34,15,c,0.006111775990575552,0.054676931351423264
45,COC(=O)C(C)(C)Oc1ccc(C2CC2(Cl)Cl)cc1,35,20,1,0.006061865948140621,0.05634812265634537
45,COC(=O)C(C)(C)Oc1ccc(C2CC2(Cl)Cl)cc1,36,13,[SEP],0.0022162944078445435,0.026151996105909348
46,CN(C(=O)N1CCOCC1)c1cccc(Br)c1,0,16,C,0.00864548608660698,0.06983548402786255
46,CN(C(=O)N1CCOCC1)c1cccc(Br)c1,1,23,N,0.031188970431685448,0.23949939012527466
46,CN(C(=O)N1CCOCC1)c1cccc(Br)c1,2,17,(,0.04996369779109955,0.26683974266052246
46,CN(C(=O)N1CCOCC1)c1cccc(Br)c1,3,16,C,0.962513267993927,1.1285680532455444
46,CN(C(=O)N1CCOCC1)c1cccc(Br)c1,4,17,(,0.019194966182112694,0.14563076198101044
46,CN(C(=O)N1CCOCC1)c1cccc(Br)c1,5,22,=,0.002391272224485874,0.025898054242134094
46,CN(C(=O)N1CCOCC1)c1cccc(Br)c1,6,19,O,0.0027581944596022367,0.027894260361790657
46,CN(C(=O)N1CCOCC1)c1cccc(Br)c1,7,18,),0.0005376096232794225,0.007240793667733669
46,CN(C(=O)N1CCOCC1)c1cccc(Br)c1,8,23,N,0.01698938012123108,0.1384962797164917
46,CN(C(=O)N1CCOCC1)c1cccc(Br)c1,9,20,1,0.01750464178621769,0.13263772428035736
46,CN(C(=O)N1CCOCC1)c1cccc(Br)c1,10,16,C,0.002311164978891611,0.024272946640849113
46,CN(C(=O)N1CCOCC1)c1cccc(Br)c1,11,16,C,0.0025159779470413923,0.02730368636548519
46,CN(C(=O)N1CCOCC1)c1cccc(Br)c1,12,19,O,0.005485985428094864,0.054661527276039124
46,CN(C(=O)N1CCOCC1)c1cccc(Br)c1,13,16,C,0.001992025412619114,0.022652676329016685
46,CN(C(=O)N1CCOCC1)c1cccc(Br)c1,14,16,C,0.0011941691627725959,0.01401037722826004
46,CN(C(=O)N1CCOCC1)c1cccc(Br)c1,15,20,1,0.0015805282164365053,0.01931796781718731
46,CN(C(=O)N1CCOCC1)c1cccc(Br)c1,16,18,),0.000689572305418551,0.009073596447706223
46,CN(C(=O)N1CCOCC1)c1cccc(Br)c1,17,15,c,0.005470214411616325,0.05258063226938248
46,CN(C(=O)N1CCOCC1)c1cccc(Br)c1,18,20,1,0.0011007047723978758,0.01383027620613575
46,CN(C(=O)N1CCOCC1)c1cccc(Br)c1,19,15,c,0.0007823582855053246,0.00963411945849657
46,CN(C(=O)N1CCOCC1)c1cccc(Br)c1,20,15,c,0.0017414529575034976,0.019456911832094193
46,CN(C(=O)N1CCOCC1)c1cccc(Br)c1,21,15,c,0.0010518450289964676,0.012427320703864098
46,CN(C(=O)N1CCOCC1)c1cccc(Br)c1,22,15,c,0.0011813639430329204,0.012761939316987991
46,CN(C(=O)N1CCOCC1)c1cccc(Br)c1,23,17,(,0.004087009001523256,0.036070238798856735
46,CN(C(=O)N1CCOCC1)c1cccc(Br)c1,24,37,Br,0.0036930046044290066,0.041496388614177704
46,CN(C(=O)N1CCOCC1)c1cccc(Br)c1,25,18,),0.0006235291948541999,0.008245292119681835
46,CN(C(=O)N1CCOCC1)c1cccc(Br)c1,26,15,c,0.0006126508233137429,0.0075471121817827225
46,CN(C(=O)N1CCOCC1)c1cccc(Br)c1,27,20,1,0.0011648844229057431,0.014353541657328606
46,CN(C(=O)N1CCOCC1)c1cccc(Br)c1,28,13,[SEP],0.0009119596215896308,0.010366562753915787
47,CC(C)(C)c1ccc(C(=O)Nc2ccccc2C(=O)Nc2ccc3cn[nH]c3c2)cc1,0,16,C,0.001567489467561245,0.017457200214266777
47,CC(C)(C)c1ccc(C(=O)Nc2ccccc2C(=O)Nc2ccc3cn[nH]c3c2)cc1,1,16,C,0.0027667039539664984,0.029167408123612404
47,CC(C)(C)c1ccc(C(=O)Nc2ccccc2C(=O)Nc2ccc3cn[nH]c3c2)cc1,2,17,(,0.0022586181294173002,0.02312326431274414
47,CC(C)(C)c1ccc(C(=O)Nc2ccccc2C(=O)Nc2ccc3cn[nH]c3c2)cc1,3,16,C,0.0034511040430516005,0.031773537397384644
47,CC(C)(C)c1ccc(C(=O)Nc2ccccc2C(=O)Nc2ccc3cn[nH]c3c2)cc1,4,18,),0.0006674114847555757,0.008557319641113281
47,CC(C)(C)c1ccc(C(=O)Nc2ccccc2C(=O)Nc2ccc3cn[nH]c3c2)cc1,5,17,(,0.0011472089681774378,0.012750946916639805
47,CC(C)(C)c1ccc(C(=O)Nc2ccccc2C(=O)Nc2ccc3cn[nH]c3c2)cc1,6,16,C,0.001049818005412817,0.012138859368860722
47,CC(C)(C)c1ccc(C(=O)Nc2ccccc2C(=O)Nc2ccc3cn[nH]c3c2)cc1,7,18,),0.0007248938200064003,0.009215470403432846
47,CC(C)(C)c1ccc(C(=O)Nc2ccccc2C(=O)Nc2ccc3cn[nH]c3c2)cc1,8,15,c,0.0487101711332798,0.23247456550598145
47,CC(C)(C)c1ccc(C(=O)Nc2ccccc2C(=O)Nc2ccc3cn[nH]c3c2)cc1,9,20,1,0.0009757190709933639,0.01207938976585865
47,CC(C)(C)c1ccc(C(=O)Nc2ccccc2C(=O)Nc2ccc3cn[nH]c3c2)cc1,10,15,c,0.0111471489071846,0.0850909873843193
47,CC(C)(C)c1ccc(C(=O)Nc2ccccc2C(=O)Nc2ccc3cn[nH]c3c2)cc1,11,15,c,0.005870466586202383,0.04529605060815811
47,CC(C)(C)c1ccc(C(=O)Nc2ccccc2C(=O)Nc2ccc3cn[nH]c3c2)cc1,12,15,c,0.360063761472702,0.8758372664451599
47,CC(C)(C)c1ccc(C(=O)Nc2ccccc2C(=O)Nc2ccc3cn[nH]c3c2)cc1,13,17,(,0.7819849848747253,0.7504539489746094
47,CC(C)(C)c1ccc(C(=O)Nc2ccccc2C(=O)Nc2ccc3cn[nH]c3c2)cc1,14,16,C,0.20231662690639496,0.653408408164978
47,CC(C)(C)c1ccc(C(=O)Nc2ccccc2C(=O)Nc2ccc3cn[nH]c3c2)cc1,15,17,(,0.05658525601029396,0.25630760192871094
47,CC(C)(C)c1ccc(C(=O)Nc2ccccc2C(=O)Nc2ccc3cn[nH]c3c2)cc1,16,22,=,0.0011870774906128645,0.013772504404187202
47,CC(C)(C)c1ccc(C(=O)Nc2ccccc2C(=O)Nc2ccc3cn[nH]c3c2)cc1,17,19,O,0.0012409905903041363,0.014046278782188892
47,CC(C)(C)c1ccc(C(=O)Nc2ccccc2C(=O)Nc2ccc3cn[nH]c3c2)cc1,18,18,),0.0006106842192821205,0.007944217883050442
47,CC(C)(C)c1ccc(C(=O)Nc2ccccc2C(=O)Nc2ccc3cn[nH]c3c2)cc1,19,23,N,0.00979223195463419,0.08188214153051376
47,CC(C)(C)c1ccc(C(=O)Nc2ccccc2C(=O)Nc2ccc3cn[nH]c3c2)cc1,20,15,c,0.018491310998797417,0.13782380521297455
47,CC(C)(C)c1ccc(C(=O)Nc2ccccc2C(=O)Nc2ccc3cn[nH]c3c2)cc1,21,21,2,0.005163513123989105,0.05235333368182182
47,CC(C)(C)c1ccc(C(=O)Nc2ccccc2C(=O)Nc2ccc3cn[nH]c3c2)cc1,22,15,c,0.05160597339272499,0.22251664102077484
47,CC(C)(C)c1ccc(C(=O)Nc2ccccc2C(=O)Nc2ccc3cn[nH]c3c2)cc1,23,15,c,0.02827977016568184,0.15230901539325714
47,CC(C)(C)c1ccc(C(=O)Nc2ccccc2C(=O)Nc2ccc3cn[nH]c3c2)cc1,24,15,c,0.16766272485256195,0.6075642108917236
47,CC(C)(C)c1ccc(C(=O)Nc2ccccc2C(=O)Nc2ccc3cn[nH]c3c2)cc1,25,15,c,0.3232061564922333,0.9516600370407104
47,CC(C)(C)c1ccc(C(=O)Nc2ccccc2C(=O)Nc2ccc3cn[nH]c3c2)cc1,26,15,c,0.48328840732574463,0.941960334777832
47,CC(C)(C)c1ccc(C(=O)Nc2ccccc2C(=O)Nc2ccc3cn[nH]c3c2)cc1,27,21,2,0.003740505548194051,0.035733096301555634
47,CC(C)(C)c1ccc(C(=O)Nc2ccccc2C(=O)Nc2ccc3cn[nH]c3c2)cc1,28,16,C,0.17512062191963196,0.5954103469848633
47,CC(C)(C)c1ccc(C(=O)Nc2ccccc2C(=O)Nc2ccc3cn[nH]c3c2)cc1,29,17,(,0.0034535382874310017,0.030549731105566025
47,CC(C)(C)c1ccc(C(=O)Nc2ccccc2C(=O)Nc2ccc3cn[nH]c3c2)cc1,30,22,=,0.0011844156542792916,0.013548435643315315
47,CC(C)(C)c1ccc(C(=O)Nc2ccccc2C(=O)Nc2ccc3cn[nH]c3c2)cc1,31,19,O,0.0011945762671530247,0.013702425174415112
47,CC(C)(C)c1ccc(C(=O)Nc2ccccc2C(=O)Nc2ccc3cn[nH]c3c2)cc1,32,18,),0.0006133463466539979,0.008068269118666649
47,CC(C)(C)c1ccc(C(=O)Nc2ccccc2C(=O)Nc2ccc3cn[nH]c3c2)cc1,33,23,N,0.004023659508675337,0.040294013917446136
47,CC(C)(C)c1ccc(C(=O)Nc2ccccc2C(=O)Nc2ccc3cn[nH]c3c2)cc1,34,15,c,0.004755240865051746,0.046780064702034
47,CC(C)(C)c1ccc(C(=O)Nc2ccccc2C(=O)Nc2ccc3cn[nH]c3c2)cc1,35,21,2,0.008524731732904911,0.07947991043329239
47,CC(C)(C)c1ccc(C(=O)Nc2ccccc2C(=O)Nc2ccc3cn[nH]c3c2)cc1,36,15,c,0.03711671754717827,0.17988963425159454
47,CC(C)(C)c1ccc(C(=O)Nc2ccccc2C(=O)Nc2ccc3cn[nH]c3c2)cc1,37,15,c,0.048326194286346436,0.21662577986717224
47,CC(C)(C)c1ccc(C(=O)Nc2ccccc2C(=O)Nc2ccc3cn[nH]c3c2)cc1,38,15,c,0.10882885754108429,0.36582913994789124
47,CC(C)(C)c1ccc(C(=O)Nc2ccccc2C(=O)Nc2ccc3cn[nH]c3c2)cc1,39,26,3,0.9430060386657715,0.9308080673217773
47,CC(C)(C)c1ccc(C(=O)Nc2ccccc2C(=O)Nc2ccc3cn[nH]c3c2)cc1,40,15,c,0.4258100092411041,0.7428621053695679
47,CC(C)(C)c1ccc(C(=O)Nc2ccccc2C(=O)Nc2ccc3cn[nH]c3c2)cc1,41,25,n,0.008972631767392159,0.0737990140914917
47,CC(C)(C)c1ccc(C(=O)Nc2ccccc2C(=O)Nc2ccc3cn[nH]c3c2)cc1,42,40,[nH],0.047940317541360855,0.24551409482955933
47,CC(C)(C)c1ccc(C(=O)Nc2ccccc2C(=O)Nc2ccc3cn[nH]c3c2)cc1,43,15,c,0.003765101544559002,0.03526643291115761
47,CC(C)(C)c1ccc(C(=O)Nc2ccccc2C(=O)Nc2ccc3cn[nH]c3c2)cc1,44,26,3,0.008222007192671299,0.0703437402844429
47,CC(C)(C)c1ccc(C(=O)Nc2ccccc2C(=O)Nc2ccc3cn[nH]c3c2)cc1,45,15,c,0.0633816123008728,0.2397051304578781
47,CC(C)(C)c1ccc(C(=O)Nc2ccccc2C(=O)Nc2ccc3cn[nH]c3c2)cc1,46,21,2,0.0036343687679618597,0.03597191348671913
47,CC(C)(C)c1ccc(C(=O)Nc2ccccc2C(=O)Nc2ccc3cn[nH]c3c2)cc1,47,18,),0.0013151862658560276,0.01590747758746147
47,CC(C)(C)c1ccc(C(=O)Nc2ccccc2C(=O)Nc2ccc3cn[nH]c3c2)cc1,48,15,c,0.01975945569574833,0.11001531034708023
47,CC(C)(C)c1ccc(C(=O)Nc2ccccc2C(=O)Nc2ccc3cn[nH]c3c2)cc1,49,15,c,0.6999450922012329,0.09922372549772263
47,CC(C)(C)c1ccc(C(=O)Nc2ccccc2C(=O)Nc2ccc3cn[nH]c3c2)cc1,50,20,1,0.009894809685647488,0.08092665672302246
47,CC(C)(C)c1ccc(C(=O)Nc2ccccc2C(=O)Nc2ccc3cn[nH]c3c2)cc1,51,13,[SEP],0.0064143589697778225,0.058134403079748154
48,Cc1nc(C(=O)O)cn1CC(F)F,0,16,C,0.0038623581640422344,0.03668133169412613
48,Cc1nc(C(=O)O)cn1CC(F)F,1,15,c,0.2529451847076416,0.7255839109420776
48,Cc1nc(C(=O)O)cn1CC(F)F,2,20,1,0.0010322906309738755,0.012927522882819176
48,Cc1nc(C(=O)O)cn1CC(F)F,3,25,n,0.19119156897068024,0.5052505731582642
48,Cc1nc(C(=O)O)cn1CC(F)F,4,15,c,0.03191521763801575,0.16738972067832947
48,Cc1nc(C(=O)O)cn1CC(F)F,5,17,(,1.066210150718689,0.21588583290576935
48,Cc1nc(C(=O)O)cn1CC(F)F,6,16,C,0.1165366917848587,0.5146775245666504
48,Cc1nc(C(=O)O)cn1CC(F)F,7,17,(,0.007482555694878101,0.06347164511680603
48,Cc1nc(C(=O)O)cn1CC(F)F,8,22,=,0.5081930756568909,0.6052818298339844
48,Cc1nc(C(=O)O)cn1CC(F)F,9,19,O,0.005747202783823013,0.051927078515291214
48,Cc1nc(C(=O)O)cn1CC(F)F,10,18,),0.0005731674027629197,0.0075759743340313435
48,Cc1nc(C(=O)O)cn1CC(F)F,11,19,O,0.012219304218888283,0.09643077105283737
48,Cc1nc(C(=O)O)cn1CC(F)F,12,18,),0.0020801883656531572,0.02367497980594635
48,Cc1nc(C(=O)O)cn1CC(F)F,13,15,c,0.003881660522893071,0.03441028296947479
48,Cc1nc(C(=O)O)cn1CC(F)F,14,25,n,0.026958191767334938,0.1731334775686264
48,Cc1nc(C(=O)O)cn1CC(F)F,15,20,1,0.002888929797336459,0.03173115476965904
48,Cc1nc(C(=O)O)cn1CC(F)F,16,16,C,0.0032865935936570168,0.0327625498175621
48,Cc1nc(C(=O)O)cn1CC(F)F,17,16,C,0.009083555079996586,0.07445650547742844
48,Cc1nc(C(=O)O)cn1CC(F)F,18,17,(,0.027850106358528137,0.1904364675283432
48,Cc1nc(C(=O)O)cn1CC(F)F,19,27,F,0.003012258792296052,0.03346838057041168
48,Cc1nc(C(=O)O)cn1CC(F)F,20,18,),0.0006205866229720414,0.008124138228595257
48,Cc1nc(C(=O)O)cn1CC(F)F,21,27,F,0.005072412546724081,0.0532950758934021
48,Cc1nc(C(=O)O)cn1CC(F)F,22,13,[SEP],0.0005646239733323455,0.006678849458694458
49,C=CCNC(=O)N(C)c1ccc(SC(F)(F)F)cc1F,0,16,C,0.0015444280579686165,0.016903061419725418
49,C=CCNC(=O)N(C)c1ccc(SC(F)(F)F)cc1F,1,22,=,0.00808356236666441,0.06632669270038605
49,C=CCNC(=O)N(C)c1ccc(SC(F)(F)F)cc1F,2,16,C,0.005015778820961714,0.04494732990860939
49,C=CCNC(=O)N(C)c1ccc(SC(F)(F)F)cc1F,3,16,C,0.00885816477239132,0.07356748729944229
49,C=CCNC(=O)N(C)c1ccc(SC(F)(F)F)cc1F,4,23,N,0.03661017492413521,0.20296978950500488
49,C=CCNC(=O)N(C)c1ccc(SC(F)(F)F)cc1F,5,16,C,0.009583137929439545,0.07888294756412506
49,C=CCNC(=O)N(C)c1ccc(SC(F)(F)F)cc1F,6,17,(,0.002232247730717063,0.02173878438770771
49,C=CCNC(=O)N(C)c1ccc(SC(F)(F)F)cc1F,7,22,=,0.000937764416448772,0.011530290357768536
49,C=CCNC(=O)N(C)c1ccc(SC(F)(F)F)cc1F,8,19,O,0.03534666448831558,0.19772666692733765
49,C=CCNC(=O)N(C)c1ccc(SC(F)(F)F)cc1F,9,18,),0.0005501065752469003,0.007338232360780239
49,C=CCNC(=O)N(C)c1ccc(SC(F)(F)F)cc1F,10,23,N,0.003977308049798012,0.039191339164972305
49,C=CCNC(=O)N(C)c1ccc(SC(F)(F)F)cc1F,11,17,(,0.765434741973877,0.5523732900619507
49,C=CCNC(=O)N(C)c1ccc(SC(F)(F)F)cc1F,12,16,C,0.009412304498255253,0.08178406208753586
49,C=CCNC(=O)N(C)c1ccc(SC(F)(F)F)cc1F,13,18,),0.0016127536073327065,0.018400203436613083
49,C=CCNC(=O)N(C)c1ccc(SC(F)(F)F)cc1F,14,15,c,0.47058746218681335,0.7591677904129028
49,C=CCNC(=O)N(C)c1ccc(SC(F)(F)F)cc1F,15,20,1,0.0007361028110608459,0.009601918049156666
49,C=CCNC(=O)N(C)c1ccc(SC(F)(F)F)cc1F,16,15,c,0.014622300863265991,0.10583512485027313
49,C=CCNC(=O)N(C)c1ccc(SC(F)(F)F)cc1F,17,15,c,0.012323425151407719,0.0959615483880043
49,C=CCNC(=O)N(C)c1ccc(SC(F)(F)F)cc1F,18,15,c,0.09771101921796799,0.3478577136993408
49,C=CCNC(=O)N(C)c1ccc(SC(F)(F)F)cc1F,19,17,(,0.008979950100183487,0.06847875565290451
49,C=CCNC(=O)N(C)c1ccc(SC(F)(F)F)cc1F,20,34,S,0.02431817539036274,0.15557770431041718
49,C=CCNC(=O)N(C)c1ccc(SC(F)(F)F)cc1F,21,16,C,0.04014258086681366,0.22213399410247803
49,C=CCNC(=O)N(C)c1ccc(SC(F)(F)F)cc1F,22,17,(,0.18349221348762512,0.6620787382125854
49,C=CCNC(=O)N(C)c1ccc(SC(F)(F)F)cc1F,23,27,F,0.00270061194896698,0.029352039098739624
49,C=CCNC(=O)N(C)c1ccc(SC(F)(F)F)cc1F,24,18,),0.0005077844834886491,0.006804643198847771
49,C=CCNC(=O)N(C)c1ccc(SC(F)(F)F)cc1F,25,17,(,0.007677609100937843,0.06644928455352783
49,C=CCNC(=O)N(C)c1ccc(SC(F)(F)F)cc1F,26,27,F,0.001090572215616703,0.01374341081827879
49,C=CCNC(=O)N(C)c1ccc(SC(F)(F)F)cc1F,27,18,),0.0004933226737193763,0.006676691584289074
49,C=CCNC(=O)N(C)c1ccc(SC(F)(F)F)cc1F,28,27,F,0.002450956031680107,0.026438690721988678
49,C=CCNC(=O)N(C)c1ccc(SC(F)(F)F)cc1F,29,18,),0.0005073690554127097,0.006822400726377964
49,C=CCNC(=O)N(C)c1ccc(SC(F)(F)F)cc1F,30,15,c,0.0011788597330451012,0.01304157730191946
49,C=CCNC(=O)N(C)c1ccc(SC(F)(F)F)cc1F,31,15,c,0.07062113285064697,0.27590131759643555
49,C=CCNC(=O)N(C)c1ccc(SC(F)(F)F)cc1F,32,20,1,0.0008345875539816916,0.01062063593417406
49,C=CCNC(=O)N(C)c1ccc(SC(F)(F)F)cc1F,33,27,F,0.0030631087720394135,0.034237880259752274
49,C=CCNC(=O)N(C)c1ccc(SC(F)(F)F)cc1F,34,13,[SEP],0.0021370870526880026,0.019202211871743202
50,N#Cc1ccc(SC2CCCc3cccnc32)cc1,0,23,N,0.013351311907172203,0.0921318382024765
50,N#Cc1ccc(SC2CCCc3cccnc32)cc1,1,38,#,0.004177797585725784,0.04511535167694092
50,N#Cc1ccc(SC2CCCc3cccnc32)cc1,2,16,C,0.004117082804441452,0.040115758776664734
50,N#Cc1ccc(SC2CCCc3cccnc32)cc1,3,15,c,0.3572695553302765,0.7225083708763123
50,N#Cc1ccc(SC2CCCc3cccnc32)cc1,4,20,1,0.0064203450456261635,0.0569240041077137
50,N#Cc1ccc(SC2CCCc3cccnc32)cc1,5,15,c,0.03651397302746773,0.2035290002822876
50,N#Cc1ccc(SC2CCCc3cccnc32)cc1,6,15,c,0.006450211629271507,0.053941041231155396
50,N#Cc1ccc(SC2CCCc3cccnc32)cc1,7,15,c,0.02419363707304001,0.15330220758914948
50,N#Cc1ccc(SC2CCCc3cccnc32)cc1,8,17,(,0.5505557656288147,0.8094311952590942
50,N#Cc1ccc(SC2CCCc3cccnc32)cc1,9,34,S,0.6800475120544434,0.3798260986804962
50,N#Cc1ccc(SC2CCCc3cccnc32)cc1,10,16,C,0.1891203224658966,0.4880295395851135
50,N#Cc1ccc(SC2CCCc3cccnc32)cc1,11,21,2,0.41425958275794983,0.7575662732124329
50,N#Cc1ccc(SC2CCCc3cccnc32)cc1,12,16,C,0.005854154005646706,0.05334802716970444
50,N#Cc1ccc(SC2CCCc3cccnc32)cc1,13,16,C,0.00224718963727355,0.024546800181269646
50,N#Cc1ccc(SC2CCCc3cccnc32)cc1,14,16,C,0.007140273228287697,0.06186766177415848
50,N#Cc1ccc(SC2CCCc3cccnc32)cc1,15,15,c,0.006531814578920603,0.05463263392448425
50,N#Cc1ccc(SC2CCCc3cccnc32)cc1,16,26,3,0.0024972702376544476,0.0283302441239357
50,N#Cc1ccc(SC2CCCc3cccnc32)cc1,17,25,n,0.27253326773643494,0.4761505126953125
50,N#Cc1ccc(SC2CCCc3cccnc32)cc1,18,15,c,0.0009856546530500054,0.011754844337701797
50,N#Cc1ccc(SC2CCCc3cccnc32)cc1,19,15,c,0.0015203191433101892,0.018158014863729477
50,N#Cc1ccc(SC2CCCc3cccnc32)cc1,20,15,c,0.0013789177173748612,0.01633259281516075
50,N#Cc1ccc(SC2CCCc3cccnc32)cc1,21,15,c,0.002408140804618597,0.023275185376405716
50,N#Cc1ccc(SC2CCCc3cccnc32)cc1,22,26,3,0.0028342988807708025,0.029908934608101845
50,N#Cc1ccc(SC2CCCc3cccnc32)cc1,23,21,2,0.0018718107603490353,0.020895594730973244
50,N#Cc1ccc(SC2CCCc3cccnc32)cc1,24,18,),0.0007093744352459908,0.009252499788999557
50,N#Cc1ccc(SC2CCCc3cccnc32)cc1,25,15,c,0.0007943190867081285,0.00882715918123722
50,N#Cc1ccc(SC2CCCc3cccnc32)cc1,26,15,c,0.0009260535007342696,0.010483723133802414
50,N#Cc1ccc(SC2CCCc3cccnc32)cc1,27,20,1,0.001711471239104867,0.018973611295223236
50,N#Cc1ccc(SC2CCCc3cccnc32)cc1,28,13,[SEP],0.004870809614658356,0.042853109538555145
51,Cn1ncc(Cl)c1-c1cc(NC(=O)Nc2ccc(F)cc2F)ccc1O,0,16,C,0.01734216883778572,0.11222244799137115
51,Cn1ncc(Cl)c1-c1cc(NC(=O)Nc2ccc(F)cc2F)ccc1O,1,25,n,0.03739938139915466,0.24606242775917053
51,Cn1ncc(Cl)c1-c1cc(NC(=O)Nc2ccc(F)cc2F)ccc1O,2,20,1,0.004100282676517963,0.04404289275407791
51,Cn1ncc(Cl)c1-c1cc(NC(=O)Nc2ccc(F)cc2F)ccc1O,3,15,c,0.669565737247467,0.2005690634250641
51,Cn1ncc(Cl)c1-c1cc(NC(=O)Nc2ccc(F)cc2F)ccc1O,4,15,c,0.7104319930076599,0.9157355427742004
51,Cn1ncc(Cl)c1-c1cc(NC(=O)Nc2ccc(F)cc2F)ccc1O,5,17,(,0.05639397352933884,0.2991020679473877
51,Cn1ncc(Cl)c1-c1cc(NC(=O)Nc2ccc(F)cc2F)ccc1O,6,31,-,0.5219377875328064,1.3545581102371216
51,Cn1ncc(Cl)c1-c1cc(NC(=O)Nc2ccc(F)cc2F)ccc1O,7,15,c,0.0013629094464704394,0.014815234579145908
51,Cn1ncc(Cl)c1-c1cc(NC(=O)Nc2ccc(F)cc2F)ccc1O,8,21,2,0.0012165603693574667,0.014623253606259823
51,Cn1ncc(Cl)c1-c1cc(NC(=O)Nc2ccc(F)cc2F)ccc1O,9,15,c,0.2833535373210907,0.49870607256889343
51,Cn1ncc(Cl)c1-c1cc(NC(=O)Nc2ccc(F)cc2F)ccc1O,10,15,c,0.15044978260993958,0.5260441303253174
51,Cn1ncc(Cl)c1-c1cc(NC(=O)Nc2ccc(F)cc2F)ccc1O,11,15,c,0.6818769574165344,0.6225813627243042
51,Cn1ncc(Cl)c1-c1cc(NC(=O)Nc2ccc(F)cc2F)ccc1O,12,17,(,0.19279800355434418,0.5660583972930908
51,Cn1ncc(Cl)c1-c1cc(NC(=O)Nc2ccc(F)cc2F)ccc1O,13,23,N,0.752841591835022,1.401949167251587
51,Cn1ncc(Cl)c1-c1cc(NC(=O)Nc2ccc(F)cc2F)ccc1O,14,16,C,0.032565969973802567,0.22511619329452515
51,Cn1ncc(Cl)c1-c1cc(NC(=O)Nc2ccc(F)cc2F)ccc1O,15,17,(,0.0019876889418810606,0.02101648412644863
51,Cn1ncc(Cl)c1-c1cc(NC(=O)Nc2ccc(F)cc2F)ccc1O,16,22,=,0.005933632142841816,0.053040824830532074
51,Cn1ncc(Cl)c1-c1cc(NC(=O)Nc2ccc(F)cc2F)ccc1O,17,19,O,0.06813981384038925,0.28820177912712097
51,Cn1ncc(Cl)c1-c1cc(NC(=O)Nc2ccc(F)cc2F)ccc1O,18,18,),0.0005275406874716282,0.007076496258378029
51,Cn1ncc(Cl)c1-c1cc(NC(=O)Nc2ccc(F)cc2F)ccc1O,19,23,N,0.004318834748119116,0.04029492288827896
51,Cn1ncc(Cl)c1-c1cc(NC(=O)Nc2ccc(F)cc2F)ccc1O,20,15,c,0.7640722990036011,0.5035176277160645
51,Cn1ncc(Cl)c1-c1cc(NC(=O)Nc2ccc(F)cc2F)ccc1O,21,26,3,0.011484622023999691,0.1092083677649498
51,Cn1ncc(Cl)c1-c1cc(NC(=O)Nc2ccc(F)cc2F)ccc1O,22,15,c,0.01401792373508215,0.08602532744407654
51,Cn1ncc(Cl)c1-c1cc(NC(=O)Nc2ccc(F)cc2F)ccc1O,23,17,(,0.591925323009491,0.27995261549949646
51,Cn1ncc(Cl)c1-c1cc(NC(=O)Nc2ccc(F)cc2F)ccc1O,24,27,F,0.02591216005384922,0.16479195654392242
51,Cn1ncc(Cl)c1-c1cc(NC(=O)Nc2ccc(F)cc2F)ccc1O,25,18,),0.00063797936309129,0.008272549137473106
51,Cn1ncc(Cl)c1-c1cc(NC(=O)Nc2ccc(F)cc2F)ccc1O,26,15,c,0.0040770480409264565,0.03465048968791962
51,Cn1ncc(Cl)c1-c1cc(NC(=O)Nc2ccc(F)cc2F)ccc1O,27,15,c,0.0075871506705880165,0.059880126267671585
51,Cn1ncc(Cl)c1-c1cc(NC(=O)Nc2ccc(F)cc2F)ccc1O,28,15,c,0.3150440454483032,0.6441912651062012
51,Cn1ncc(Cl)c1-c1cc(NC(=O)Nc2ccc(F)cc2F)ccc1O,29,17,(,0.035624586045742035,0.16753427684307098
51,Cn1ncc(Cl)c1-c1cc(NC(=O)Nc2ccc(F)cc2F)ccc1O,30,27,F,0.027227893471717834,0.16285061836242676
51,Cn1ncc(Cl)c1-c1cc(NC(=O)Nc2ccc(F)cc2F)ccc1O,31,18,),0.0007060477510094643,0.009103571064770222
51,Cn1ncc(Cl)c1-c1cc(NC(=O)Nc2ccc(F)cc2F)ccc1O,32,15,c,0.0018512164242565632,0.019022878259420395
51,Cn1ncc(Cl)c1-c1cc(NC(=O)Nc2ccc(F)cc2F)ccc1O,33,26,3,0.33561402559280396,0.6546227931976318
51,Cn1ncc(Cl)c1-c1cc(NC(=O)Nc2ccc(F)cc2F)ccc1O,34,28,Cl,0.16084171831607819,0.6512471437454224
51,Cn1ncc(Cl)c1-c1cc(NC(=O)Nc2ccc(F)cc2F)ccc1O,35,18,),0.0007212827913463116,0.00928338710218668
51,Cn1ncc(Cl)c1-c1cc(NC(=O)Nc2ccc(F)cc2F)ccc1O,36,15,c,0.4657098054885864,0.4632760286331177
51,Cn1ncc(Cl)c1-c1cc(NC(=O)Nc2ccc(F)cc2F)ccc1O,37,15,c,0.6387181878089905,0.39475706219673157
51,Cn1ncc(Cl)c1-c1cc(NC(=O)Nc2ccc(F)cc2F)ccc1O,38,21,2,0.0013674459187313914,0.015964370220899582
51,Cn1ncc(Cl)c1-c1cc(NC(=O)Nc2ccc(F)cc2F)ccc1O,39,19,O,0.27239856123924255,0.7408186793327332
51,Cn1ncc(Cl)c1-c1cc(NC(=O)Nc2ccc(F)cc2F)ccc1O,40,18,),0.0016558379866182804,0.019558627158403397
51,Cn1ncc(Cl)c1-c1cc(NC(=O)Nc2ccc(F)cc2F)ccc1O,41,15,c,0.29920491576194763,0.5918663740158081
51,Cn1ncc(Cl)c1-c1cc(NC(=O)Nc2ccc(F)cc2F)ccc1O,42,25,n,0.0043177311308681965,0.04415065795183182
51,Cn1ncc(Cl)c1-c1cc(NC(=O)Nc2ccc(F)cc2F)ccc1O,43,20,1,0.003853474510833621,0.03832127898931503
51,Cn1ncc(Cl)c1-c1cc(NC(=O)Nc2ccc(F)cc2F)ccc1O,44,13,[SEP],0.007827120833098888,0.059674277901649475
52,CCC(NC(N)=O)C1CCC(=O)CC1,0,16,C,0.0011770154815167189,0.01405057031661272
52,CCC(NC(N)=O)C1CCC(=O)CC1,1,16,C,0.0027696609031409025,0.028990644961595535
52,CCC(NC(N)=O)C1CCC(=O)CC1,2,16,C,1.030473232269287,0.35082870721817017
52,CCC(NC(N)=O)C1CCC(=O)CC1,3,17,(,0.07189048826694489,0.2974960505962372
52,CCC(NC(N)=O)C1CCC(=O)CC1,4,23,N,0.9101243019104004,0.7596001625061035
52,CCC(NC(N)=O)C1CCC(=O)CC1,5,16,C,0.12410291284322739,0.44968950748443604
52,CCC(NC(N)=O)C1CCC(=O)CC1,6,17,(,0.0033436217345297337,0.03128210827708244
52,CCC(NC(N)=O)C1CCC(=O)CC1,7,23,N,0.7389063835144043,0.37320050597190857
52,CCC(NC(N)=O)C1CCC(=O)CC1,8,18,),0.0009237942285835743,0.011755098588764668
52,CCC(NC(N)=O)C1CCC(=O)CC1,9,22,=,0.0018168477108702064,0.021184079349040985
52,CCC(NC(N)=O)C1CCC(=O)CC1,10,19,O,0.0016796017298474908,0.018189718946814537
52,CCC(NC(N)=O)C1CCC(=O)CC1,11,18,),0.0005715791485272348,0.007610776461660862
52,CCC(NC(N)=O)C1CCC(=O)CC1,12,16,C,0.13326683640480042,0.5659152269363403
52,CCC(NC(N)=O)C1CCC(=O)CC1,13,20,1,0.026139719411730766,0.1607203185558319
52,CCC(NC(N)=O)C1CCC(=O)CC1,14,16,C,0.04373536631464958,0.2476971596479416
52,CCC(NC(N)=O)C1CCC(=O)CC1,15,16,C,0.0038828158285468817,0.038602739572525024
52,CCC(NC(N)=O)C1CCC(=O)CC1,16,16,C,0.020034994930028915,0.13749100267887115
52,CCC(NC(N)=O)C1CCC(=O)CC1,17,17,(,0.04617589712142944,0.21965284645557404
52,CCC(NC(N)=O)C1CCC(=O)CC1,18,22,=,0.0027082583401352167,0.026769375428557396
52,CCC(NC(N)=O)C1CCC(=O)CC1,19,19,O,0.0031562482472509146,0.029785895720124245
52,CCC(NC(N)=O)C1CCC(=O)CC1,20,18,),0.0005766107351519167,0.007666217163205147
52,CCC(NC(N)=O)C1CCC(=O)CC1,21,16,C,0.0015481768641620874,0.01721028797328472
52,CCC(NC(N)=O)C1CCC(=O)CC1,22,16,C,0.014407968148589134,0.09469977021217346
52,CCC(NC(N)=O)C1CCC(=O)CC1,23,20,1,0.0011108015896752477,0.013850292190909386
52,CCC(NC(N)=O)C1CCC(=O)CC1,24,13,[SEP],0.001690514269284904,0.016088010743260384
53,CC(NS(=O)(=O)c1ccc(F)c(C(=O)Nc2ccc(F)c(F)c2)c1)c1ncccn1,0,16,C,0.00673257140442729,0.054417017847299576
53,CC(NS(=O)(=O)c1ccc(F)c(C(=O)Nc2ccc(F)c(F)c2)c1)c1ncccn1,1,33,[C@H],0.7330055832862854,0.6475833654403687
53,CC(NS(=O)(=O)c1ccc(F)c(C(=O)Nc2ccc(F)c(F)c2)c1)c1ncccn1,2,17,(,0.02215532958507538,0.14840133488178253
53,CC(NS(=O)(=O)c1ccc(F)c(C(=O)Nc2ccc(F)c(F)c2)c1)c1ncccn1,3,23,N,0.007749649230390787,0.06677950918674469
53,CC(NS(=O)(=O)c1ccc(F)c(C(=O)Nc2ccc(F)c(F)c2)c1)c1ncccn1,4,34,S,0.02264590561389923,0.16324561834335327
53,CC(NS(=O)(=O)c1ccc(F)c(C(=O)Nc2ccc(F)c(F)c2)c1)c1ncccn1,5,17,(,0.00325971026904881,0.030749160796403885
53,CC(NS(=O)(=O)c1ccc(F)c(C(=O)Nc2ccc(F)c(F)c2)c1)c1ncccn1,6,22,=,0.0029921294189989567,0.030814161524176598
53,CC(NS(=O)(=O)c1ccc(F)c(C(=O)Nc2ccc(F)c(F)c2)c1)c1ncccn1,7,19,O,0.0010747828055173159,0.012334042228758335
53,CC(NS(=O)(=O)c1ccc(F)c(C(=O)Nc2ccc(F)c(F)c2)c1)c1ncccn1,8,18,),0.0006293377373367548,0.008147729560732841
53,CC(NS(=O)(=O)c1ccc(F)c(C(=O)Nc2ccc(F)c(F)c2)c1)c1ncccn1,9,17,(,0.0033164473716169596,0.03115774318575859
53,CC(NS(=O)(=O)c1ccc(F)c(C(=O)Nc2ccc(F)c(F)c2)c1)c1ncccn1,10,22,=,0.000786969845648855,0.009786120615899563
53,CC(NS(=O)(=O)c1ccc(F)c(C(=O)Nc2ccc(F)c(F)c2)c1)c1ncccn1,11,19,O,0.0026363106444478035,0.024520546197891235
53,CC(NS(=O)(=O)c1ccc(F)c(C(=O)Nc2ccc(F)c(F)c2)c1)c1ncccn1,12,18,),0.0006088056834414601,0.007977200672030449
53,CC(NS(=O)(=O)c1ccc(F)c(C(=O)Nc2ccc(F)c(F)c2)c1)c1ncccn1,13,15,c,0.09684555232524872,0.40938442945480347
53,CC(NS(=O)(=O)c1ccc(F)c(C(=O)Nc2ccc(F)c(F)c2)c1)c1ncccn1,14,20,1,0.263265997171402,0.5223598480224609
53,CC(NS(=O)(=O)c1ccc(F)c(C(=O)Nc2ccc(F)c(F)c2)c1)c1ncccn1,15,15,c,0.2705802321434021,0.49214914441108704
53,CC(NS(=O)(=O)c1ccc(F)c(C(=O)Nc2ccc(F)c(F)c2)c1)c1ncccn1,16,15,c,0.022207103669643402,0.1331266611814499
53,CC(NS(=O)(=O)c1ccc(F)c(C(=O)Nc2ccc(F)c(F)c2)c1)c1ncccn1,17,15,c,0.25648072361946106,0.7516653537750244
53,CC(NS(=O)(=O)c1ccc(F)c(C(=O)Nc2ccc(F)c(F)c2)c1)c1ncccn1,18,17,(,0.11927997320890427,0.473776638507843
53,CC(NS(=O)(=O)c1ccc(F)c(C(=O)Nc2ccc(F)c(F)c2)c1)c1ncccn1,19,27,F,0.012720344588160515,0.10794034600257874
53,CC(NS(=O)(=O)c1ccc(F)c(C(=O)Nc2ccc(F)c(F)c2)c1)c1ncccn1,20,18,),0.0009444417082704604,0.011524682864546776
53,CC(NS(=O)(=O)c1ccc(F)c(C(=O)Nc2ccc(F)c(F)c2)c1)c1ncccn1,21,15,c,0.1737428456544876,0.4310818910598755
53,CC(NS(=O)(=O)c1ccc(F)c(C(=O)Nc2ccc(F)c(F)c2)c1)c1ncccn1,22,17,(,0.12651962041854858,0.5020344853401184
53,CC(NS(=O)(=O)c1ccc(F)c(C(=O)Nc2ccc(F)c(F)c2)c1)c1ncccn1,23,27,F,0.6216298937797546,0.982404351234436
53,CC(NS(=O)(=O)c1ccc(F)c(C(=O)Nc2ccc(F)c(F)c2)c1)c1ncccn1,24,18,),0.0005900393589399755,0.0077059390023350716
53,CC(NS(=O)(=O)c1ccc(F)c(C(=O)Nc2ccc(F)c(F)c2)c1)c1ncccn1,25,15,c,0.004331399220973253,0.0347771979868412
53,CC(NS(=O)(=O)c1ccc(F)c(C(=O)Nc2ccc(F)c(F)c2)c1)c1ncccn1,26,20,1,0.008113624528050423,0.06530126929283142
53,CC(NS(=O)(=O)c1ccc(F)c(C(=O)Nc2ccc(F)c(F)c2)c1)c1ncccn1,27,18,),0.0037434902042150497,0.035711802542209625
53,CC(NS(=O)(=O)c1ccc(F)c(C(=O)Nc2ccc(F)c(F)c2)c1)c1ncccn1,28,15,c,0.656373143196106,0.2221844345331192
53,CC(NS(=O)(=O)c1ccc(F)c(C(=O)Nc2ccc(F)c(F)c2)c1)c1ncccn1,29,20,1,0.0012472941307350993,0.014130348339676857
53,CC(NS(=O)(=O)c1ccc(F)c(C(=O)Nc2ccc(F)c(F)c2)c1)c1ncccn1,30,25,n,0.03652602806687355,0.19835606217384338
53,CC(NS(=O)(=O)c1ccc(F)c(C(=O)Nc2ccc(F)c(F)c2)c1)c1ncccn1,31,15,c,0.03862614929676056,0.20524698495864868
53,CC(NS(=O)(=O)c1ccc(F)c(C(=O)Nc2ccc(F)c(F)c2)c1)c1ncccn1,32,15,c,0.06782584637403488,0.32503652572631836
53,CC(NS(=O)(=O)c1ccc(F)c(C(=O)Nc2ccc(F)c(F)c2)c1)c1ncccn1,33,15,c,0.08131487667560577,0.3286721706390381
53,CC(NS(=O)(=O)c1ccc(F)c(C(=O)Nc2ccc(F)c(F)c2)c1)c1ncccn1,34,25,n,0.41875606775283813,0.8375217318534851
53,CC(NS(=O)(=O)c1ccc(F)c(C(=O)Nc2ccc(F)c(F)c2)c1)c1ncccn1,35,20,1,0.011764032766222954,0.08524561673402786
53,CC(NS(=O)(=O)c1ccc(F)c(C(=O)Nc2ccc(F)c(F)c2)c1)c1ncccn1,36,18,),0.031927481293678284,0.2095554918050766
53,CC(NS(=O)(=O)c1ccc(F)c(C(=O)Nc2ccc(F)c(F)c2)c1)c1ncccn1,37,16,C,0.7361056208610535,0.44291067123413086
53,CC(NS(=O)(=O)c1ccc(F)c(C(=O)Nc2ccc(F)c(F)c2)c1)c1ncccn1,38,17,(,0.014046178199350834,0.10692909359931946
53,CC(NS(=O)(=O)c1ccc(F)c(C(=O)Nc2ccc(F)c(F)c2)c1)c1ncccn1,39,22,=,0.013082309626042843,0.10102950781583786
53,CC(NS(=O)(=O)c1ccc(F)c(C(=O)Nc2ccc(F)c(F)c2)c1)c1ncccn1,40,19,O,0.0021802668925374746,0.022299032658338547
53,CC(NS(=O)(=O)c1ccc(F)c(C(=O)Nc2ccc(F)c(F)c2)c1)c1ncccn1,41,18,),0.0007209556642919779,0.009115749970078468
53,CC(NS(=O)(=O)c1ccc(F)c(C(=O)Nc2ccc(F)c(F)c2)c1)c1ncccn1,42,23,N,0.0038146779406815767,0.03838358446955681
53,CC(NS(=O)(=O)c1ccc(F)c(C(=O)Nc2ccc(F)c(F)c2)c1)c1ncccn1,43,15,c,0.00297385617159307,0.029834752902388573
53,CC(NS(=O)(=O)c1ccc(F)c(C(=O)Nc2ccc(F)c(F)c2)c1)c1ncccn1,44,20,1,0.000670884212013334,0.008583392016589642
53,CC(NS(=O)(=O)c1ccc(F)c(C(=O)Nc2ccc(F)c(F)c2)c1)c1ncccn1,45,15,c,0.011009009554982185,0.07029671967029572
53,CC(NS(=O)(=O)c1ccc(F)c(C(=O)Nc2ccc(F)c(F)c2)c1)c1ncccn1,46,15,c,0.003743654116988182,0.030978912487626076
53,CC(NS(=O)(=O)c1ccc(F)c(C(=O)Nc2ccc(F)c(F)c2)c1)c1ncccn1,47,15,c,0.33229008316993713,0.7664554119110107
53,CC(NS(=O)(=O)c1ccc(F)c(C(=O)Nc2ccc(F)c(F)c2)c1)c1ncccn1,48,17,(,0.052970413118600845,0.26850053668022156
53,CC(NS(=O)(=O)c1ccc(F)c(C(=O)Nc2ccc(F)c(F)c2)c1)c1ncccn1,49,27,F,0.003057179506868124,0.032168690115213394
53,CC(NS(=O)(=O)c1ccc(F)c(C(=O)Nc2ccc(F)c(F)c2)c1)c1ncccn1,50,18,),0.000994893372990191,0.011952943168580532
53,CC(NS(=O)(=O)c1ccc(F)c(C(=O)Nc2ccc(F)c(F)c2)c1)c1ncccn1,51,15,c,0.340482234954834,0.47743281722068787
53,CC(NS(=O)(=O)c1ccc(F)c(C(=O)Nc2ccc(F)c(F)c2)c1)c1ncccn1,52,17,(,0.8864479660987854,0.4443216919898987
53,CC(NS(=O)(=O)c1ccc(F)c(C(=O)Nc2ccc(F)c(F)c2)c1)c1ncccn1,53,16,C,1.203488826751709,2.0093443393707275
53,CC(NS(=O)(=O)c1ccc(F)c(C(=O)Nc2ccc(F)c(F)c2)c1)c1ncccn1,54,38,#,0.7700075507164001,1.583115816116333
53,CC(NS(=O)(=O)c1ccc(F)c(C(=O)Nc2ccc(F)c(F)c2)c1)c1ncccn1,55,23,N,0.005135968793183565,0.04951745644211769
53,CC(NS(=O)(=O)c1ccc(F)c(C(=O)Nc2ccc(F)c(F)c2)c1)c1ncccn1,56,18,),0.0013621622929349542,0.015991827473044395
53,CC(NS(=O)(=O)c1ccc(F)c(C(=O)Nc2ccc(F)c(F)c2)c1)c1ncccn1,57,15,c,0.014054371975362301,0.09429313242435455
53,CC(NS(=O)(=O)c1ccc(F)c(C(=O)Nc2ccc(F)c(F)c2)c1)c1ncccn1,58,20,1,0.0043290830217301846,0.039936892688274384
53,CC(NS(=O)(=O)c1ccc(F)c(C(=O)Nc2ccc(F)c(F)c2)c1)c1ncccn1,59,13,[SEP],0.001787138869985938,0.018631577491760254
54,CCCCCCCCCCCCCC(=O)N1CCCCC1CCO,0,16,C,0.0017767460085451603,0.019393831491470337
54,CCCCCCCCCCCCCC(=O)N1CCCCC1CCO,1,16,C,0.0017878866055980325,0.01994543895125389
54,CCCCCCCCCCCCCC(=O)N1CCCCC1CCO,2,16,C,0.0018933415412902832,0.020901964977383614
54,CCCCCCCCCCCCCC(=O)N1CCCCC1CCO,3,16,C,0.0017949901521205902,0.01938098482787609
54,CCCCCCCCCCCCCC(=O)N1CCCCC1CCO,4,16,C,0.0018378585809841752,0.019708678126335144
54,CCCCCCCCCCCCCC(=O)N1CCCCC1CCO,5,16,C,0.0027419165708124638,0.027783159166574478
54,CCCCCCCCCCCCCC(=O)N1CCCCC1CCO,6,16,C,0.005434019025415182,0.049660179764032364
54,CCCCCCCCCCCCCC(=O)N1CCCCC1CCO,7,16,C,0.007964663207530975,0.06877318024635315
54,CCCCCCCCCCCCCC(=O)N1CCCCC1CCO,8,16,C,0.009645810350775719,0.08186820149421692
54,CCCCCCCCCCCCCC(=O)N1CCCCC1CCO,9,16,C,0.022913716733455658,0.16591514647006989
54,CCCCCCCCCCCCCC(=O)N1CCCCC1CCO,10,16,C,0.05924694612622261,0.35833999514579773
54,CCCCCCCCCCCCCC(=O)N1CCCCC1CCO,11,16,C,0.18466630578041077,0.8146501779556274
54,CCCCCCCCCCCCCC(=O)N1CCCCC1CCO,12,16,C,0.42244863510131836,1.3569451570510864
54,CCCCCCCCCCCCCC(=O)N1CCCCC1CCO,13,16,C,0.6192424893379211,1.5551223754882812
54,CCCCCCCCCCCCCC(=O)N1CCCCC1CCO,14,16,C,1.3158129453659058,1.0616096258163452
54,CCCCCCCCCCCCCC(=O)N1CCCCC1CCO,15,16,C,1.4956210851669312,0.8824634552001953
54,CCCCCCCCCCCCCC(=O)N1CCCCC1CCO,16,16,C,1.62332022190094,0.9357585310935974
54,CCCCCCCCCCCCCC(=O)N1CCCCC1CCO,17,20,1,1.5570839643478394,1.1328167915344238
54,CCCCCCCCCCCCCC(=O)N1CCCCC1CCO,18,22,=,1.082831859588623,0.8839679956436157
54,CCCCCCCCCCCCCC(=O)N1CCCCC1CCO,19,23,N,0.08033201098442078,0.47374677658081055
54,CCCCCCCCCCCCCC(=O)N1CCCCC1CCO,20,16,C,0.5459411144256592,1.4451239109039307
54,CCCCCCCCCCCCCC(=O)N1CCCCC1CCO,21,16,C,0.4827553629875183,0.7740446925163269
54,CCCCCCCCCCCCCC(=O)N1CCCCC1CCO,22,16,C,0.8108915686607361,1.5036144256591797
54,CCCCCCCCCCCCCC(=O)N1CCCCC1CCO,23,19,O,0.5970757603645325,1.4961847066879272
54,CCCCCCCCCCCCCC(=O)N1CCCCC1CCO,24,20,1,0.21519052982330322,0.7948424816131592
54,CCCCCCCCCCCCCC(=O)N1CCCCC1CCO,25,13,[SEP],0.028128083795309067,0.17107772827148438
55,CCC(=O)c1ccc2cc(F)ccc2c1,0,16,C,0.0016440206672996283,0.018343547359108925
55,CCC(=O)c1ccc2cc(F)ccc2c1,1,16,C,0.0021271896548569202,0.023028764873743057
55,CCC(=O)c1ccc2cc(F)ccc2c1,2,16,C,0.0038237832486629486,0.03811391815543175
55,CCC(=O)c1ccc2cc(F)ccc2c1,3,17,(,0.0011375726899132133,0.01321537233889103
55,CCC(=O)c1ccc2cc(F)ccc2c1,4,22,=,0.0012252944288775325,0.01371118612587452
55,CCC(=O)c1ccc2cc(F)ccc2c1,5,19,O,0.0020136323291808367,0.02066844329237938
55,CCC(=O)c1ccc2cc(F)ccc2c1,6,18,),0.0006490286905318499,0.008475379087030888
55,CCC(=O)c1ccc2cc(F)ccc2c1,7,15,c,0.0015820972621440887,0.016141653060913086
55,CCC(=O)c1ccc2cc(F)ccc2c1,8,20,1,0.0010285360040143132,0.012731545604765415
55,CCC(=O)c1ccc2cc(F)ccc2c1,9,15,c,0.0008872471516951919,0.010137519799172878
55,CCC(=O)c1ccc2cc(F)ccc2c1,10,15,c,0.001985388807952404,0.019978953525424004
55,CCC(=O)c1ccc2cc(F)ccc2c1,11,15,c,0.019158147275447845,0.12352083623409271
55,CCC(=O)c1ccc2cc(F)ccc2c1,12,21,2,0.2693381905555725,0.6789231896400452
55,CCC(=O)c1ccc2cc(F)ccc2c1,13,15,c,0.0012888299534097314,0.014147808775305748
55,CCC(=O)c1ccc2cc(F)ccc2c1,14,15,c,0.016542254015803337,0.09438583254814148
55,CCC(=O)c1ccc2cc(F)ccc2c1,15,17,(,0.1912526786327362,0.44794172048568726
55,CCC(=O)c1ccc2cc(F)ccc2c1,16,27,F,0.0040762596763670444,0.04180637747049332
55,CCC(=O)c1ccc2cc(F)ccc2c1,17,18,),0.000582376669626683,0.0077327038161456585
55,CCC(=O)c1ccc2cc(F)ccc2c1,18,15,c,0.0011576053220778704,0.013513902202248573
55,CCC(=O)c1ccc2cc(F)ccc2c1,19,15,c,0.0011131542269140482,0.012809313833713531
55,CCC(=O)c1ccc2cc(F)ccc2c1,20,15,c,0.0028923226054757833,0.030619241297245026
55,CCC(=O)c1ccc2cc(F)ccc2c1,21,21,2,0.004727782215923071,0.04487793520092964
55,CCC(=O)c1ccc2cc(F)ccc2c1,22,15,c,0.002203944604843855,0.020028751343488693
55,CCC(=O)c1ccc2cc(F)ccc2c1,23,20,1,0.0012860773131251335,0.015097797848284245
55,CCC(=O)c1ccc2cc(F)ccc2c1,24,13,[SEP],0.09128113090991974,0.33139631152153015
56,Cc1[nH]c2ccc(F)cc2c1CCCN1CCN(c2ccccc2)CC1,0,16,C,0.0016228269087150693,0.01795019581913948
56,Cc1[nH]c2ccc(F)cc2c1CCCN1CCN(c2ccccc2)CC1,1,15,c,0.004412052221596241,0.042642027139663696
56,Cc1[nH]c2ccc(F)cc2c1CCCN1CCN(c2ccccc2)CC1,2,20,1,0.0008695142460055649,0.01095837727189064
56,Cc1[nH]c2ccc(F)cc2c1CCCN1CCN(c2ccccc2)CC1,3,40,[nH],0.39198365807533264,0.5967520475387573
56,Cc1[nH]c2ccc(F)cc2c1CCCN1CCN(c2ccccc2)CC1,4,15,c,0.003180223749950528,0.02778363600373268
56,Cc1[nH]c2ccc(F)cc2c1CCCN1CCN(c2ccccc2)CC1,5,21,2,0.19414366781711578,0.6621631979942322
56,Cc1[nH]c2ccc(F)cc2c1CCCN1CCN(c2ccccc2)CC1,6,15,c,0.0013058865442872047,0.014119232073426247
56,Cc1[nH]c2ccc(F)cc2c1CCCN1CCN(c2ccccc2)CC1,7,15,c,0.17081423103809357,0.49601492285728455
56,Cc1[nH]c2ccc(F)cc2c1CCCN1CCN(c2ccccc2)CC1,8,15,c,0.03569893166422844,0.19425514340400696
56,Cc1[nH]c2ccc(F)cc2c1CCCN1CCN(c2ccccc2)CC1,9,17,(,0.2642977237701416,0.4816030263900757
56,Cc1[nH]c2ccc(F)cc2c1CCCN1CCN(c2ccccc2)CC1,10,27,F,0.016185283660888672,0.12456902861595154
56,Cc1[nH]c2ccc(F)cc2c1CCCN1CCN(c2ccccc2)CC1,11,18,),0.0006917992141097784,0.00892054196447134
56,Cc1[nH]c2ccc(F)cc2c1CCCN1CCN(c2ccccc2)CC1,12,15,c,0.0017033580224961042,0.017193233594298363
56,Cc1[nH]c2ccc(F)cc2c1CCCN1CCN(c2ccccc2)CC1,13,15,c,0.007680858019739389,0.06713632494211197
56,Cc1[nH]c2ccc(F)cc2c1CCCN1CCN(c2ccccc2)CC1,14,21,2,0.004494314081966877,0.043628573417663574
56,Cc1[nH]c2ccc(F)cc2c1CCCN1CCN(c2ccccc2)CC1,15,15,c,0.0012235426111146808,0.014114905148744583
56,Cc1[nH]c2ccc(F)cc2c1CCCN1CCN(c2ccccc2)CC1,16,20,1,0.007987464778125286,0.06977362930774689
56,Cc1[nH]c2ccc(F)cc2c1CCCN1CCN(c2ccccc2)CC1,17,16,C,0.011627971194684505,0.0967051163315773
56,Cc1[nH]c2ccc(F)cc2c1CCCN1CCN(c2ccccc2)CC1,18,16,C,0.015177850611507893,0.11109935492277145
56,Cc1[nH]c2ccc(F)cc2c1CCCN1CCN(c2ccccc2)CC1,19,16,C,0.09777558594942093,0.36305466294288635
56,Cc1[nH]c2ccc(F)cc2c1CCCN1CCN(c2ccccc2)CC1,20,23,N,0.01061268337070942,0.09080862998962402
56,Cc1[nH]c2ccc(F)cc2c1CCCN1CCN(c2ccccc2)CC1,21,20,1,0.025657853111624718,0.16514292359352112
56,Cc1[nH]c2ccc(F)cc2c1CCCN1CCN(c2ccccc2)CC1,22,16,C,0.006132132839411497,0.05216814577579498
56,Cc1[nH]c2ccc(F)cc2c1CCCN1CCN(c2ccccc2)CC1,23,16,C,0.0028989803977310658,0.028228094801306725
56,Cc1[nH]c2ccc(F)cc2c1CCCN1CCN(c2ccccc2)CC1,24,23,N,0.0019349491922184825,0.021910270676016808
56,Cc1[nH]c2ccc(F)cc2c1CCCN1CCN(c2ccccc2)CC1,25,17,(,0.005291473586112261,0.04953634366393089
56,Cc1[nH]c2ccc(F)cc2c1CCCN1CCN(c2ccccc2)CC1,26,15,c,0.0049790008924901485,0.04427307844161987
56,Cc1[nH]c2ccc(F)cc2c1CCCN1CCN(c2ccccc2)CC1,27,21,2,0.0021489665377885103,0.024572841823101044
56,Cc1[nH]c2ccc(F)cc2c1CCCN1CCN(c2ccccc2)CC1,28,15,c,0.0008863110560923815,0.010355821810662746
56,Cc1[nH]c2ccc(F)cc2c1CCCN1CCN(c2ccccc2)CC1,29,15,c,0.0010947959963232279,0.01246737502515316
56,Cc1[nH]c2ccc(F)cc2c1CCCN1CCN(c2ccccc2)CC1,30,15,c,0.007543961983174086,0.05975670367479324
56,Cc1[nH]c2ccc(F)cc2c1CCCN1CCN(c2ccccc2)CC1,31,15,c,0.0015399801777675748,0.01588432863354683
56,Cc1[nH]c2ccc(F)cc2c1CCCN1CCN(c2ccccc2)CC1,32,15,c,0.0015193185536190867,0.01444169133901596
56,Cc1[nH]c2ccc(F)cc2c1CCCN1CCN(c2ccccc2)CC1,33,21,2,0.0011483181733638048,0.01365581527352333
56,Cc1[nH]c2ccc(F)cc2c1CCCN1CCN(c2ccccc2)CC1,34,18,),0.0016348896315321326,0.018893249332904816
56,Cc1[nH]c2ccc(F)cc2c1CCCN1CCN(c2ccccc2)CC1,35,16,C,0.0023898680228739977,0.024528058245778084
56,Cc1[nH]c2ccc(F)cc2c1CCCN1CCN(c2ccccc2)CC1,36,16,C,0.0012014410458505154,0.013959761708974838
56,Cc1[nH]c2ccc(F)cc2c1CCCN1CCN(c2ccccc2)CC1,37,20,1,0.0031877057626843452,0.032636191695928574
56,Cc1[nH]c2ccc(F)cc2c1CCCN1CCN(c2ccccc2)CC1,38,13,[SEP],0.0016139723593369126,0.016571125015616417
57,CNc1noc2ccc(COc3ccc(-c4cc(F)c(F)cc4OC)cc3)cc12,0,16,C,0.0012387018650770187,0.014637699350714684
57,CNc1noc2ccc(COc3ccc(-c4cc(F)c(F)cc4OC)cc3)cc12,1,23,N,0.00225229375064373,0.024638324975967407
57,CNc1noc2ccc(COc3ccc(-c4cc(F)c(F)cc4OC)cc3)cc12,2,15,c,0.1174689456820488,0.5084492564201355
57,CNc1noc2ccc(COc3ccc(-c4cc(F)c(F)cc4OC)cc3)cc12,3,20,1,0.0010990166338160634,0.013171857222914696
57,CNc1noc2ccc(COc3ccc(-c4cc(F)c(F)cc4OC)cc3)cc12,4,25,n,0.4730335772037506,0.615305483341217
57,CNc1noc2ccc(COc3ccc(-c4cc(F)c(F)cc4OC)cc3)cc12,5,44,o,0.47457101941108704,0.7165591716766357
57,CNc1noc2ccc(COc3ccc(-c4cc(F)c(F)cc4OC)cc3)cc12,6,15,c,0.0015974973794072866,0.017887668684124947
57,CNc1noc2ccc(COc3ccc(-c4cc(F)c(F)cc4OC)cc3)cc12,7,21,2,0.06629747152328491,0.2827635407447815
57,CNc1noc2ccc(COc3ccc(-c4cc(F)c(F)cc4OC)cc3)cc12,8,15,c,0.0029148058965802193,0.028202136978507042
57,CNc1noc2ccc(COc3ccc(-c4cc(F)c(F)cc4OC)cc3)cc12,9,15,c,0.6491835117340088,0.3137193024158478
57,CNc1noc2ccc(COc3ccc(-c4cc(F)c(F)cc4OC)cc3)cc12,10,15,c,0.25796690583229065,0.49561911821365356
57,CNc1noc2ccc(COc3ccc(-c4cc(F)c(F)cc4OC)cc3)cc12,11,17,(,0.184075266122818,0.5047497749328613
57,CNc1noc2ccc(COc3ccc(-c4cc(F)c(F)cc4OC)cc3)cc12,12,19,O,1.199364423751831,0.4761645495891571
57,CNc1noc2ccc(COc3ccc(-c4cc(F)c(F)cc4OC)cc3)cc12,13,16,C,0.014377348124980927,0.10517800599336624
57,CNc1noc2ccc(COc3ccc(-c4cc(F)c(F)cc4OC)cc3)cc12,14,15,c,0.052571047097444534,0.2393040508031845
57,CNc1noc2ccc(COc3ccc(-c4cc(F)c(F)cc4OC)cc3)cc12,15,26,3,0.003999873995780945,0.04400186613202095
57,CNc1noc2ccc(COc3ccc(-c4cc(F)c(F)cc4OC)cc3)cc12,16,15,c,0.0015000990824773908,0.015417404472827911
57,CNc1noc2ccc(COc3ccc(-c4cc(F)c(F)cc4OC)cc3)cc12,17,15,c,0.0027255434542894363,0.026115700602531433
57,CNc1noc2ccc(COc3ccc(-c4cc(F)c(F)cc4OC)cc3)cc12,18,15,c,0.09502754360437393,0.3287453055381775
57,CNc1noc2ccc(COc3ccc(-c4cc(F)c(F)cc4OC)cc3)cc12,19,17,(,0.1486785113811493,0.4969329237937927
57,CNc1noc2ccc(COc3ccc(-c4cc(F)c(F)cc4OC)cc3)cc12,20,31,-,0.6276172399520874,1.0491276979446411
57,CNc1noc2ccc(COc3ccc(-c4cc(F)c(F)cc4OC)cc3)cc12,21,15,c,0.0011668817605823278,0.013743916526436806
57,CNc1noc2ccc(COc3ccc(-c4cc(F)c(F)cc4OC)cc3)cc12,22,32,4,0.0011750402627512813,0.014307450503110886
57,CNc1noc2ccc(COc3ccc(-c4cc(F)c(F)cc4OC)cc3)cc12,23,15,c,0.0017922383267432451,0.018049253150820732
57,CNc1noc2ccc(COc3ccc(-c4cc(F)c(F)cc4OC)cc3)cc12,24,15,c,0.06489307433366776,0.25914013385772705
57,CNc1noc2ccc(COc3ccc(-c4cc(F)c(F)cc4OC)cc3)cc12,25,17,(,0.06188403442502022,0.2545102536678314
57,CNc1noc2ccc(COc3ccc(-c4cc(F)c(F)cc4OC)cc3)cc12,26,27,F,0.01719076558947563,0.1149982139468193
57,CNc1noc2ccc(COc3ccc(-c4cc(F)c(F)cc4OC)cc3)cc12,27,18,),0.000576114107389003,0.007641243282705545
57,CNc1noc2ccc(COc3ccc(-c4cc(F)c(F)cc4OC)cc3)cc12,28,15,c,0.0023327304515987635,0.02335522510111332
57,CNc1noc2ccc(COc3ccc(-c4cc(F)c(F)cc4OC)cc3)cc12,29,17,(,0.6683439016342163,0.1313534528017044
57,CNc1noc2ccc(COc3ccc(-c4cc(F)c(F)cc4OC)cc3)cc12,30,27,F,0.6802828907966614,0.1992644965648651
57,CNc1noc2ccc(COc3ccc(-c4cc(F)c(F)cc4OC)cc3)cc12,31,18,),0.000751203449908644,0.009708620607852936
57,CNc1noc2ccc(COc3ccc(-c4cc(F)c(F)cc4OC)cc3)cc12,32,15,c,0.0017780272755771875,0.018659044057130814
57,CNc1noc2ccc(COc3ccc(-c4cc(F)c(F)cc4OC)cc3)cc12,33,15,c,0.009044542908668518,0.07655944675207138
57,CNc1noc2ccc(COc3ccc(-c4cc(F)c(F)cc4OC)cc3)cc12,34,32,4,0.04145248234272003,0.2571868300437927
57,CNc1noc2ccc(COc3ccc(-c4cc(F)c(F)cc4OC)cc3)cc12,35,19,O,0.009558750316500664,0.08901450037956238
57,CNc1noc2ccc(COc3ccc(-c4cc(F)c(F)cc4OC)cc3)cc12,36,16,C,0.03453952446579933,0.2366148829460144
57,CNc1noc2ccc(COc3ccc(-c4cc(F)c(F)cc4OC)cc3)cc12,37,18,),0.002032379386946559,0.023584136739373207
57,CNc1noc2ccc(COc3ccc(-c4cc(F)c(F)cc4OC)cc3)cc12,38,15,c,0.003334530396386981,0.02656395547091961
57,CNc1noc2ccc(COc3ccc(-c4cc(F)c(F)cc4OC)cc3)cc12,39,15,c,0.013809087686240673,0.08207599818706512
57,CNc1noc2ccc(COc3ccc(-c4cc(F)c(F)cc4OC)cc3)cc12,40,26,3,0.029438935220241547,0.16791237890720367
57,CNc1noc2ccc(COc3ccc(-c4cc(F)c(F)cc4OC)cc3)cc12,41,18,),0.007764690555632114,0.07580865174531937
57,CNc1noc2ccc(COc3ccc(-c4cc(F)c(F)cc4OC)cc3)cc12,42,15,c,0.02243349887430668,0.11731860041618347
57,CNc1noc2ccc(COc3ccc(-c4cc(F)c(F)cc4OC)cc3)cc12,43,15,c,0.00989188440144062,0.06652649492025375
57,CNc1noc2ccc(COc3ccc(-c4cc(F)c(F)cc4OC)cc3)cc12,44,20,1,0.02493463084101677,0.16794084012508392
57,CNc1noc2ccc(COc3ccc(-c4cc(F)c(F)cc4OC)cc3)cc12,45,21,2,0.0014507207088172436,0.016951700672507286
57,CNc1noc2ccc(COc3ccc(-c4cc(F)c(F)cc4OC)cc3)cc12,46,13,[SEP],0.0006382591091096401,0.007780394051223993
58,[N-]=[N+]=N[C@H](C(=O)N1C(=O)OC[C@@H]1Cc1ccccc1)C(c1cc(F)cc(F)c1)C(F)(F)F,0,61,[N-],0.9409733414649963,1.835669755935669
58,[N-]=[N+]=N[C@H](C(=O)N1C(=O)OC[C@@H]1Cc1ccccc1)C(c1cc(F)cc(F)c1)C(F)(F)F,1,22,=,0.23809814453125,1.0063360929489136
58,[N-]=[N+]=N[C@H](C(=O)N1C(=O)OC[C@@H]1Cc1ccccc1)C(c1cc(F)cc(F)c1)C(F)(F)F,2,41,[N+],0.01152945775538683,0.11104045808315277
58,[N-]=[N+]=N[C@H](C(=O)N1C(=O)OC[C@@H]1Cc1ccccc1)C(c1cc(F)cc(F)c1)C(F)(F)F,3,22,=,0.006629847921431065,0.06243715435266495
58,[N-]=[N+]=N[C@H](C(=O)N1C(=O)OC[C@@H]1Cc1ccccc1)C(c1cc(F)cc(F)c1)C(F)(F)F,4,23,N,0.8751207590103149,1.639854907989502
58,[N-]=[N+]=N[C@H](C(=O)N1C(=O)OC[C@@H]1Cc1ccccc1)C(c1cc(F)cc(F)c1)C(F)(F)F,5,16,C,1.1230510473251343,0.23476475477218628
58,[N-]=[N+]=N[C@H](C(=O)N1C(=O)OC[C@@H]1Cc1ccccc1)C(c1cc(F)cc(F)c1)C(F)(F)F,6,35,[C@@H],1.019850254058838,0.7518521547317505
58,[N-]=[N+]=N[C@H](C(=O)N1C(=O)OC[C@@H]1Cc1ccccc1)C(c1cc(F)cc(F)c1)C(F)(F)F,7,17,(,0.15974991023540497,0.5378249883651733
58,[N-]=[N+]=N[C@H](C(=O)N1C(=O)OC[C@@H]1Cc1ccccc1)C(c1cc(F)cc(F)c1)C(F)(F)F,8,15,c,0.8461446762084961,0.8381138443946838
58,[N-]=[N+]=N[C@H](C(=O)N1C(=O)OC[C@@H]1Cc1ccccc1)C(c1cc(F)cc(F)c1)C(F)(F)F,9,20,1,0.0013385029742494226,0.01396777480840683
58,[N-]=[N+]=N[C@H](C(=O)N1C(=O)OC[C@@H]1Cc1ccccc1)C(c1cc(F)cc(F)c1)C(F)(F)F,10,15,c,0.0040685092099010944,0.03510955721139908
58,[N-]=[N+]=N[C@H](C(=O)N1C(=O)OC[C@@H]1Cc1ccccc1)C(c1cc(F)cc(F)c1)C(F)(F)F,11,15,c,0.02221796289086342,0.12650616466999054
58,[N-]=[N+]=N[C@H](C(=O)N1C(=O)OC[C@@H]1Cc1ccccc1)C(c1cc(F)cc(F)c1)C(F)(F)F,12,15,c,0.5152801275253296,0.4322139024734497
58,[N-]=[N+]=N[C@H](C(=O)N1C(=O)OC[C@@H]1Cc1ccccc1)C(c1cc(F)cc(F)c1)C(F)(F)F,13,15,c,0.055285923182964325,0.24261794984340668
58,[N-]=[N+]=N[C@H](C(=O)N1C(=O)OC[C@@H]1Cc1ccccc1)C(c1cc(F)cc(F)c1)C(F)(F)F,14,15,c,0.1873529702425003,0.4601323902606964
58,[N-]=[N+]=N[C@H](C(=O)N1C(=O)OC[C@@H]1Cc1ccccc1)C(c1cc(F)cc(F)c1)C(F)(F)F,15,20,1,0.0023602768778800964,0.02504393458366394
58,[N-]=[N+]=N[C@H](C(=O)N1C(=O)OC[C@@H]1Cc1ccccc1)C(c1cc(F)cc(F)c1)C(F)(F)F,16,18,),0.010938816703855991,0.08704862743616104
58,[N-]=[N+]=N[C@H](C(=O)N1C(=O)OC[C@@H]1Cc1ccccc1)C(c1cc(F)cc(F)c1)C(F)(F)F,17,35,[C@@H],1.055153727531433,0.7151719331741333
58,[N-]=[N+]=N[C@H](C(=O)N1C(=O)OC[C@@H]1Cc1ccccc1)C(c1cc(F)cc(F)c1)C(F)(F)F,18,17,(,0.10165618360042572,0.3509337902069092
58,[N-]=[N+]=N[C@H](C(=O)N1C(=O)OC[C@@H]1Cc1ccccc1)C(c1cc(F)cc(F)c1)C(F)(F)F,19,16,C,0.7743325233459473,1.1549603939056396
58,[N-]=[N+]=N[C@H](C(=O)N1C(=O)OC[C@@H]1Cc1ccccc1)C(c1cc(F)cc(F)c1)C(F)(F)F,20,17,(,1.061768651008606,1.3254599571228027
58,[N-]=[N+]=N[C@H](C(=O)N1C(=O)OC[C@@H]1Cc1ccccc1)C(c1cc(F)cc(F)c1)C(F)(F)F,21,22,=,0.18892621994018555,0.7573893070220947
58,[N-]=[N+]=N[C@H](C(=O)N1C(=O)OC[C@@H]1Cc1ccccc1)C(c1cc(F)cc(F)c1)C(F)(F)F,22,19,O,0.00872652418911457,0.06494960933923721
58,[N-]=[N+]=N[C@H](C(=O)N1C(=O)OC[C@@H]1Cc1ccccc1)C(c1cc(F)cc(F)c1)C(F)(F)F,23,18,),0.0005768845439888537,0.007567250169813633
58,[N-]=[N+]=N[C@H](C(=O)N1C(=O)OC[C@@H]1Cc1ccccc1)C(c1cc(F)cc(F)c1)C(F)(F)F,24,23,N,0.3412429988384247,0.8187030553817749
58,[N-]=[N+]=N[C@H](C(=O)N1C(=O)OC[C@@H]1Cc1ccccc1)C(c1cc(F)cc(F)c1)C(F)(F)F,25,20,1,0.05463423952460289,0.27654483914375305
58,[N-]=[N+]=N[C@H](C(=O)N1C(=O)OC[C@@H]1Cc1ccccc1)C(c1cc(F)cc(F)c1)C(F)(F)F,26,16,C,0.09138811379671097,0.3958190977573395
58,[N-]=[N+]=N[C@H](C(=O)N1C(=O)OC[C@@H]1Cc1ccccc1)C(c1cc(F)cc(F)c1)C(F)(F)F,27,17,(,0.48353323340415955,1.196486473083496
58,[N-]=[N+]=N[C@H](C(=O)N1C(=O)OC[C@@H]1Cc1ccccc1)C(c1cc(F)cc(F)c1)C(F)(F)F,28,22,=,0.07878819853067398,0.4313756823539734
58,[N-]=[N+]=N[C@H](C(=O)N1C(=O)OC[C@@H]1Cc1ccccc1)C(c1cc(F)cc(F)c1)C(F)(F)F,29,19,O,0.0025907009840011597,0.025543060153722763
58,[N-]=[N+]=N[C@H](C(=O)N1C(=O)OC[C@@H]1Cc1ccccc1)C(c1cc(F)cc(F)c1)C(F)(F)F,30,18,),0.0005613803514279425,0.007416942156851292
58,[N-]=[N+]=N[C@H](C(=O)N1C(=O)OC[C@@H]1Cc1ccccc1)C(c1cc(F)cc(F)c1)C(F)(F)F,31,19,O,0.3726215958595276,1.119808316230774
58,[N-]=[N+]=N[C@H](C(=O)N1C(=O)OC[C@@H]1Cc1ccccc1)C(c1cc(F)cc(F)c1)C(F)(F)F,32,16,C,0.03528110682964325,0.24628378450870514
58,[N-]=[N+]=N[C@H](C(=O)N1C(=O)OC[C@@H]1Cc1ccccc1)C(c1cc(F)cc(F)c1)C(F)(F)F,33,33,[C@H],0.7678994536399841,0.3182227313518524
58,[N-]=[N+]=N[C@H](C(=O)N1C(=O)OC[C@@H]1Cc1ccccc1)C(c1cc(F)cc(F)c1)C(F)(F)F,34,20,1,0.0278010256588459,0.15743470191955566
58,[N-]=[N+]=N[C@H](C(=O)N1C(=O)OC[C@@H]1Cc1ccccc1)C(c1cc(F)cc(F)c1)C(F)(F)F,35,16,C,0.18864108622074127,0.6000743508338928
58,[N-]=[N+]=N[C@H](C(=O)N1C(=O)OC[C@@H]1Cc1ccccc1)C(c1cc(F)cc(F)c1)C(F)(F)F,36,17,(,0.14028522372245789,0.5131871104240417
58,[N-]=[N+]=N[C@H](C(=O)N1C(=O)OC[C@@H]1Cc1ccccc1)C(c1cc(F)cc(F)c1)C(F)(F)F,37,27,F,0.026180455461144447,0.19068172574043274
58,[N-]=[N+]=N[C@H](C(=O)N1C(=O)OC[C@@H]1Cc1ccccc1)C(c1cc(F)cc(F)c1)C(F)(F)F,38,18,),0.0006796038360334933,0.0087052620947361
58,[N-]=[N+]=N[C@H](C(=O)N1C(=O)OC[C@@H]1Cc1ccccc1)C(c1cc(F)cc(F)c1)C(F)(F)F,39,17,(,0.05980600416660309,0.2993270456790924
58,[N-]=[N+]=N[C@H](C(=O)N1C(=O)OC[C@@H]1Cc1ccccc1)C(c1cc(F)cc(F)c1)C(F)(F)F,40,27,F,0.002410316141322255,0.02705368958413601
58,[N-]=[N+]=N[C@H](C(=O)N1C(=O)OC[C@@H]1Cc1ccccc1)C(c1cc(F)cc(F)c1)C(F)(F)F,41,18,),0.0004968528519384563,0.006692320108413696
58,[N-]=[N+]=N[C@H](C(=O)N1C(=O)OC[C@@H]1Cc1ccccc1)C(c1cc(F)cc(F)c1)C(F)(F)F,42,27,F,0.11634812504053116,0.5156620740890503
58,[N-]=[N+]=N[C@H](C(=O)N1C(=O)OC[C@@H]1Cc1ccccc1)C(c1cc(F)cc(F)c1)C(F)(F)F,43,18,),0.0005084064905531704,0.006817923858761787
58,[N-]=[N+]=N[C@H](C(=O)N1C(=O)OC[C@@H]1Cc1ccccc1)C(c1cc(F)cc(F)c1)C(F)(F)F,44,35,[C@@H],0.9573495984077454,0.7275182008743286
58,[N-]=[N+]=N[C@H](C(=O)N1C(=O)OC[C@@H]1Cc1ccccc1)C(c1cc(F)cc(F)c1)C(F)(F)F,45,17,(,0.2696235179901123,0.5873724222183228
58,[N-]=[N+]=N[C@H](C(=O)N1C(=O)OC[C@@H]1Cc1ccccc1)C(c1cc(F)cc(F)c1)C(F)(F)F,46,27,F,1.2661023139953613,0.9725870490074158
58,[N-]=[N+]=N[C@H](C(=O)N1C(=O)OC[C@@H]1Cc1ccccc1)C(c1cc(F)cc(F)c1)C(F)(F)F,47,18,),0.0004900598432868719,0.0066103460267186165
58,[N-]=[N+]=N[C@H](C(=O)N1C(=O)OC[C@@H]1Cc1ccccc1)C(c1cc(F)cc(F)c1)C(F)(F)F,48,16,C,0.38972795009613037,0.6509002447128296
58,[N-]=[N+]=N[C@H](C(=O)N1C(=O)OC[C@@H]1Cc1ccccc1)C(c1cc(F)cc(F)c1)C(F)(F)F,49,15,c,1.5427507162094116,1.5540610551834106
58,[N-]=[N+]=N[C@H](C(=O)N1C(=O)OC[C@@H]1Cc1ccccc1)C(c1cc(F)cc(F)c1)C(F)(F)F,50,20,1,0.0016792586538940668,0.016771288588643074
58,[N-]=[N+]=N[C@H](C(=O)N1C(=O)OC[C@@H]1Cc1ccccc1)C(c1cc(F)cc(F)c1)C(F)(F)F,51,15,c,0.00353689375333488,0.029500389471650124
58,[N-]=[N+]=N[C@H](C(=O)N1C(=O)OC[C@@H]1Cc1ccccc1)C(c1cc(F)cc(F)c1)C(F)(F)F,52,15,c,0.03738793730735779,0.22273488342761993
58,[N-]=[N+]=N[C@H](C(=O)N1C(=O)OC[C@@H]1Cc1ccccc1)C(c1cc(F)cc(F)c1)C(F)(F)F,53,17,(,0.017006833106279373,0.11827980726957321
58,[N-]=[N+]=N[C@H](C(=O)N1C(=O)OC[C@@H]1Cc1ccccc1)C(c1cc(F)cc(F)c1)C(F)(F)F,54,27,F,0.0024094292894005775,0.028231928125023842
58,[N-]=[N+]=N[C@H](C(=O)N1C(=O)OC[C@@H]1Cc1ccccc1)C(c1cc(F)cc(F)c1)C(F)(F)F,55,18,),0.0005494342185556889,0.0073103467002511024
58,[N-]=[N+]=N[C@H](C(=O)N1C(=O)OC[C@@H]1Cc1ccccc1)C(c1cc(F)cc(F)c1)C(F)(F)F,56,15,c,0.0461248904466629,0.2323208600282669
58,[N-]=[N+]=N[C@H](C(=O)N1C(=O)OC[C@@H]1Cc1ccccc1)C(c1cc(F)cc(F)c1)C(F)(F)F,57,15,c,0.005008658394217491,0.04566950350999832
58,[N-]=[N+]=N[C@H](C(=O)N1C(=O)OC[C@@H]1Cc1ccccc1)C(c1cc(F)cc(F)c1)C(F)(F)F,58,17,(,0.08599929511547089,0.44838613271713257
58,[N-]=[N+]=N[C@H](C(=O)N1C(=O)OC[C@@H]1Cc1ccccc1)C(c1cc(F)cc(F)c1)C(F)(F)F,59,27,F,0.09522651135921478,0.5922065377235413
58,[N-]=[N+]=N[C@H](C(=O)N1C(=O)OC[C@@H]1Cc1ccccc1)C(c1cc(F)cc(F)c1)C(F)(F)F,60,18,),0.0007269476191140711,0.009398555383086205
58,[N-]=[N+]=N[C@H](C(=O)N1C(=O)OC[C@@H]1Cc1ccccc1)C(c1cc(F)cc(F)c1)C(F)(F)F,61,15,c,0.0743638277053833,0.2711402177810669
58,[N-]=[N+]=N[C@H](C(=O)N1C(=O)OC[C@@H]1Cc1ccccc1)C(c1cc(F)cc(F)c1)C(F)(F)F,62,20,1,0.01900475285947323,0.1378345787525177
58,[N-]=[N+]=N[C@H](C(=O)N1C(=O)OC[C@@H]1Cc1ccccc1)C(c1cc(F)cc(F)c1)C(F)(F)F,63,13,[SEP],0.00842545460909605,0.0784602090716362
59,CN(C(=O)OC(C)(C)C)c1ccc(C(=O)O)cc1,0,16,C,0.00129103590734303,0.01486546266824007
59,CN(C(=O)OC(C)(C)C)c1ccc(C(=O)O)cc1,1,23,N,0.04321212321519852,0.2677311599254608
59,CN(C(=O)OC(C)(C)C)c1ccc(C(=O)O)cc1,2,17,(,0.0032835158053785563,0.031960923224687576
59,CN(C(=O)OC(C)(C)C)c1ccc(C(=O)O)cc1,3,16,C,0.7154672145843506,0.20720084011554718
59,CN(C(=O)OC(C)(C)C)c1ccc(C(=O)O)cc1,4,17,(,0.02222261391580105,0.13547861576080322
59,CN(C(=O)OC(C)(C)C)c1ccc(C(=O)O)cc1,5,22,=,0.005848942324519157,0.04705754294991493
59,CN(C(=O)OC(C)(C)C)c1ccc(C(=O)O)cc1,6,19,O,0.0012588559184223413,0.014152271673083305
59,CN(C(=O)OC(C)(C)C)c1ccc(C(=O)O)cc1,7,18,),0.0005375982727855444,0.007171696983277798
59,CN(C(=O)OC(C)(C)C)c1ccc(C(=O)O)cc1,8,19,O,0.007108903955668211,0.05962574481964111
59,CN(C(=O)OC(C)(C)C)c1ccc(C(=O)O)cc1,9,16,C,0.11636664718389511,0.4193651080131531
59,CN(C(=O)OC(C)(C)C)c1ccc(C(=O)O)cc1,10,17,(,0.004616555757820606,0.04346701502799988
59,CN(C(=O)OC(C)(C)C)c1ccc(C(=O)O)cc1,11,16,C,0.004351245705038309,0.03898537531495094
59,CN(C(=O)OC(C)(C)C)c1ccc(C(=O)O)cc1,12,18,),0.0006653572781942785,0.008731146343052387
59,CN(C(=O)OC(C)(C)C)c1ccc(C(=O)O)cc1,13,17,(,0.002315754070878029,0.023873785510659218
59,CN(C(=O)OC(C)(C)C)c1ccc(C(=O)O)cc1,14,16,C,0.0009281217935495079,0.011086218059062958
59,CN(C(=O)OC(C)(C)C)c1ccc(C(=O)O)cc1,15,18,),0.0005750097334384918,0.007683794945478439
59,CN(C(=O)OC(C)(C)C)c1ccc(C(=O)O)cc1,16,16,C,0.0009788513416424394,0.011591661721467972
59,CN(C(=O)OC(C)(C)C)c1ccc(C(=O)O)cc1,17,18,),0.0006661054794676602,0.008723337203264236
59,CN(C(=O)OC(C)(C)C)c1ccc(C(=O)O)cc1,18,15,c,0.00448447372764349,0.04022490978240967
59,CN(C(=O)OC(C)(C)C)c1ccc(C(=O)O)cc1,19,20,1,0.0016980208456516266,0.019299829378724098
59,CN(C(=O)OC(C)(C)C)c1ccc(C(=O)O)cc1,20,15,c,0.0007665707962587476,0.009212017059326172
59,CN(C(=O)OC(C)(C)C)c1ccc(C(=O)O)cc1,21,15,c,0.0019540777429938316,0.020902544260025024
59,CN(C(=O)OC(C)(C)C)c1ccc(C(=O)O)cc1,22,15,c,0.004675069358199835,0.04064088314771652
59,CN(C(=O)OC(C)(C)C)c1ccc(C(=O)O)cc1,23,17,(,0.07022931426763535,0.27177873253822327
59,CN(C(=O)OC(C)(C)C)c1ccc(C(=O)O)cc1,24,16,C,0.04909989982843399,0.3268390893936157
59,CN(C(=O)OC(C)(C)C)c1ccc(C(=O)O)cc1,25,22,=,0.6671798229217529,0.27286258339881897
59,CN(C(=O)OC(C)(C)C)c1ccc(C(=O)O)cc1,26,19,O,0.971931517124176,1.017184853553772
59,CN(C(=O)OC(C)(C)C)c1ccc(C(=O)O)cc1,27,18,),0.000607379071880132,0.008093605749309063
59,CN(C(=O)OC(C)(C)C)c1ccc(C(=O)O)cc1,28,15,c,0.011153996922075748,0.08540579676628113
59,CN(C(=O)OC(C)(C)C)c1ccc(C(=O)O)cc1,29,15,c,0.007958635687828064,0.06385624408721924
59,CN(C(=O)OC(C)(C)C)c1ccc(C(=O)O)cc1,30,20,1,0.0026156865060329437,0.0287779550999403
59,CN(C(=O)OC(C)(C)C)c1ccc(C(=O)O)cc1,31,13,[SEP],0.005319653078913689,0.04436502605676651
60,CCCCCC(CO)c1ccc2c(c1)N(C(=O)OC(C)(C)C)CCC2(C)C,0,16,C,0.0011046555591747165,0.013082553632557392
60,CCCCCC(CO)c1ccc2c(c1)N(C(=O)OC(C)(C)C)CCC2(C)C,1,16,C,0.0013786263298243284,0.015672650188207626
60,CCCCCC(CO)c1ccc2c(c1)N(C(=O)OC(C)(C)C)CCC2(C)C,2,16,C,0.0016117403283715248,0.017990022897720337
60,CCCCCC(CO)c1ccc2c(c1)N(C(=O)OC(C)(C)C)CCC2(C)C,3,16,C,0.0018315097549930215,0.019054964184761047
60,CCCCCC(CO)c1ccc2c(c1)N(C(=O)OC(C)(C)C)CCC2(C)C,4,16,C,0.005163561552762985,0.04605456441640854
60,CCCCCC(CO)c1ccc2c(c1)N(C(=O)OC(C)(C)C)CCC2(C)C,5,16,C,0.21444763243198395,0.9374606609344482
60,CCCCCC(CO)c1ccc2c(c1)N(C(=O)OC(C)(C)C)CCC2(C)C,6,16,C,1.629791498184204,0.8448906540870667
60,CCCCCC(CO)c1ccc2c(c1)N(C(=O)OC(C)(C)C)CCC2(C)C,7,17,(,1.6292507648468018,0.9053431749343872
60,CCCCCC(CO)c1ccc2c(c1)N(C(=O)OC(C)(C)C)CCC2(C)C,8,16,C,0.4374988079071045,0.7779837846755981
60,CCCCCC(CO)c1ccc2c(c1)N(C(=O)OC(C)(C)C)CCC2(C)C,9,19,O,0.7751720547676086,1.1825999021530151
60,CCCCCC(CO)c1ccc2c(c1)N(C(=O)OC(C)(C)C)CCC2(C)C,10,18,),0.004079687874764204,0.037193767726421356
60,CCCCCC(CO)c1ccc2c(c1)N(C(=O)OC(C)(C)C)CCC2(C)C,11,15,c,0.013531838543713093,0.10435322672128677
60,CCCCCC(CO)c1ccc2c(c1)N(C(=O)OC(C)(C)C)CCC2(C)C,12,20,1,0.0008162203012034297,0.010392101481556892
60,CCCCCC(CO)c1ccc2c(c1)N(C(=O)OC(C)(C)C)CCC2(C)C,13,15,c,0.0016370664816349745,0.01657640002667904
60,CCCCCC(CO)c1ccc2c(c1)N(C(=O)OC(C)(C)C)CCC2(C)C,14,15,c,0.0011711642146110535,0.013131501153111458
60,CCCCCC(CO)c1ccc2c(c1)N(C(=O)OC(C)(C)C)CCC2(C)C,15,15,c,0.002959780627861619,0.0282356608659029
60,CCCCCC(CO)c1ccc2c(c1)N(C(=O)OC(C)(C)C)CCC2(C)C,16,21,2,0.10758411884307861,0.36210986971855164
60,CCCCCC(CO)c1ccc2c(c1)N(C(=O)OC(C)(C)C)CCC2(C)C,17,15,c,0.001434858189895749,0.014524039812386036
60,CCCCCC(CO)c1ccc2c(c1)N(C(=O)OC(C)(C)C)CCC2(C)C,18,17,(,0.007477711886167526,0.05973156914114952
60,CCCCCC(CO)c1ccc2c(c1)N(C(=O)OC(C)(C)C)CCC2(C)C,19,15,c,0.0040246546268463135,0.03459006920456886
60,CCCCCC(CO)c1ccc2c(c1)N(C(=O)OC(C)(C)C)CCC2(C)C,20,20,1,0.0016382038593292236,0.018660245463252068
60,CCCCCC(CO)c1ccc2c(c1)N(C(=O)OC(C)(C)C)CCC2(C)C,21,18,),0.0015510262455791235,0.017439814284443855
60,CCCCCC(CO)c1ccc2c(c1)N(C(=O)OC(C)(C)C)CCC2(C)C,22,23,N,0.6128942966461182,0.5322561860084534
60,CCCCCC(CO)c1ccc2c(c1)N(C(=O)OC(C)(C)C)CCC2(C)C,23,17,(,0.0037728766910731792,0.035720422863960266
60,CCCCCC(CO)c1ccc2c(c1)N(C(=O)OC(C)(C)C)CCC2(C)C,24,16,C,0.015331758186221123,0.10704879462718964
60,CCCCCC(CO)c1ccc2c(c1)N(C(=O)OC(C)(C)C)CCC2(C)C,25,17,(,0.7410890460014343,0.306071013212204
60,CCCCCC(CO)c1ccc2c(c1)N(C(=O)OC(C)(C)C)CCC2(C)C,26,22,=,0.05544433370232582,0.23864448070526123
60,CCCCCC(CO)c1ccc2c(c1)N(C(=O)OC(C)(C)C)CCC2(C)C,27,19,O,0.0020205830223858356,0.019786344841122627
60,CCCCCC(CO)c1ccc2c(c1)N(C(=O)OC(C)(C)C)CCC2(C)C,28,18,),0.0004912016447633505,0.006632555741816759
60,CCCCCC(CO)c1ccc2c(c1)N(C(=O)OC(C)(C)C)CCC2(C)C,29,19,O,0.003501544939354062,0.03163228929042816
60,CCCCCC(CO)c1ccc2c(c1)N(C(=O)OC(C)(C)C)CCC2(C)C,30,16,C,0.0016544677782803774,0.018984932452440262
60,CCCCCC(CO)c1ccc2c(c1)N(C(=O)OC(C)(C)C)CCC2(C)C,31,17,(,0.0032009813003242016,0.03072882443666458
60,CCCCCC(CO)c1ccc2c(c1)N(C(=O)OC(C)(C)C)CCC2(C)C,32,16,C,0.0014288233360275626,0.016165167093276978
60,CCCCCC(CO)c1ccc2c(c1)N(C(=O)OC(C)(C)C)CCC2(C)C,33,18,),0.0006831828504800797,0.008891729637980461
60,CCCCCC(CO)c1ccc2c(c1)N(C(=O)OC(C)(C)C)CCC2(C)C,34,17,(,0.001660121139138937,0.017716731876134872
60,CCCCCC(CO)c1ccc2c(c1)N(C(=O)OC(C)(C)C)CCC2(C)C,35,16,C,0.0008786347461864352,0.010623225942254066
60,CCCCCC(CO)c1ccc2c(c1)N(C(=O)OC(C)(C)C)CCC2(C)C,36,18,),0.0006115934811532497,0.008035738952457905
60,CCCCCC(CO)c1ccc2c(c1)N(C(=O)OC(C)(C)C)CCC2(C)C,37,16,C,0.000906166504137218,0.010858730413019657
60,CCCCCC(CO)c1ccc2c(c1)N(C(=O)OC(C)(C)C)CCC2(C)C,38,18,),0.0006872215890325606,0.008895364589989185
60,CCCCCC(CO)c1ccc2c(c1)N(C(=O)OC(C)(C)C)CCC2(C)C,39,16,C,0.0027446046005934477,0.02734801359474659
60,CCCCCC(CO)c1ccc2c(c1)N(C(=O)OC(C)(C)C)CCC2(C)C,40,16,C,0.002484518103301525,0.025899985805153847
60,CCCCCC(CO)c1ccc2c(c1)N(C(=O)OC(C)(C)C)CCC2(C)C,41,16,C,1.176743745803833,0.6397287249565125
60,CCCCCC(CO)c1ccc2c(c1)N(C(=O)OC(C)(C)C)CCC2(C)C,42,21,2,0.4420984089374542,1.380690574645996
60,CCCCCC(CO)c1ccc2c(c1)N(C(=O)OC(C)(C)C)CCC2(C)C,43,17,(,0.4299441874027252,0.8846524357795715
60,CCCCCC(CO)c1ccc2c(c1)N(C(=O)OC(C)(C)C)CCC2(C)C,44,16,C,0.0026348598767071962,0.028748687356710434
60,CCCCCC(CO)c1ccc2c(c1)N(C(=O)OC(C)(C)C)CCC2(C)C,45,18,),0.0014469779562205076,0.01740139350295067
60,CCCCCC(CO)c1ccc2c(c1)N(C(=O)OC(C)(C)C)CCC2(C)C,46,16,C,0.018696578219532967,0.14689289033412933
60,CCCCCC(CO)c1ccc2c(c1)N(C(=O)OC(C)(C)C)CCC2(C)C,47,13,[SEP],0.012348674237728119,0.09076876193284988
61,CN(C)c1nc(N)nc2c1ncn2Cc1ccccc1Cl,0,16,C,0.006505313795059919,0.052254851907491684
61,CN(C)c1nc(N)nc2c1ncn2Cc1ccccc1Cl,1,23,N,0.009314757771790028,0.08453063666820526
61,CN(C)c1nc(N)nc2c1ncn2Cc1ccccc1Cl,2,17,(,0.5129922032356262,0.9397073984146118
61,CN(C)c1nc(N)nc2c1ncn2Cc1ccccc1Cl,3,16,C,0.005665111821144819,0.04940168187022209
61,CN(C)c1nc(N)nc2c1ncn2Cc1ccccc1Cl,4,18,),0.00418691523373127,0.040521495044231415
61,CN(C)c1nc(N)nc2c1ncn2Cc1ccccc1Cl,5,15,c,0.020206112414598465,0.12652821838855743
61,CN(C)c1nc(N)nc2c1ncn2Cc1ccccc1Cl,6,20,1,0.0009418278932571411,0.010994328185915947
61,CN(C)c1nc(N)nc2c1ncn2Cc1ccccc1Cl,7,25,n,0.0462159663438797,0.2065356820821762
61,CN(C)c1nc(N)nc2c1ncn2Cc1ccccc1Cl,8,15,c,0.013063063845038414,0.08716142177581787
61,CN(C)c1nc(N)nc2c1ncn2Cc1ccccc1Cl,9,17,(,0.3670145869255066,0.9543914794921875
61,CN(C)c1nc(N)nc2c1ncn2Cc1ccccc1Cl,10,23,N,0.04153468832373619,0.260437548160553
61,CN(C)c1nc(N)nc2c1ncn2Cc1ccccc1Cl,11,18,),0.003369965823367238,0.032214678823947906
61,CN(C)c1nc(N)nc2c1ncn2Cc1ccccc1Cl,12,25,n,0.11802875250577927,0.37523117661476135
61,CN(C)c1nc(N)nc2c1ncn2Cc1ccccc1Cl,13,15,c,0.03470524027943611,0.2076856642961502
61,CN(C)c1nc(N)nc2c1ncn2Cc1ccccc1Cl,14,21,2,0.7976128458976746,0.530176043510437
61,CN(C)c1nc(N)nc2c1ncn2Cc1ccccc1Cl,15,15,c,0.00813194178044796,0.059624165296554565
61,CN(C)c1nc(N)nc2c1ncn2Cc1ccccc1Cl,16,17,(,1.0724958181381226,0.4283042550086975
61,CN(C)c1nc(N)nc2c1ncn2Cc1ccccc1Cl,17,16,C,1.2182056903839111,1.5847517251968384
61,CN(C)c1nc(N)nc2c1ncn2Cc1ccccc1Cl,18,15,c,0.07489312440156937,0.4161667823791504
61,CN(C)c1nc(N)nc2c1ncn2Cc1ccccc1Cl,19,26,3,0.00880298763513565,0.08707631379365921
61,CN(C)c1nc(N)nc2c1ncn2Cc1ccccc1Cl,20,15,c,0.0008508430910296738,0.009529663249850273
61,CN(C)c1nc(N)nc2c1ncn2Cc1ccccc1Cl,21,15,c,0.0007917993934825063,0.009273631498217583
61,CN(C)c1nc(N)nc2c1ncn2Cc1ccccc1Cl,22,15,c,0.0013644859427586198,0.014867599122226238
61,CN(C)c1nc(N)nc2c1ncn2Cc1ccccc1Cl,23,15,c,0.001784545718692243,0.018318725749850273
61,CN(C)c1nc(N)nc2c1ncn2Cc1ccccc1Cl,24,15,c,0.0036105059552937746,0.030716927722096443
61,CN(C)c1nc(N)nc2c1ncn2Cc1ccccc1Cl,25,26,3,0.005367421079427004,0.0568544864654541
61,CN(C)c1nc(N)nc2c1ncn2Cc1ccccc1Cl,26,28,Cl,0.012460886500775814,0.10022345185279846
61,CN(C)c1nc(N)nc2c1ncn2Cc1ccccc1Cl,27,18,),0.0005699010798707604,0.007548540830612183
61,CN(C)c1nc(N)nc2c1ncn2Cc1ccccc1Cl,28,15,c,0.04166598990559578,0.18998245894908905
61,CN(C)c1nc(N)nc2c1ncn2Cc1ccccc1Cl,29,25,n,0.043223001062870026,0.23969827592372894
61,CN(C)c1nc(N)nc2c1ncn2Cc1ccccc1Cl,30,15,c,0.15383218228816986,0.7385237216949463
61,CN(C)c1nc(N)nc2c1ncn2Cc1ccccc1Cl,31,15,c,0.45048895478248596,1.4894459247589111
61,CN(C)c1nc(N)nc2c1ncn2Cc1ccccc1Cl,32,20,1,0.009905904531478882,0.0920451432466507
61,CN(C)c1nc(N)nc2c1ncn2Cc1ccccc1Cl,33,21,2,0.005564461462199688,0.052638936787843704
61,CN(C)c1nc(N)nc2c1ncn2Cc1ccccc1Cl,34,13,[SEP],0.0015423813601955771,0.01619018241763115
62,C[C@H]1CN(C(=O)OC(C)(C)C)CCN1Cc1cccc(-c2ccnc(Cl)n2)c1,0,16,C,0.0014104769797995687,0.016120562329888344
62,C[C@H]1CN(C(=O)OC(C)(C)C)CCN1Cc1cccc(-c2ccnc(Cl)n2)c1,1,35,[C@@H],1.0899169445037842,0.15163417160511017
62,C[C@H]1CN(C(=O)OC(C)(C)C)CCN1Cc1cccc(-c2ccnc(Cl)n2)c1,2,20,1,0.02747233211994171,0.17919304966926575
62,C[C@H]1CN(C(=O)OC(C)(C)C)CCN1Cc1cccc(-c2ccnc(Cl)n2)c1,3,16,C,0.1114177480340004,0.5044087171554565
62,C[C@H]1CN(C(=O)OC(C)(C)C)CCN1Cc1cccc(-c2ccnc(Cl)n2)c1,4,23,N,0.009841635823249817,0.083591990172863
62,C[C@H]1CN(C(=O)OC(C)(C)C)CCN1Cc1cccc(-c2ccnc(Cl)n2)c1,5,17,(,0.010836303234100342,0.08638642728328705
62,C[C@H]1CN(C(=O)OC(C)(C)C)CCN1Cc1cccc(-c2ccnc(Cl)n2)c1,6,16,C,0.017334574833512306,0.11607107520103455
62,C[C@H]1CN(C(=O)OC(C)(C)C)CCN1Cc1cccc(-c2ccnc(Cl)n2)c1,7,17,(,0.26987600326538086,0.5555902123451233
62,C[C@H]1CN(C(=O)OC(C)(C)C)CCN1Cc1cccc(-c2ccnc(Cl)n2)c1,8,22,=,0.002067302819341421,0.02148853987455368
62,C[C@H]1CN(C(=O)OC(C)(C)C)CCN1Cc1cccc(-c2ccnc(Cl)n2)c1,9,19,O,0.0021819102112203836,0.021345529705286026
62,C[C@H]1CN(C(=O)OC(C)(C)C)CCN1Cc1cccc(-c2ccnc(Cl)n2)c1,10,18,),0.0005135130486451089,0.0068941437639296055
62,C[C@H]1CN(C(=O)OC(C)(C)C)CCN1Cc1cccc(-c2ccnc(Cl)n2)c1,11,19,O,0.2804469168186188,0.5923601984977722
62,C[C@H]1CN(C(=O)OC(C)(C)C)CCN1Cc1cccc(-c2ccnc(Cl)n2)c1,12,16,C,0.005682232789695263,0.05375221371650696
62,C[C@H]1CN(C(=O)OC(C)(C)C)CCN1Cc1cccc(-c2ccnc(Cl)n2)c1,13,17,(,0.01057037990540266,0.08496775478124619
62,C[C@H]1CN(C(=O)OC(C)(C)C)CCN1Cc1cccc(-c2ccnc(Cl)n2)c1,14,16,C,0.0043862988241016865,0.04168139770627022
62,C[C@H]1CN(C(=O)OC(C)(C)C)CCN1Cc1cccc(-c2ccnc(Cl)n2)c1,15,18,),0.0007726294570602477,0.009854686446487904
62,C[C@H]1CN(C(=O)OC(C)(C)C)CCN1Cc1cccc(-c2ccnc(Cl)n2)c1,16,17,(,0.0017689354717731476,0.01876077428460121
62,C[C@H]1CN(C(=O)OC(C)(C)C)CCN1Cc1cccc(-c2ccnc(Cl)n2)c1,17,16,C,0.001095965621061623,0.012756065465509892
62,C[C@H]1CN(C(=O)OC(C)(C)C)CCN1Cc1cccc(-c2ccnc(Cl)n2)c1,18,18,),0.0005825507687404752,0.007699408568441868
62,C[C@H]1CN(C(=O)OC(C)(C)C)CCN1Cc1cccc(-c2ccnc(Cl)n2)c1,19,16,C,0.0012956056743860245,0.014765261672437191
62,C[C@H]1CN(C(=O)OC(C)(C)C)CCN1Cc1cccc(-c2ccnc(Cl)n2)c1,20,18,),0.0008528026519343257,0.010795295238494873
62,C[C@H]1CN(C(=O)OC(C)(C)C)CCN1Cc1cccc(-c2ccnc(Cl)n2)c1,21,16,C,0.0025428549852222204,0.02603411115705967
62,C[C@H]1CN(C(=O)OC(C)(C)C)CCN1Cc1cccc(-c2ccnc(Cl)n2)c1,22,16,C,0.004935431759804487,0.043297234922647476
62,C[C@H]1CN(C(=O)OC(C)(C)C)CCN1Cc1cccc(-c2ccnc(Cl)n2)c1,23,23,N,0.00538673484697938,0.050540741533041
62,C[C@H]1CN(C(=O)OC(C)(C)C)CCN1Cc1cccc(-c2ccnc(Cl)n2)c1,24,20,1,0.017482666298747063,0.12101471424102783
62,C[C@H]1CN(C(=O)OC(C)(C)C)CCN1Cc1cccc(-c2ccnc(Cl)n2)c1,25,16,C,0.009122632443904877,0.07088407129049301
62,C[C@H]1CN(C(=O)OC(C)(C)C)CCN1Cc1cccc(-c2ccnc(Cl)n2)c1,26,15,c,0.0021635042503476143,0.023025956004858017
62,C[C@H]1CN(C(=O)OC(C)(C)C)CCN1Cc1cccc(-c2ccnc(Cl)n2)c1,27,20,1,0.0008647615322843194,0.010965515859425068
62,C[C@H]1CN(C(=O)OC(C)(C)C)CCN1Cc1cccc(-c2ccnc(Cl)n2)c1,28,15,c,0.0013303493615239859,0.013923076912760735
62,C[C@H]1CN(C(=O)OC(C)(C)C)CCN1Cc1cccc(-c2ccnc(Cl)n2)c1,29,15,c,0.001239796751178801,0.014000862836837769
62,C[C@H]1CN(C(=O)OC(C)(C)C)CCN1Cc1cccc(-c2ccnc(Cl)n2)c1,30,15,c,0.0029210573993623257,0.02716892771422863
62,C[C@H]1CN(C(=O)OC(C)(C)C)CCN1Cc1cccc(-c2ccnc(Cl)n2)c1,31,15,c,0.0015009811613708735,0.01545850932598114
62,C[C@H]1CN(C(=O)OC(C)(C)C)CCN1Cc1cccc(-c2ccnc(Cl)n2)c1,32,17,(,0.0018135970458388329,0.019228730350732803
62,C[C@H]1CN(C(=O)OC(C)(C)C)CCN1Cc1cccc(-c2ccnc(Cl)n2)c1,33,31,-,0.0027695668395608664,0.03149452805519104
62,C[C@H]1CN(C(=O)OC(C)(C)C)CCN1Cc1cccc(-c2ccnc(Cl)n2)c1,34,15,c,0.0015493957325816154,0.0176922045648098
62,C[C@H]1CN(C(=O)OC(C)(C)C)CCN1Cc1cccc(-c2ccnc(Cl)n2)c1,35,21,2,0.0009124561911448836,0.0115148164331913
62,C[C@H]1CN(C(=O)OC(C)(C)C)CCN1Cc1cccc(-c2ccnc(Cl)n2)c1,36,15,c,0.02986559458076954,0.14407122135162354
62,C[C@H]1CN(C(=O)OC(C)(C)C)CCN1Cc1cccc(-c2ccnc(Cl)n2)c1,37,15,c,0.0015939230797812343,0.01758786477148533
62,C[C@H]1CN(C(=O)OC(C)(C)C)CCN1Cc1cccc(-c2ccnc(Cl)n2)c1,38,25,n,0.0030756571795791388,0.030220912769436836
62,C[C@H]1CN(C(=O)OC(C)(C)C)CCN1Cc1cccc(-c2ccnc(Cl)n2)c1,39,15,c,0.00231695338152349,0.0215766578912735
62,C[C@H]1CN(C(=O)OC(C)(C)C)CCN1Cc1cccc(-c2ccnc(Cl)n2)c1,40,17,(,0.015942268073558807,0.11521882563829422
62,C[C@H]1CN(C(=O)OC(C)(C)C)CCN1Cc1cccc(-c2ccnc(Cl)n2)c1,41,28,Cl,0.0021123131737113,0.025015536695718765
62,C[C@H]1CN(C(=O)OC(C)(C)C)CCN1Cc1cccc(-c2ccnc(Cl)n2)c1,42,18,),0.0005673819105140865,0.007574377581477165
62,C[C@H]1CN(C(=O)OC(C)(C)C)CCN1Cc1cccc(-c2ccnc(Cl)n2)c1,43,25,n,0.006935270503163338,0.05244588106870651
62,C[C@H]1CN(C(=O)OC(C)(C)C)CCN1Cc1cccc(-c2ccnc(Cl)n2)c1,44,21,2,0.0008006971329450607,0.010215367190539837
62,C[C@H]1CN(C(=O)OC(C)(C)C)CCN1Cc1cccc(-c2ccnc(Cl)n2)c1,45,18,),0.0006512781837955117,0.008630055002868176
62,C[C@H]1CN(C(=O)OC(C)(C)C)CCN1Cc1cccc(-c2ccnc(Cl)n2)c1,46,15,c,0.058727867901325226,0.230713352560997
62,C[C@H]1CN(C(=O)OC(C)(C)C)CCN1Cc1cccc(-c2ccnc(Cl)n2)c1,47,20,1,0.0012917050626128912,0.015927964821457863
62,C[C@H]1CN(C(=O)OC(C)(C)C)CCN1Cc1cccc(-c2ccnc(Cl)n2)c1,48,13,[SEP],0.005160426255315542,0.04292033240199089
63,COc1ccc(N2C(=O)Cc3ccccc32)cc1Cl,0,16,C,0.002382309176027775,0.023723792284727097
63,COc1ccc(N2C(=O)Cc3ccccc32)cc1Cl,1,19,O,0.017812170088291168,0.13372670114040375
63,COc1ccc(N2C(=O)Cc3ccccc32)cc1Cl,2,15,c,0.0373196117579937,0.2663862407207489
63,COc1ccc(N2C(=O)Cc3ccccc32)cc1Cl,3,20,1,0.0008327180985361338,0.01005038246512413
63,COc1ccc(N2C(=O)Cc3ccccc32)cc1Cl,4,15,c,0.012379085645079613,0.07650724053382874
63,COc1ccc(N2C(=O)Cc3ccccc32)cc1Cl,5,15,c,0.003617143491283059,0.03327471762895584
63,COc1ccc(N2C(=O)Cc3ccccc32)cc1Cl,6,15,c,0.009377208538353443,0.07188737392425537
63,COc1ccc(N2C(=O)Cc3ccccc32)cc1Cl,7,17,(,0.48891130089759827,0.4717184603214264
63,COc1ccc(N2C(=O)Cc3ccccc32)cc1Cl,8,23,N,0.6353654861450195,1.363130807876587
63,COc1ccc(N2C(=O)Cc3ccccc32)cc1Cl,9,21,2,0.23554958403110504,0.7985624074935913
63,COc1ccc(N2C(=O)Cc3ccccc32)cc1Cl,10,16,C,0.05413976311683655,0.3042692244052887
63,COc1ccc(N2C(=O)Cc3ccccc32)cc1Cl,11,17,(,0.4990423023700714,1.3929109573364258
63,COc1ccc(N2C(=O)Cc3ccccc32)cc1Cl,12,22,=,0.015589458867907524,0.11748766899108887
63,COc1ccc(N2C(=O)Cc3ccccc32)cc1Cl,13,19,O,0.0015306654386222363,0.016530942171812057
63,COc1ccc(N2C(=O)Cc3ccccc32)cc1Cl,14,18,),0.0006002370500937104,0.007900864817202091
63,COc1ccc(N2C(=O)Cc3ccccc32)cc1Cl,15,16,C,0.011502939276397228,0.0970279723405838
63,COc1ccc(N2C(=O)Cc3ccccc32)cc1Cl,16,15,c,0.003165201982483268,0.030596520751714706
63,COc1ccc(N2C(=O)Cc3ccccc32)cc1Cl,17,26,3,0.001233479706570506,0.015384579077363014
63,COc1ccc(N2C(=O)Cc3ccccc32)cc1Cl,18,15,c,0.0007957699708640575,0.009041741490364075
63,COc1ccc(N2C(=O)Cc3ccccc32)cc1Cl,19,15,c,0.0018688796553760767,0.01863311231136322
63,COc1ccc(N2C(=O)Cc3ccccc32)cc1Cl,20,15,c,0.002236120169982314,0.020874861627817154
63,COc1ccc(N2C(=O)Cc3ccccc32)cc1Cl,21,15,c,0.0063864742405712605,0.04788554832339287
63,COc1ccc(N2C(=O)Cc3ccccc32)cc1Cl,22,15,c,0.0036117499694228172,0.029339822009205818
63,COc1ccc(N2C(=O)Cc3ccccc32)cc1Cl,23,26,3,0.0030054321978241205,0.03414415568113327
63,COc1ccc(N2C(=O)Cc3ccccc32)cc1Cl,24,21,2,0.003606583224609494,0.03837285563349724
63,COc1ccc(N2C(=O)Cc3ccccc32)cc1Cl,25,18,),0.0012008929625153542,0.014445465989410877
63,COc1ccc(N2C(=O)Cc3ccccc32)cc1Cl,26,15,c,0.003348450642079115,0.027820724993944168
63,COc1ccc(N2C(=O)Cc3ccccc32)cc1Cl,27,15,c,0.03976713865995407,0.20275574922561646
63,COc1ccc(N2C(=O)Cc3ccccc32)cc1Cl,28,20,1,0.0009866876062005758,0.012327960692346096
63,COc1ccc(N2C(=O)Cc3ccccc32)cc1Cl,29,28,Cl,0.013763169758021832,0.11844319105148315
63,COc1ccc(N2C(=O)Cc3ccccc32)cc1Cl,30,13,[SEP],0.0008936675149016082,0.009886711835861206
64,CC(=O)N[C@@H](C)COc1ncc2nc(-c3ccc(OCc4ccccc4)cn3)oc2c1F,0,16,C,0.0017387655097991228,0.019640948623418808
64,CC(=O)N[C@@H](C)COc1ncc2nc(-c3ccc(OCc4ccccc4)cn3)oc2c1F,1,16,C,0.03426738083362579,0.21164530515670776
64,CC(=O)N[C@@H](C)COc1ncc2nc(-c3ccc(OCc4ccccc4)cn3)oc2c1F,2,17,(,0.0031110213603824377,0.030582858249545097
64,CC(=O)N[C@@H](C)COc1ncc2nc(-c3ccc(OCc4ccccc4)cn3)oc2c1F,3,22,=,0.008326184935867786,0.06252162158489227
64,CC(=O)N[C@@H](C)COc1ncc2nc(-c3ccc(OCc4ccccc4)cn3)oc2c1F,4,19,O,0.0009720806265249848,0.011424659751355648
64,CC(=O)N[C@@H](C)COc1ncc2nc(-c3ccc(OCc4ccccc4)cn3)oc2c1F,5,18,),0.0005599962314590812,0.00740586593747139
64,CC(=O)N[C@@H](C)COc1ncc2nc(-c3ccc(OCc4ccccc4)cn3)oc2c1F,6,23,N,0.010752463713288307,0.08289788663387299
64,CC(=O)N[C@@H](C)COc1ncc2nc(-c3ccc(OCc4ccccc4)cn3)oc2c1F,7,35,[C@@H],0.49389198422431946,0.9373837113380432
64,CC(=O)N[C@@H](C)COc1ncc2nc(-c3ccc(OCc4ccccc4)cn3)oc2c1F,8,17,(,0.01481720246374607,0.11981091648340225
64,CC(=O)N[C@@H](C)COc1ncc2nc(-c3ccc(OCc4ccccc4)cn3)oc2c1F,9,16,C,0.007163592614233494,0.06683012843132019
64,CC(=O)N[C@@H](C)COc1ncc2nc(-c3ccc(OCc4ccccc4)cn3)oc2c1F,10,18,),0.0089414706453681,0.07684394717216492
64,CC(=O)N[C@@H](C)COc1ncc2nc(-c3ccc(OCc4ccccc4)cn3)oc2c1F,11,16,C,0.004936848767101765,0.04409386217594147
64,CC(=O)N[C@@H](C)COc1ncc2nc(-c3ccc(OCc4ccccc4)cn3)oc2c1F,12,19,O,0.010026867501437664,0.09074094146490097
64,CC(=O)N[C@@H](C)COc1ncc2nc(-c3ccc(OCc4ccccc4)cn3)oc2c1F,13,15,c,0.005086616147309542,0.04395907744765282
64,CC(=O)N[C@@H](C)COc1ncc2nc(-c3ccc(OCc4ccccc4)cn3)oc2c1F,14,20,1,0.0029172925278544426,0.02578871324658394
64,CC(=O)N[C@@H](C)COc1ncc2nc(-c3ccc(OCc4ccccc4)cn3)oc2c1F,15,15,c,0.3089234530925751,0.4752379059791565
64,CC(=O)N[C@@H](C)COc1ncc2nc(-c3ccc(OCc4ccccc4)cn3)oc2c1F,16,15,c,0.7394608855247498,0.6861814260482788
64,CC(=O)N[C@@H](C)COc1ncc2nc(-c3ccc(OCc4ccccc4)cn3)oc2c1F,17,15,c,0.017314044758677483,0.11202199012041092
64,CC(=O)N[C@@H](C)COc1ncc2nc(-c3ccc(OCc4ccccc4)cn3)oc2c1F,18,17,(,0.04212600365281105,0.21205748617649078
64,CC(=O)N[C@@H](C)COc1ncc2nc(-c3ccc(OCc4ccccc4)cn3)oc2c1F,19,31,-,0.12390750646591187,0.6627063155174255
64,CC(=O)N[C@@H](C)COc1ncc2nc(-c3ccc(OCc4ccccc4)cn3)oc2c1F,20,15,c,0.007685019169002771,0.05413879081606865
64,CC(=O)N[C@@H](C)COc1ncc2nc(-c3ccc(OCc4ccccc4)cn3)oc2c1F,21,21,2,0.0014089759206399322,0.017386171966791153
64,CC(=O)N[C@@H](C)COc1ncc2nc(-c3ccc(OCc4ccccc4)cn3)oc2c1F,22,15,c,0.5121428966522217,0.39141392707824707
64,CC(=O)N[C@@H](C)COc1ncc2nc(-c3ccc(OCc4ccccc4)cn3)oc2c1F,23,25,n,0.22490645945072174,0.5886324644088745
64,CC(=O)N[C@@H](C)COc1ncc2nc(-c3ccc(OCc4ccccc4)cn3)oc2c1F,24,15,c,0.021207120269536972,0.13037458062171936
64,CC(=O)N[C@@H](C)COc1ncc2nc(-c3ccc(OCc4ccccc4)cn3)oc2c1F,25,17,(,0.15009178221225739,0.5820030570030212
64,CC(=O)N[C@@H](C)COc1ncc2nc(-c3ccc(OCc4ccccc4)cn3)oc2c1F,26,19,O,0.8765854239463806,1.8441060781478882
64,CC(=O)N[C@@H](C)COc1ncc2nc(-c3ccc(OCc4ccccc4)cn3)oc2c1F,27,16,C,0.008749963715672493,0.07076472043991089
64,CC(=O)N[C@@H](C)COc1ncc2nc(-c3ccc(OCc4ccccc4)cn3)oc2c1F,28,15,c,0.008092454634606838,0.06825839728116989
64,CC(=O)N[C@@H](C)COc1ncc2nc(-c3ccc(OCc4ccccc4)cn3)oc2c1F,29,26,3,0.0034554905723780394,0.03849801793694496
64,CC(=O)N[C@@H](C)COc1ncc2nc(-c3ccc(OCc4ccccc4)cn3)oc2c1F,30,15,c,0.0010886593954637647,0.011888029985129833
64,CC(=O)N[C@@H](C)COc1ncc2nc(-c3ccc(OCc4ccccc4)cn3)oc2c1F,31,15,c,0.0013464747462421656,0.014176429249346256
64,CC(=O)N[C@@H](C)COc1ncc2nc(-c3ccc(OCc4ccccc4)cn3)oc2c1F,32,15,c,0.002331098774448037,0.02284597046673298
64,CC(=O)N[C@@H](C)COc1ncc2nc(-c3ccc(OCc4ccccc4)cn3)oc2c1F,33,15,c,0.05429863929748535,0.2343793660402298
64,CC(=O)N[C@@H](C)COc1ncc2nc(-c3ccc(OCc4ccccc4)cn3)oc2c1F,34,15,c,0.0016390744131058455,0.01636015623807907
64,CC(=O)N[C@@H](C)COc1ncc2nc(-c3ccc(OCc4ccccc4)cn3)oc2c1F,35,26,3,0.0009462260059081018,0.011160850524902344
64,CC(=O)N[C@@H](C)COc1ncc2nc(-c3ccc(OCc4ccccc4)cn3)oc2c1F,36,18,),0.0023565536830574274,0.025483347475528717
64,CC(=O)N[C@@H](C)COc1ncc2nc(-c3ccc(OCc4ccccc4)cn3)oc2c1F,37,15,c,0.025997094810009003,0.1496472954750061
64,CC(=O)N[C@@H](C)COc1ncc2nc(-c3ccc(OCc4ccccc4)cn3)oc2c1F,38,25,n,0.6818589568138123,0.6174372434616089
64,CC(=O)N[C@@H](C)COc1ncc2nc(-c3ccc(OCc4ccccc4)cn3)oc2c1F,39,21,2,0.001865427359007299,0.021024735644459724
64,CC(=O)N[C@@H](C)COc1ncc2nc(-c3ccc(OCc4ccccc4)cn3)oc2c1F,40,18,),0.0011696915607899427,0.014342302456498146
64,CC(=O)N[C@@H](C)COc1ncc2nc(-c3ccc(OCc4ccccc4)cn3)oc2c1F,41,25,n,0.5776597261428833,0.25275781750679016
64,CC(=O)N[C@@H](C)COc1ncc2nc(-c3ccc(OCc4ccccc4)cn3)oc2c1F,42,15,c,0.045108430087566376,0.22023576498031616
64,CC(=O)N[C@@H](C)COc1ncc2nc(-c3ccc(OCc4ccccc4)cn3)oc2c1F,43,20,1,0.008639490231871605,0.0689065158367157
64,CC(=O)N[C@@H](C)COc1ncc2nc(-c3ccc(OCc4ccccc4)cn3)oc2c1F,44,27,F,0.8719438314437866,1.405167818069458
64,CC(=O)N[C@@H](C)COc1ncc2nc(-c3ccc(OCc4ccccc4)cn3)oc2c1F,45,13,[SEP],0.4949784278869629,0.3848807215690613
65,Fc1ccc(N2N=C(C(F)(F)C(F)(F)F)CC2c2cc(Br)ccn2)c(F)c1,0,27,F,0.772405207157135,0.49823540449142456
65,Fc1ccc(N2N=C(C(F)(F)C(F)(F)F)CC2c2cc(Br)ccn2)c(F)c1,1,15,c,0.7683771252632141,0.4293352961540222
65,Fc1ccc(N2N=C(C(F)(F)C(F)(F)F)CC2c2cc(Br)ccn2)c(F)c1,2,20,1,0.0016012180130928755,0.018912293016910553
65,Fc1ccc(N2N=C(C(F)(F)C(F)(F)F)CC2c2cc(Br)ccn2)c(F)c1,3,15,c,0.12135955691337585,0.36565732955932617
65,Fc1ccc(N2N=C(C(F)(F)C(F)(F)F)CC2c2cc(Br)ccn2)c(F)c1,4,15,c,0.03942760080099106,0.1961314082145691
65,Fc1ccc(N2N=C(C(F)(F)C(F)(F)F)CC2c2cc(Br)ccn2)c(F)c1,5,15,c,0.9978320002555847,0.4140354096889496
65,Fc1ccc(N2N=C(C(F)(F)C(F)(F)F)CC2c2cc(Br)ccn2)c(F)c1,6,17,(,0.07474861294031143,0.3325960636138916
65,Fc1ccc(N2N=C(C(F)(F)C(F)(F)F)CC2c2cc(Br)ccn2)c(F)c1,7,16,C,0.8884673118591309,1.2145298719406128
65,Fc1ccc(N2N=C(C(F)(F)C(F)(F)F)CC2c2cc(Br)ccn2)c(F)c1,8,21,2,0.379564106464386,1.2896698713302612
65,Fc1ccc(N2N=C(C(F)(F)C(F)(F)F)CC2c2cc(Br)ccn2)c(F)c1,9,22,=,0.5495740175247192,1.1649974584579468
65,Fc1ccc(N2N=C(C(F)(F)C(F)(F)F)CC2c2cc(Br)ccn2)c(F)c1,10,23,N,0.23429188132286072,0.6295970678329468
65,Fc1ccc(N2N=C(C(F)(F)C(F)(F)F)CC2c2cc(Br)ccn2)c(F)c1,11,23,N,0.506732165813446,1.1663527488708496
65,Fc1ccc(N2N=C(C(F)(F)C(F)(F)F)CC2c2cc(Br)ccn2)c(F)c1,12,17,(,0.14005863666534424,0.6642470955848694
65,Fc1ccc(N2N=C(C(F)(F)C(F)(F)F)CC2c2cc(Br)ccn2)c(F)c1,13,15,c,0.36066362261772156,0.8975704312324524
65,Fc1ccc(N2N=C(C(F)(F)C(F)(F)F)CC2c2cc(Br)ccn2)c(F)c1,14,26,3,0.001162078813649714,0.014355767518281937
65,Fc1ccc(N2N=C(C(F)(F)C(F)(F)F)CC2c2cc(Br)ccn2)c(F)c1,15,15,c,0.06082070246338844,0.2561064660549164
65,Fc1ccc(N2N=C(C(F)(F)C(F)(F)F)CC2c2cc(Br)ccn2)c(F)c1,16,15,c,0.03712035343050957,0.17579515278339386
65,Fc1ccc(N2N=C(C(F)(F)C(F)(F)F)CC2c2cc(Br)ccn2)c(F)c1,17,25,n,0.12520486116409302,0.4468372166156769
65,Fc1ccc(N2N=C(C(F)(F)C(F)(F)F)CC2c2cc(Br)ccn2)c(F)c1,18,15,c,0.007863013073801994,0.0551629476249218
65,Fc1ccc(N2N=C(C(F)(F)C(F)(F)F)CC2c2cc(Br)ccn2)c(F)c1,19,17,(,0.053803153336048126,0.25183412432670593
65,Fc1ccc(N2N=C(C(F)(F)C(F)(F)F)CC2c2cc(Br)ccn2)c(F)c1,20,16,C,0.719067394733429,0.6423285007476807
65,Fc1ccc(N2N=C(C(F)(F)C(F)(F)F)CC2c2cc(Br)ccn2)c(F)c1,21,17,(,0.4753332734107971,1.6646431684494019
65,Fc1ccc(N2N=C(C(F)(F)C(F)(F)F)CC2c2cc(Br)ccn2)c(F)c1,22,27,F,0.0361144095659256,0.224399134516716
65,Fc1ccc(N2N=C(C(F)(F)C(F)(F)F)CC2c2cc(Br)ccn2)c(F)c1,23,18,),0.0007251251372508705,0.00926235318183899
65,Fc1ccc(N2N=C(C(F)(F)C(F)(F)F)CC2c2cc(Br)ccn2)c(F)c1,24,17,(,0.7334483861923218,1.021706223487854
65,Fc1ccc(N2N=C(C(F)(F)C(F)(F)F)CC2c2cc(Br)ccn2)c(F)c1,25,27,F,0.03600486367940903,0.2211463302373886
65,Fc1ccc(N2N=C(C(F)(F)C(F)(F)F)CC2c2cc(Br)ccn2)c(F)c1,26,18,),0.0005421214736998081,0.007217467296868563
65,Fc1ccc(N2N=C(C(F)(F)C(F)(F)F)CC2c2cc(Br)ccn2)c(F)c1,27,16,C,0.33140870928764343,0.7141661643981934
65,Fc1ccc(N2N=C(C(F)(F)C(F)(F)F)CC2c2cc(Br)ccn2)c(F)c1,28,17,(,0.009586334228515625,0.0811467096209526
65,Fc1ccc(N2N=C(C(F)(F)C(F)(F)F)CC2c2cc(Br)ccn2)c(F)c1,29,27,F,0.0024833420757204294,0.02756415121257305
65,Fc1ccc(N2N=C(C(F)(F)C(F)(F)F)CC2c2cc(Br)ccn2)c(F)c1,30,18,),0.0005354922614060342,0.007154401391744614
65,Fc1ccc(N2N=C(C(F)(F)C(F)(F)F)CC2c2cc(Br)ccn2)c(F)c1,31,27,F,0.7846395373344421,1.124880313873291
65,Fc1ccc(N2N=C(C(F)(F)C(F)(F)F)CC2c2cc(Br)ccn2)c(F)c1,32,18,),0.0005294441943988204,0.007099853362888098
65,Fc1ccc(N2N=C(C(F)(F)C(F)(F)F)CC2c2cc(Br)ccn2)c(F)c1,33,25,n,0.5471896529197693,0.46045777201652527
65,Fc1ccc(N2N=C(C(F)(F)C(F)(F)F)CC2c2cc(Br)ccn2)c(F)c1,34,26,3,0.0008381970110349357,0.010520441457629204
65,Fc1ccc(N2N=C(C(F)(F)C(F)(F)F)CC2c2cc(Br)ccn2)c(F)c1,35,18,),0.0008370175492018461,0.010580161586403847
65,Fc1ccc(N2N=C(C(F)(F)C(F)(F)F)CC2c2cc(Br)ccn2)c(F)c1,36,16,C,0.3645969033241272,0.9036939740180969
65,Fc1ccc(N2N=C(C(F)(F)C(F)(F)F)CC2c2cc(Br)ccn2)c(F)c1,37,17,(,0.8656497001647949,0.6709121465682983
65,Fc1ccc(N2N=C(C(F)(F)C(F)(F)F)CC2c2cc(Br)ccn2)c(F)c1,38,27,F,0.758039116859436,0.9965429306030273
65,Fc1ccc(N2N=C(C(F)(F)C(F)(F)F)CC2c2cc(Br)ccn2)c(F)c1,39,18,),0.000634332187473774,0.008309325203299522
65,Fc1ccc(N2N=C(C(F)(F)C(F)(F)F)CC2c2cc(Br)ccn2)c(F)c1,40,16,C,0.1358964592218399,0.71043860912323
65,Fc1ccc(N2N=C(C(F)(F)C(F)(F)F)CC2c2cc(Br)ccn2)c(F)c1,41,21,2,0.009063752368092537,0.07588070631027222
65,Fc1ccc(N2N=C(C(F)(F)C(F)(F)F)CC2c2cc(Br)ccn2)c(F)c1,42,18,),0.05123971402645111,0.33328908681869507
65,Fc1ccc(N2N=C(C(F)(F)C(F)(F)F)CC2c2cc(Br)ccn2)c(F)c1,43,15,c,0.0018160275649279356,0.016931811347603798
65,Fc1ccc(N2N=C(C(F)(F)C(F)(F)F)CC2c2cc(Br)ccn2)c(F)c1,44,15,c,0.45973026752471924,0.40097105503082275
65,Fc1ccc(N2N=C(C(F)(F)C(F)(F)F)CC2c2cc(Br)ccn2)c(F)c1,45,20,1,0.26442068815231323,0.6623904705047607
65,Fc1ccc(N2N=C(C(F)(F)C(F)(F)F)CC2c2cc(Br)ccn2)c(F)c1,46,37,Br,0.014106109738349915,0.12819424271583557
65,Fc1ccc(N2N=C(C(F)(F)C(F)(F)F)CC2c2cc(Br)ccn2)c(F)c1,47,13,[SEP],0.048978451639413834,0.21166568994522095
66,COc1ccc2c(c1)CCN2C(=O)c1ccccc1,0,16,C,0.00486484682187438,0.04148393124341965
66,COc1ccc2c(c1)CCN2C(=O)c1ccccc1,1,19,O,0.0014384061796590686,0.016263356432318687
66,COc1ccc2c(c1)CCN2C(=O)c1ccccc1,2,15,c,0.0013089363928884268,0.0150770153850317
66,COc1ccc2c(c1)CCN2C(=O)c1ccccc1,3,20,1,0.0006507883663289249,0.008379862643778324
66,COc1ccc2c(c1)CCN2C(=O)c1ccccc1,4,15,c,0.0007594309863634408,0.009324759244918823
66,COc1ccc2c(c1)CCN2C(=O)c1ccccc1,5,15,c,0.0008032835321500897,0.00962392520159483
66,COc1ccc2c(c1)CCN2C(=O)c1ccccc1,6,15,c,0.0013577645877376199,0.014511456713080406
66,COc1ccc2c(c1)CCN2C(=O)c1ccccc1,7,21,2,0.01847389154136181,0.1332414597272873
66,COc1ccc2c(c1)CCN2C(=O)c1ccccc1,8,15,c,0.0009203222580254078,0.010553975589573383
66,COc1ccc2c(c1)CCN2C(=O)c1ccccc1,9,17,(,0.001794189214706421,0.019626613706350327
66,COc1ccc2c(c1)CCN2C(=O)c1ccccc1,10,15,c,0.0011467990698292851,0.01245579868555069
66,COc1ccc2c(c1)CCN2C(=O)c1ccccc1,11,20,1,0.0013770654331892729,0.01615244708955288
66,COc1ccc2c(c1)CCN2C(=O)c1ccccc1,12,18,),0.0009356614318676293,0.011656329035758972
66,COc1ccc2c(c1)CCN2C(=O)c1ccccc1,13,16,C,0.006091255694627762,0.05198094621300697
66,COc1ccc2c(c1)CCN2C(=O)c1ccccc1,14,16,C,0.019734591245651245,0.12730318307876587
66,COc1ccc2c(c1)CCN2C(=O)c1ccccc1,15,23,N,0.0067283958196640015,0.060974325984716415
66,COc1ccc2c(c1)CCN2C(=O)c1ccccc1,16,21,2,0.010666972026228905,0.09097602218389511
66,COc1ccc2c(c1)CCN2C(=O)c1ccccc1,17,16,C,0.0028490640688687563,0.02835914120078087
66,COc1ccc2c(c1)CCN2C(=O)c1ccccc1,18,17,(,0.007876802235841751,0.07118956744670868
66,COc1ccc2c(c1)CCN2C(=O)c1ccccc1,19,22,=,0.0031273874919861555,0.03175889328122139
66,COc1ccc2c(c1)CCN2C(=O)c1ccccc1,20,19,O,0.0012281981762498617,0.014237765222787857
66,COc1ccc2c(c1)CCN2C(=O)c1ccccc1,21,18,),0.000597239937633276,0.007844286039471626
66,COc1ccc2c(c1)CCN2C(=O)c1ccccc1,22,15,c,0.0025914364960044622,0.025681795552372932
66,COc1ccc2c(c1)CCN2C(=O)c1ccccc1,23,20,1,0.0019230502657592297,0.022541826590895653
66,COc1ccc2c(c1)CCN2C(=O)c1ccccc1,24,15,c,0.0006312343175522983,0.00797078013420105
66,COc1ccc2c(c1)CCN2C(=O)c1ccccc1,25,15,c,0.0006404060986824334,0.007891104556620121
66,COc1ccc2c(c1)CCN2C(=O)c1ccccc1,26,15,c,0.0010234895162284374,0.011447067372500896
66,COc1ccc2c(c1)CCN2C(=O)c1ccccc1,27,15,c,0.0007236870005726814,0.008121134713292122
66,COc1ccc2c(c1)CCN2C(=O)c1ccccc1,28,15,c,0.0008949328330345452,0.0093831242993474
66,COc1ccc2c(c1)CCN2C(=O)c1ccccc1,29,20,1,0.0010640949476510286,0.013365058228373528
66,COc1ccc2c(c1)CCN2C(=O)c1ccccc1,30,13,[SEP],0.0003671662416309118,0.004750285297632217
67,CC(C)N1CCC(c2nc3cc(-c4ccc(F)cc4F)nc(Cl)n3n2)CC1,0,16,C,0.0016986536793410778,0.019347986206412315
67,CC(C)N1CCC(c2nc3cc(-c4ccc(F)cc4F)nc(Cl)n3n2)CC1,1,16,C,0.010670403949916363,0.08449724316596985
67,CC(C)N1CCC(c2nc3cc(-c4ccc(F)cc4F)nc(Cl)n3n2)CC1,2,17,(,0.2160610854625702,0.6990006566047668
67,CC(C)N1CCC(c2nc3cc(-c4ccc(F)cc4F)nc(Cl)n3n2)CC1,3,16,C,0.0033711751457303762,0.033936288207769394
67,CC(C)N1CCC(c2nc3cc(-c4ccc(F)cc4F)nc(Cl)n3n2)CC1,4,18,),0.0011450806632637978,0.013744440861046314
67,CC(C)N1CCC(c2nc3cc(-c4ccc(F)cc4F)nc(Cl)n3n2)CC1,5,23,N,0.027173448354005814,0.179385706782341
67,CC(C)N1CCC(c2nc3cc(-c4ccc(F)cc4F)nc(Cl)n3n2)CC1,6,20,1,0.006671122740954161,0.06183511018753052
67,CC(C)N1CCC(c2nc3cc(-c4ccc(F)cc4F)nc(Cl)n3n2)CC1,7,16,C,0.006385427433997393,0.05817849189043045
67,CC(C)N1CCC(c2nc3cc(-c4ccc(F)cc4F)nc(Cl)n3n2)CC1,8,16,C,0.0022916318848729134,0.023989107459783554
67,CC(C)N1CCC(c2nc3cc(-c4ccc(F)cc4F)nc(Cl)n3n2)CC1,9,16,C,0.007299837190657854,0.061283502727746964
67,CC(C)N1CCC(c2nc3cc(-c4ccc(F)cc4F)nc(Cl)n3n2)CC1,10,17,(,0.019047845155000687,0.1281920224428177
67,CC(C)N1CCC(c2nc3cc(-c4ccc(F)cc4F)nc(Cl)n3n2)CC1,11,15,c,0.02321835421025753,0.17367520928382874
67,CC(C)N1CCC(c2nc3cc(-c4ccc(F)cc4F)nc(Cl)n3n2)CC1,12,21,2,0.0021307715214788914,0.024202272295951843
67,CC(C)N1CCC(c2nc3cc(-c4ccc(F)cc4F)nc(Cl)n3n2)CC1,13,25,n,0.3810642659664154,0.4639242887496948
67,CC(C)N1CCC(c2nc3cc(-c4ccc(F)cc4F)nc(Cl)n3n2)CC1,14,15,c,0.09611602127552032,0.3317926526069641
67,CC(C)N1CCC(c2nc3cc(-c4ccc(F)cc4F)nc(Cl)n3n2)CC1,15,17,(,0.28743135929107666,0.6772107481956482
67,CC(C)N1CCC(c2nc3cc(-c4ccc(F)cc4F)nc(Cl)n3n2)CC1,16,31,-,0.7966375350952148,1.070237636566162
67,CC(C)N1CCC(c2nc3cc(-c4ccc(F)cc4F)nc(Cl)n3n2)CC1,17,15,c,0.014356080442667007,0.08895915746688843
67,CC(C)N1CCC(c2nc3cc(-c4ccc(F)cc4F)nc(Cl)n3n2)CC1,18,26,3,0.002703623613342643,0.02992991730570793
67,CC(C)N1CCC(c2nc3cc(-c4ccc(F)cc4F)nc(Cl)n3n2)CC1,19,15,c,0.005317891947925091,0.041197653859853745
67,CC(C)N1CCC(c2nc3cc(-c4ccc(F)cc4F)nc(Cl)n3n2)CC1,20,15,c,0.6711243391036987,0.1452997922897339
67,CC(C)N1CCC(c2nc3cc(-c4ccc(F)cc4F)nc(Cl)n3n2)CC1,21,15,c,0.09257963299751282,0.39001190662384033
67,CC(C)N1CCC(c2nc3cc(-c4ccc(F)cc4F)nc(Cl)n3n2)CC1,22,17,(,0.002840949222445488,0.029673872515559196
67,CC(C)N1CCC(c2nc3cc(-c4ccc(F)cc4F)nc(Cl)n3n2)CC1,23,27,F,0.007104833144694567,0.06003236398100853
67,CC(C)N1CCC(c2nc3cc(-c4ccc(F)cc4F)nc(Cl)n3n2)CC1,24,18,),0.000738602364435792,0.009351269342005253
67,CC(C)N1CCC(c2nc3cc(-c4ccc(F)cc4F)nc(Cl)n3n2)CC1,25,15,c,0.030449939891695976,0.17537160217761993
67,CC(C)N1CCC(c2nc3cc(-c4ccc(F)cc4F)nc(Cl)n3n2)CC1,26,15,c,0.006924091838300228,0.0570627823472023
67,CC(C)N1CCC(c2nc3cc(-c4ccc(F)cc4F)nc(Cl)n3n2)CC1,27,26,3,0.3173300623893738,0.9370665550231934
67,CC(C)N1CCC(c2nc3cc(-c4ccc(F)cc4F)nc(Cl)n3n2)CC1,28,27,F,0.03342336416244507,0.18256619572639465
67,CC(C)N1CCC(c2nc3cc(-c4ccc(F)cc4F)nc(Cl)n3n2)CC1,29,18,),0.0006342781125567853,0.008307760581374168
67,CC(C)N1CCC(c2nc3cc(-c4ccc(F)cc4F)nc(Cl)n3n2)CC1,30,25,n,0.7055211663246155,0.14866678416728973
67,CC(C)N1CCC(c2nc3cc(-c4ccc(F)cc4F)nc(Cl)n3n2)CC1,31,15,c,0.9797934889793396,0.8788515329360962
67,CC(C)N1CCC(c2nc3cc(-c4ccc(F)cc4F)nc(Cl)n3n2)CC1,32,17,(,0.7042903900146484,0.3887498080730438
67,CC(C)N1CCC(c2nc3cc(-c4ccc(F)cc4F)nc(Cl)n3n2)CC1,33,28,Cl,0.012525633908808231,0.10093916207551956
67,CC(C)N1CCC(c2nc3cc(-c4ccc(F)cc4F)nc(Cl)n3n2)CC1,34,18,),0.0009504518238827586,0.011704652570188046
67,CC(C)N1CCC(c2nc3cc(-c4ccc(F)cc4F)nc(Cl)n3n2)CC1,35,25,n,0.0021415979135781527,0.021430663764476776
67,CC(C)N1CCC(c2nc3cc(-c4ccc(F)cc4F)nc(Cl)n3n2)CC1,36,21,2,0.012083806097507477,0.09584109485149384
67,CC(C)N1CCC(c2nc3cc(-c4ccc(F)cc4F)nc(Cl)n3n2)CC1,37,18,),0.026249941438436508,0.20489510893821716
67,CC(C)N1CCC(c2nc3cc(-c4ccc(F)cc4F)nc(Cl)n3n2)CC1,38,16,C,0.011732874438166618,0.09076577425003052
67,CC(C)N1CCC(c2nc3cc(-c4ccc(F)cc4F)nc(Cl)n3n2)CC1,39,16,C,0.0011317599564790726,0.013055481016635895
67,CC(C)N1CCC(c2nc3cc(-c4ccc(F)cc4F)nc(Cl)n3n2)CC1,40,20,1,0.0037244996055960655,0.038114748895168304
67,CC(C)N1CCC(c2nc3cc(-c4ccc(F)cc4F)nc(Cl)n3n2)CC1,41,18,),0.20866066217422485,0.510403573513031
67,CC(C)N1CCC(c2nc3cc(-c4ccc(F)cc4F)nc(Cl)n3n2)CC1,42,22,=,1.0838077068328857,0.9212271571159363
67,CC(C)N1CCC(c2nc3cc(-c4ccc(F)cc4F)nc(Cl)n3n2)CC1,43,23,N,0.006747252773493528,0.05962531641125679
67,CC(C)N1CCC(c2nc3cc(-c4ccc(F)cc4F)nc(Cl)n3n2)CC1,44,16,C,0.5766158103942871,1.6439412832260132
67,CC(C)N1CCC(c2nc3cc(-c4ccc(F)cc4F)nc(Cl)n3n2)CC1,45,38,#,0.06123702600598335,0.38193121552467346
67,CC(C)N1CCC(c2nc3cc(-c4ccc(F)cc4F)nc(Cl)n3n2)CC1,46,23,N,0.004765208810567856,0.046327151358127594
67,CC(C)N1CCC(c2nc3cc(-c4ccc(F)cc4F)nc(Cl)n3n2)CC1,47,13,[SEP],0.0005952633218839765,0.007744534406810999
68,CNC(=O)c1ccc2c(c1)OCCc1cc(C(=O)N(C)c3ccc(C(=O)N(C)C)cc3Cl)sc1-2,0,16,C,0.0014115184312686324,0.01610703021287918
68,CNC(=O)c1ccc2c(c1)OCCc1cc(C(=O)N(C)c3ccc(C(=O)N(C)C)cc3Cl)sc1-2,1,23,N,0.009010199457406998,0.0784597098827362
68,CNC(=O)c1ccc2c(c1)OCCc1cc(C(=O)N(C)c3ccc(C(=O)N(C)C)cc3Cl)sc1-2,2,16,C,0.008853212930262089,0.07460455596446991
68,CNC(=O)c1ccc2c(c1)OCCc1cc(C(=O)N(C)c3ccc(C(=O)N(C)C)cc3Cl)sc1-2,3,17,(,0.0012874705716967583,0.014030857011675835
68,CNC(=O)c1ccc2c(c1)OCCc1cc(C(=O)N(C)c3ccc(C(=O)N(C)C)cc3Cl)sc1-2,4,22,=,0.0007856347365304828,0.009577111341059208
68,CNC(=O)c1ccc2c(c1)OCCc1cc(C(=O)N(C)c3ccc(C(=O)N(C)C)cc3Cl)sc1-2,5,19,O,0.00260752672329545,0.02442663162946701
68,CNC(=O)c1ccc2c(c1)OCCc1cc(C(=O)N(C)c3ccc(C(=O)N(C)C)cc3Cl)sc1-2,6,18,),0.0005366880213841796,0.007089391816407442
68,CNC(=O)c1ccc2c(c1)OCCc1cc(C(=O)N(C)c3ccc(C(=O)N(C)C)cc3Cl)sc1-2,7,15,c,0.013189097866415977,0.10175161063671112
68,CNC(=O)c1ccc2c(c1)OCCc1cc(C(=O)N(C)c3ccc(C(=O)N(C)C)cc3Cl)sc1-2,8,20,1,0.0007641337579116225,0.009710192680358887
68,CNC(=O)c1ccc2c(c1)OCCc1cc(C(=O)N(C)c3ccc(C(=O)N(C)C)cc3Cl)sc1-2,9,15,c,0.005866794381290674,0.048041120171546936
68,CNC(=O)c1ccc2c(c1)OCCc1cc(C(=O)N(C)c3ccc(C(=O)N(C)C)cc3Cl)sc1-2,10,15,c,0.023931734263896942,0.1446484625339508
68,CNC(=O)c1ccc2c(c1)OCCc1cc(C(=O)N(C)c3ccc(C(=O)N(C)C)cc3Cl)sc1-2,11,15,c,0.07103472203016281,0.30800727009773254
68,CNC(=O)c1ccc2c(c1)OCCc1cc(C(=O)N(C)c3ccc(C(=O)N(C)C)cc3Cl)sc1-2,12,21,2,0.5328486561775208,0.47858819365501404
68,CNC(=O)c1ccc2c(c1)OCCc1cc(C(=O)N(C)c3ccc(C(=O)N(C)C)cc3Cl)sc1-2,13,15,c,0.0038767370861023664,0.03522210568189621
68,CNC(=O)c1ccc2c(c1)OCCc1cc(C(=O)N(C)c3ccc(C(=O)N(C)C)cc3Cl)sc1-2,14,17,(,0.004951093811541796,0.04231662303209305
68,CNC(=O)c1ccc2c(c1)OCCc1cc(C(=O)N(C)c3ccc(C(=O)N(C)C)cc3Cl)sc1-2,15,15,c,0.007809638045728207,0.06537961959838867
68,CNC(=O)c1ccc2c(c1)OCCc1cc(C(=O)N(C)c3ccc(C(=O)N(C)C)cc3Cl)sc1-2,16,20,1,0.0017858942737802863,0.019787561148405075
68,CNC(=O)c1ccc2c(c1)OCCc1cc(C(=O)N(C)c3ccc(C(=O)N(C)C)cc3Cl)sc1-2,17,18,),0.007360911462455988,0.06412458419799805
68,CNC(=O)c1ccc2c(c1)OCCc1cc(C(=O)N(C)c3ccc(C(=O)N(C)C)cc3Cl)sc1-2,18,23,N,1.0574002265930176,0.5462579131126404
68,CNC(=O)c1ccc2c(c1)OCCc1cc(C(=O)N(C)c3ccc(C(=O)N(C)C)cc3Cl)sc1-2,19,17,(,0.4710787236690521,0.7147190570831299
68,CNC(=O)c1ccc2c(c1)OCCc1cc(C(=O)N(C)c3ccc(C(=O)N(C)C)cc3Cl)sc1-2,20,16,C,0.13087910413742065,0.6018295288085938
68,CNC(=O)c1ccc2c(c1)OCCc1cc(C(=O)N(C)c3ccc(C(=O)N(C)C)cc3Cl)sc1-2,21,18,),0.11859159916639328,0.534138023853302
68,CNC(=O)c1ccc2c(c1)OCCc1cc(C(=O)N(C)c3ccc(C(=O)N(C)C)cc3Cl)sc1-2,22,16,C,0.022601356729865074,0.16248616576194763
68,CNC(=O)c1ccc2c(c1)OCCc1cc(C(=O)N(C)c3ccc(C(=O)N(C)C)cc3Cl)sc1-2,23,17,(,0.23281732201576233,0.7616049647331238
68,CNC(=O)c1ccc2c(c1)OCCc1cc(C(=O)N(C)c3ccc(C(=O)N(C)C)cc3Cl)sc1-2,24,22,=,0.011316762305796146,0.09552636742591858
68,CNC(=O)c1ccc2c(c1)OCCc1cc(C(=O)N(C)c3ccc(C(=O)N(C)C)cc3Cl)sc1-2,25,19,O,0.01929815672338009,0.12270040810108185
68,CNC(=O)c1ccc2c(c1)OCCc1cc(C(=O)N(C)c3ccc(C(=O)N(C)C)cc3Cl)sc1-2,26,18,),0.0005193089018575847,0.0068720076233148575
68,CNC(=O)c1ccc2c(c1)OCCc1cc(C(=O)N(C)c3ccc(C(=O)N(C)C)cc3Cl)sc1-2,27,16,C,1.0469396114349365,0.6649906039237976
68,CNC(=O)c1ccc2c(c1)OCCc1cc(C(=O)N(C)c3ccc(C(=O)N(C)C)cc3Cl)sc1-2,28,16,C,1.1678030490875244,1.551771640777588
68,CNC(=O)c1ccc2c(c1)OCCc1cc(C(=O)N(C)c3ccc(C(=O)N(C)C)cc3Cl)sc1-2,29,15,c,0.7776014804840088,1.402595043182373
68,CNC(=O)c1ccc2c(c1)OCCc1cc(C(=O)N(C)c3ccc(C(=O)N(C)C)cc3Cl)sc1-2,30,20,1,0.0008658908773213625,0.010813954286277294
68,CNC(=O)c1ccc2c(c1)OCCc1cc(C(=O)N(C)c3ccc(C(=O)N(C)C)cc3Cl)sc1-2,31,15,c,0.05245517939329147,0.25435641407966614
68,CNC(=O)c1ccc2c(c1)OCCc1cc(C(=O)N(C)c3ccc(C(=O)N(C)C)cc3Cl)sc1-2,32,15,c,0.13007807731628418,0.5611493587493896
68,CNC(=O)c1ccc2c(c1)OCCc1cc(C(=O)N(C)c3ccc(C(=O)N(C)C)cc3Cl)sc1-2,33,15,c,0.6255522966384888,0.6429903507232666
68,CNC(=O)c1ccc2c(c1)OCCc1cc(C(=O)N(C)c3ccc(C(=O)N(C)C)cc3Cl)sc1-2,34,17,(,0.1035134419798851,0.49861618876457214
68,CNC(=O)c1ccc2c(c1)OCCc1cc(C(=O)N(C)c3ccc(C(=O)N(C)C)cc3Cl)sc1-2,35,16,C,1.007926106452942,1.2578368186950684
68,CNC(=O)c1ccc2c(c1)OCCc1cc(C(=O)N(C)c3ccc(C(=O)N(C)C)cc3Cl)sc1-2,36,17,(,0.022395621985197067,0.1456838846206665
68,CNC(=O)c1ccc2c(c1)OCCc1cc(C(=O)N(C)c3ccc(C(=O)N(C)C)cc3Cl)sc1-2,37,22,=,0.0011114338412880898,0.013217678293585777
68,CNC(=O)c1ccc2c(c1)OCCc1cc(C(=O)N(C)c3ccc(C(=O)N(C)C)cc3Cl)sc1-2,38,19,O,0.004999897442758083,0.04205625131726265
68,CNC(=O)c1ccc2c(c1)OCCc1cc(C(=O)N(C)c3ccc(C(=O)N(C)C)cc3Cl)sc1-2,39,18,),0.0005079738912172616,0.006803183816373348
68,CNC(=O)c1ccc2c(c1)OCCc1cc(C(=O)N(C)c3ccc(C(=O)N(C)C)cc3Cl)sc1-2,40,23,N,0.022465379908680916,0.14311206340789795
68,CNC(=O)c1ccc2c(c1)OCCc1cc(C(=O)N(C)c3ccc(C(=O)N(C)C)cc3Cl)sc1-2,41,17,(,0.9613749384880066,1.0230422019958496
68,CNC(=O)c1ccc2c(c1)OCCc1cc(C(=O)N(C)c3ccc(C(=O)N(C)C)cc3Cl)sc1-2,42,16,C,0.00307448860257864,0.03240082040429115
68,CNC(=O)c1ccc2c(c1)OCCc1cc(C(=O)N(C)c3ccc(C(=O)N(C)C)cc3Cl)sc1-2,43,18,),0.0017497348599135876,0.018836554139852524
68,CNC(=O)c1ccc2c(c1)OCCc1cc(C(=O)N(C)c3ccc(C(=O)N(C)C)cc3Cl)sc1-2,44,23,N,1.4891395568847656,0.7278470396995544
68,CNC(=O)c1ccc2c(c1)OCCc1cc(C(=O)N(C)c3ccc(C(=O)N(C)C)cc3Cl)sc1-2,45,16,C,0.02878597564995289,0.21550455689430237
68,CNC(=O)c1ccc2c(c1)OCCc1cc(C(=O)N(C)c3ccc(C(=O)N(C)C)cc3Cl)sc1-2,46,17,(,0.43021833896636963,0.757759153842926
68,CNC(=O)c1ccc2c(c1)OCCc1cc(C(=O)N(C)c3ccc(C(=O)N(C)C)cc3Cl)sc1-2,47,22,=,0.007149416953325272,0.05835587903857231
68,CNC(=O)c1ccc2c(c1)OCCc1cc(C(=O)N(C)c3ccc(C(=O)N(C)C)cc3Cl)sc1-2,48,19,O,0.0031272084452211857,0.028696831315755844
68,CNC(=O)c1ccc2c(c1)OCCc1cc(C(=O)N(C)c3ccc(C(=O)N(C)C)cc3Cl)sc1-2,49,18,),0.0005085499142296612,0.006858290638774633
68,CNC(=O)c1ccc2c(c1)OCCc1cc(C(=O)N(C)c3ccc(C(=O)N(C)C)cc3Cl)sc1-2,50,15,c,0.009570849128067493,0.08430562913417816
68,CNC(=O)c1ccc2c(c1)OCCc1cc(C(=O)N(C)c3ccc(C(=O)N(C)C)cc3Cl)sc1-2,51,26,3,0.0015092496760189533,0.01725742034614086
68,CNC(=O)c1ccc2c(c1)OCCc1cc(C(=O)N(C)c3ccc(C(=O)N(C)C)cc3Cl)sc1-2,52,15,c,0.01769290864467621,0.11824724823236465
68,CNC(=O)c1ccc2c(c1)OCCc1cc(C(=O)N(C)c3ccc(C(=O)N(C)C)cc3Cl)sc1-2,53,15,c,0.028591975569725037,0.16840049624443054
68,CNC(=O)c1ccc2c(c1)OCCc1cc(C(=O)N(C)c3ccc(C(=O)N(C)C)cc3Cl)sc1-2,54,15,c,0.11607849597930908,0.47710081934928894
68,CNC(=O)c1ccc2c(c1)OCCc1cc(C(=O)N(C)c3ccc(C(=O)N(C)C)cc3Cl)sc1-2,55,17,(,0.02709650807082653,0.17927315831184387
68,CNC(=O)c1ccc2c(c1)OCCc1cc(C(=O)N(C)c3ccc(C(=O)N(C)C)cc3Cl)sc1-2,56,28,Cl,0.005599093623459339,0.054115377366542816
68,CNC(=O)c1ccc2c(c1)OCCc1cc(C(=O)N(C)c3ccc(C(=O)N(C)C)cc3Cl)sc1-2,57,18,),0.0005598720163106918,0.00741218077018857
68,CNC(=O)c1ccc2c(c1)OCCc1cc(C(=O)N(C)c3ccc(C(=O)N(C)C)cc3Cl)sc1-2,58,42,s,0.577319860458374,0.3084564507007599
68,CNC(=O)c1ccc2c(c1)OCCc1cc(C(=O)N(C)c3ccc(C(=O)N(C)C)cc3Cl)sc1-2,59,26,3,0.003384580370038748,0.036041274666786194
68,CNC(=O)c1ccc2c(c1)OCCc1cc(C(=O)N(C)c3ccc(C(=O)N(C)C)cc3Cl)sc1-2,60,18,),0.00108516332693398,0.013109366409480572
68,CNC(=O)c1ccc2c(c1)OCCc1cc(C(=O)N(C)c3ccc(C(=O)N(C)C)cc3Cl)sc1-2,61,15,c,0.003511900780722499,0.032080840319395065
68,CNC(=O)c1ccc2c(c1)OCCc1cc(C(=O)N(C)c3ccc(C(=O)N(C)C)cc3Cl)sc1-2,62,15,c,0.10060213506221771,0.3409445881843567
68,CNC(=O)c1ccc2c(c1)OCCc1cc(C(=O)N(C)c3ccc(C(=O)N(C)C)cc3Cl)sc1-2,63,20,1,0.005493060685694218,0.048456478863954544
68,CNC(=O)c1ccc2c(c1)OCCc1cc(C(=O)N(C)c3ccc(C(=O)N(C)C)cc3Cl)sc1-2,64,31,-,0.6201719641685486,1.8178868293762207
68,CNC(=O)c1ccc2c(c1)OCCc1cc(C(=O)N(C)c3ccc(C(=O)N(C)C)cc3Cl)sc1-2,65,21,2,0.003489007940515876,0.03662947565317154
68,CNC(=O)c1ccc2c(c1)OCCc1cc(C(=O)N(C)c3ccc(C(=O)N(C)C)cc3Cl)sc1-2,66,13,[SEP],0.02903188206255436,0.1515665501356125
69,Cc1oc2c(NC(=O)c3c(Cl)ccc(CO)c3Cl)cccc2c1C,0,16,C,0.001866719452664256,0.02030024491250515
69,Cc1oc2c(NC(=O)c3c(Cl)ccc(CO)c3Cl)cccc2c1C,1,15,c,0.016794415190815926,0.12306910008192062
69,Cc1oc2c(NC(=O)c3c(Cl)ccc(CO)c3Cl)cccc2c1C,2,20,1,0.0011203811736777425,0.01376819796860218
69,Cc1oc2c(NC(=O)c3c(Cl)ccc(CO)c3Cl)cccc2c1C,3,15,c,0.6663644909858704,0.49845945835113525
69,Cc1oc2c(NC(=O)c3c(Cl)ccc(CO)c3Cl)cccc2c1C,4,17,(,0.22334033250808716,0.5534060597419739
69,Cc1oc2c(NC(=O)c3c(Cl)ccc(CO)c3Cl)cccc2c1C,5,23,N,1.0060193538665771,0.6645410060882568
69,Cc1oc2c(NC(=O)c3c(Cl)ccc(CO)c3Cl)cccc2c1C,6,16,C,0.007571613881736994,0.06689541041851044
69,Cc1oc2c(NC(=O)c3c(Cl)ccc(CO)c3Cl)cccc2c1C,7,17,(,0.011153754778206348,0.07684077322483063
69,Cc1oc2c(NC(=O)c3c(Cl)ccc(CO)c3Cl)cccc2c1C,8,22,=,0.0011257772566750646,0.012879805639386177
69,Cc1oc2c(NC(=O)c3c(Cl)ccc(CO)c3Cl)cccc2c1C,9,19,O,0.0010028542019426823,0.011724129319190979
69,Cc1oc2c(NC(=O)c3c(Cl)ccc(CO)c3Cl)cccc2c1C,10,18,),0.00052829016931355,0.007073371671140194
69,Cc1oc2c(NC(=O)c3c(Cl)ccc(CO)c3Cl)cccc2c1C,11,15,c,0.03652704134583473,0.18231754004955292
69,Cc1oc2c(NC(=O)c3c(Cl)ccc(CO)c3Cl)cccc2c1C,12,21,2,0.006500579416751862,0.06440623104572296
69,Cc1oc2c(NC(=O)c3c(Cl)ccc(CO)c3Cl)cccc2c1C,13,15,c,0.05170765146613121,0.2686442732810974
69,Cc1oc2c(NC(=O)c3c(Cl)ccc(CO)c3Cl)cccc2c1C,14,15,c,0.25170841813087463,0.5132043361663818
69,Cc1oc2c(NC(=O)c3c(Cl)ccc(CO)c3Cl)cccc2c1C,15,15,c,0.02360186167061329,0.17037098109722137
69,Cc1oc2c(NC(=O)c3c(Cl)ccc(CO)c3Cl)cccc2c1C,16,15,c,0.17783421277999878,0.6005063652992249
69,Cc1oc2c(NC(=O)c3c(Cl)ccc(CO)c3Cl)cccc2c1C,17,26,3,0.6936574578285217,0.4227354824542999
69,Cc1oc2c(NC(=O)c3c(Cl)ccc(CO)c3Cl)cccc2c1C,18,15,c,0.06483041495084763,0.31574395298957825
69,Cc1oc2c(NC(=O)c3c(Cl)ccc(CO)c3Cl)cccc2c1C,19,21,2,0.8932359218597412,0.5035727620124817
69,Cc1oc2c(NC(=O)c3c(Cl)ccc(CO)c3Cl)cccc2c1C,20,19,O,0.8318325877189636,0.8344660401344299
69,Cc1oc2c(NC(=O)c3c(Cl)ccc(CO)c3Cl)cccc2c1C,21,16,C,0.9554653167724609,1.2811048030853271
69,Cc1oc2c(NC(=O)c3c(Cl)ccc(CO)c3Cl)cccc2c1C,22,17,(,0.3982078731060028,1.2571176290512085
69,Cc1oc2c(NC(=O)c3c(Cl)ccc(CO)c3Cl)cccc2c1C,23,16,C,0.39417335391044617,1.2685418128967285
69,Cc1oc2c(NC(=O)c3c(Cl)ccc(CO)c3Cl)cccc2c1C,24,19,O,0.978918731212616,1.2876827716827393
69,Cc1oc2c(NC(=O)c3c(Cl)ccc(CO)c3Cl)cccc2c1C,25,18,),0.0015082862228155136,0.018145499750971794
69,Cc1oc2c(NC(=O)c3c(Cl)ccc(CO)c3Cl)cccc2c1C,26,22,=,0.23350739479064941,0.8691517114639282
69,Cc1oc2c(NC(=O)c3c(Cl)ccc(CO)c3Cl)cccc2c1C,27,16,C,0.05850643664598465,0.27473047375679016
69,Cc1oc2c(NC(=O)c3c(Cl)ccc(CO)c3Cl)cccc2c1C,28,26,3,0.5051677227020264,1.1670382022857666
69,Cc1oc2c(NC(=O)c3c(Cl)ccc(CO)c3Cl)cccc2c1C,29,18,),0.2825510799884796,1.0163726806640625
69,Cc1oc2c(NC(=O)c3c(Cl)ccc(CO)c3Cl)cccc2c1C,30,15,c,0.2919595241546631,1.0671477317810059
69,Cc1oc2c(NC(=O)c3c(Cl)ccc(CO)c3Cl)cccc2c1C,31,15,c,0.022991929203271866,0.15570306777954102
69,Cc1oc2c(NC(=O)c3c(Cl)ccc(CO)c3Cl)cccc2c1C,32,15,c,0.04205647110939026,0.21174068748950958
69,Cc1oc2c(NC(=O)c3c(Cl)ccc(CO)c3Cl)cccc2c1C,33,17,(,0.08608783781528473,0.3285396695137024
69,Cc1oc2c(NC(=O)c3c(Cl)ccc(CO)c3Cl)cccc2c1C,34,28,Cl,0.02100640907883644,0.14564518630504608
69,Cc1oc2c(NC(=O)c3c(Cl)ccc(CO)c3Cl)cccc2c1C,35,18,),0.000617432058788836,0.008089649491012096
69,Cc1oc2c(NC(=O)c3c(Cl)ccc(CO)c3Cl)cccc2c1C,36,15,c,0.0014286446385085583,0.015298358164727688
69,Cc1oc2c(NC(=O)c3c(Cl)ccc(CO)c3Cl)cccc2c1C,37,20,1,0.0859690010547638,0.3276897072792053
69,Cc1oc2c(NC(=O)c3c(Cl)ccc(CO)c3Cl)cccc2c1C,38,16,C,0.6804090738296509,0.5877667665481567
69,Cc1oc2c(NC(=O)c3c(Cl)ccc(CO)c3Cl)cccc2c1C,39,13,[SEP],0.04687114804983139,0.2873309552669525
70,CSc1nc(C=O)cn1C,0,16,C,0.0027308925054967403,0.02786429226398468
70,CSc1nc(C=O)cn1C,1,34,S,0.09559909999370575,0.5635925531387329
70,CSc1nc(C=O)cn1C,2,16,C,0.5933828949928284,1.0030088424682617
70,CSc1nc(C=O)cn1C,3,17,(,0.7907370328903198,1.7812066078186035
70,CSc1nc(C=O)cn1C,4,22,=,0.8027206063270569,0.7191997170448303
70,CSc1nc(C=O)cn1C,5,19,O,0.5378948450088501,0.6918734908103943
70,CSc1nc(C=O)cn1C,6,18,),0.0005622223834507167,0.007516440004110336
70,CSc1nc(C=O)cn1C,7,15,c,1.6057226657867432,0.9554394483566284
70,CSc1nc(C=O)cn1C,8,20,1,0.0024967927020043135,0.024679163470864296
70,CSc1nc(C=O)cn1C,9,15,c,0.014917952939867973,0.0933484435081482
70,CSc1nc(C=O)cn1C,10,25,n,0.322801411151886,0.6339558959007263
70,CSc1nc(C=O)cn1C,11,15,c,0.7637402415275574,0.6799494028091431
70,CSc1nc(C=O)cn1C,12,17,(,0.7900040149688721,0.7619050145149231
70,CSc1nc(C=O)cn1C,13,16,C,0.2297450602054596,1.0981253385543823
70,CSc1nc(C=O)cn1C,14,18,),0.03901205211877823,0.2439386248588562
70,CSc1nc(C=O)cn1C,15,15,c,0.8983511328697205,0.5248414278030396
70,CSc1nc(C=O)cn1C,16,25,n,0.015286651439964771,0.13024818897247314
70,CSc1nc(C=O)cn1C,17,20,1,0.0008560485439375043,0.011007903143763542
70,CSc1nc(C=O)cn1C,18,13,[SEP],0.0012125353096053004,0.014270353130996227
71,CC(C)(C)OC(=O)Nc1ccc(Cl)cc1-c1cc2n(c(=O)c1)C(C=O)CC2,0,16,C,0.001403510570526123,0.015910973772406578
71,CC(C)(C)OC(=O)Nc1ccc(Cl)cc1-c1cc2n(c(=O)c1)C(C=O)CC2,1,16,C,0.0024662334471940994,0.026095744222402573
71,CC(C)(C)OC(=O)Nc1ccc(Cl)cc1-c1cc2n(c(=O)c1)C(C=O)CC2,2,17,(,0.0023627167101949453,0.02328765019774437
71,CC(C)(C)OC(=O)Nc1ccc(Cl)cc1-c1cc2n(c(=O)c1)C(C=O)CC2,3,16,C,0.0012132185511291027,0.01382412388920784
71,CC(C)(C)OC(=O)Nc1ccc(Cl)cc1-c1cc2n(c(=O)c1)C(C=O)CC2,4,18,),0.0013526049442589283,0.015422891825437546
71,CC(C)(C)OC(=O)Nc1ccc(Cl)cc1-c1cc2n(c(=O)c1)C(C=O)CC2,5,17,(,0.0008920287946239114,0.010399863123893738
71,CC(C)(C)OC(=O)Nc1ccc(Cl)cc1-c1cc2n(c(=O)c1)C(C=O)CC2,6,16,C,0.0009889458306133747,0.011734548024833202
71,CC(C)(C)OC(=O)Nc1ccc(Cl)cc1-c1cc2n(c(=O)c1)C(C=O)CC2,7,18,),0.0010875227162614465,0.012772496789693832
71,CC(C)(C)OC(=O)Nc1ccc(Cl)cc1-c1cc2n(c(=O)c1)C(C=O)CC2,8,19,O,0.0037307562306523323,0.03497302532196045
71,CC(C)(C)OC(=O)Nc1ccc(Cl)cc1-c1cc2n(c(=O)c1)C(C=O)CC2,9,16,C,0.003281479934230447,0.03245849907398224
71,CC(C)(C)OC(=O)Nc1ccc(Cl)cc1-c1cc2n(c(=O)c1)C(C=O)CC2,10,17,(,0.0009416380780749023,0.010744228959083557
71,CC(C)(C)OC(=O)Nc1ccc(Cl)cc1-c1cc2n(c(=O)c1)C(C=O)CC2,11,22,=,0.0007011817651800811,0.008651798591017723
71,CC(C)(C)OC(=O)Nc1ccc(Cl)cc1-c1cc2n(c(=O)c1)C(C=O)CC2,12,19,O,0.0007767673814669251,0.009206365793943405
71,CC(C)(C)OC(=O)Nc1ccc(Cl)cc1-c1cc2n(c(=O)c1)C(C=O)CC2,13,18,),0.0005436024512164295,0.007233121432363987
71,CC(C)(C)OC(=O)Nc1ccc(Cl)cc1-c1cc2n(c(=O)c1)C(C=O)CC2,14,23,N,0.0032014872413128614,0.03147749975323677
71,CC(C)(C)OC(=O)Nc1ccc(Cl)cc1-c1cc2n(c(=O)c1)C(C=O)CC2,15,15,c,0.7659251689910889,1.5760674476623535
71,CC(C)(C)OC(=O)Nc1ccc(Cl)cc1-c1cc2n(c(=O)c1)C(C=O)CC2,16,20,1,0.0007573711918666959,0.009551038034260273
71,CC(C)(C)OC(=O)Nc1ccc(Cl)cc1-c1cc2n(c(=O)c1)C(C=O)CC2,17,15,c,0.008636987768113613,0.060000285506248474
71,CC(C)(C)OC(=O)Nc1ccc(Cl)cc1-c1cc2n(c(=O)c1)C(C=O)CC2,18,15,c,0.0017447327263653278,0.01888483576476574
71,CC(C)(C)OC(=O)Nc1ccc(Cl)cc1-c1cc2n(c(=O)c1)C(C=O)CC2,19,15,c,0.7143702507019043,0.8331331610679626
71,CC(C)(C)OC(=O)Nc1ccc(Cl)cc1-c1cc2n(c(=O)c1)C(C=O)CC2,20,21,2,0.5078179240226746,0.456833153963089
71,CC(C)(C)OC(=O)Nc1ccc(Cl)cc1-c1cc2n(c(=O)c1)C(C=O)CC2,21,15,c,0.13610897958278656,0.47588127851486206
71,CC(C)(C)OC(=O)Nc1ccc(Cl)cc1-c1cc2n(c(=O)c1)C(C=O)CC2,22,17,(,0.014110674150288105,0.08794017881155014
71,CC(C)(C)OC(=O)Nc1ccc(Cl)cc1-c1cc2n(c(=O)c1)C(C=O)CC2,23,15,c,0.004252265207469463,0.037597596645355225
71,CC(C)(C)OC(=O)Nc1ccc(Cl)cc1-c1cc2n(c(=O)c1)C(C=O)CC2,24,20,1,0.0035646851174533367,0.035545773804187775
71,CC(C)(C)OC(=O)Nc1ccc(Cl)cc1-c1cc2n(c(=O)c1)C(C=O)CC2,25,18,),0.0026125472504645586,0.027770256623625755
71,CC(C)(C)OC(=O)Nc1ccc(Cl)cc1-c1cc2n(c(=O)c1)C(C=O)CC2,26,16,C,0.06192997097969055,0.37457308173179626
71,CC(C)(C)OC(=O)Nc1ccc(Cl)cc1-c1cc2n(c(=O)c1)C(C=O)CC2,27,16,C,0.26613476872444153,0.9500356912612915
71,CC(C)(C)OC(=O)Nc1ccc(Cl)cc1-c1cc2n(c(=O)c1)C(C=O)CC2,28,16,C,0.012365266680717468,0.09990700334310532
71,CC(C)(C)OC(=O)Nc1ccc(Cl)cc1-c1cc2n(c(=O)c1)C(C=O)CC2,29,17,(,1.111236572265625,0.5408496260643005
71,CC(C)(C)OC(=O)Nc1ccc(Cl)cc1-c1cc2n(c(=O)c1)C(C=O)CC2,30,16,C,0.036567121744155884,0.2573537230491638
71,CC(C)(C)OC(=O)Nc1ccc(Cl)cc1-c1cc2n(c(=O)c1)C(C=O)CC2,31,22,=,0.005743587389588356,0.05340997129678726
71,CC(C)(C)OC(=O)Nc1ccc(Cl)cc1-c1cc2n(c(=O)c1)C(C=O)CC2,32,19,O,0.036405399441719055,0.20738360285758972
71,CC(C)(C)OC(=O)Nc1ccc(Cl)cc1-c1cc2n(c(=O)c1)C(C=O)CC2,33,18,),0.0007914199377410114,0.009891042485833168
71,CC(C)(C)OC(=O)Nc1ccc(Cl)cc1-c1cc2n(c(=O)c1)C(C=O)CC2,34,23,N,1.2468090057373047,1.0374798774719238
71,CC(C)(C)OC(=O)Nc1ccc(Cl)cc1-c1cc2n(c(=O)c1)C(C=O)CC2,35,21,2,0.10428889840841293,0.5452996492385864
71,CC(C)(C)OC(=O)Nc1ccc(Cl)cc1-c1cc2n(c(=O)c1)C(C=O)CC2,36,16,C,0.7161130309104919,0.856191098690033
71,CC(C)(C)OC(=O)Nc1ccc(Cl)cc1-c1cc2n(c(=O)c1)C(C=O)CC2,37,22,=,0.2891145646572113,0.7669050693511963
71,CC(C)(C)OC(=O)Nc1ccc(Cl)cc1-c1cc2n(c(=O)c1)C(C=O)CC2,38,19,O,0.03317338228225708,0.19250096380710602
71,CC(C)(C)OC(=O)Nc1ccc(Cl)cc1-c1cc2n(c(=O)c1)C(C=O)CC2,39,18,),0.7011361122131348,0.07748197764158249
71,CC(C)(C)OC(=O)Nc1ccc(Cl)cc1-c1cc2n(c(=O)c1)C(C=O)CC2,40,15,c,0.0921236053109169,0.4890363812446594
71,CC(C)(C)OC(=O)Nc1ccc(Cl)cc1-c1cc2n(c(=O)c1)C(C=O)CC2,41,20,1,0.4725012183189392,1.1802377700805664
71,CC(C)(C)OC(=O)Nc1ccc(Cl)cc1-c1cc2n(c(=O)c1)C(C=O)CC2,42,15,c,0.01404648832976818,0.09091692417860031
71,CC(C)(C)OC(=O)Nc1ccc(Cl)cc1-c1cc2n(c(=O)c1)C(C=O)CC2,43,15,c,0.037559252232313156,0.214066281914711
71,CC(C)(C)OC(=O)Nc1ccc(Cl)cc1-c1cc2n(c(=O)c1)C(C=O)CC2,44,17,(,0.06184420362114906,0.25850749015808105
71,CC(C)(C)OC(=O)Nc1ccc(Cl)cc1-c1cc2n(c(=O)c1)C(C=O)CC2,45,28,Cl,0.001978350803256035,0.02283751219511032
71,CC(C)(C)OC(=O)Nc1ccc(Cl)cc1-c1cc2n(c(=O)c1)C(C=O)CC2,46,18,),0.000573882192838937,0.0075615523383021355
71,CC(C)(C)OC(=O)Nc1ccc(Cl)cc1-c1cc2n(c(=O)c1)C(C=O)CC2,47,15,c,0.14689664542675018,0.4307546019554138
71,CC(C)(C)OC(=O)Nc1ccc(Cl)cc1-c1cc2n(c(=O)c1)C(C=O)CC2,48,15,c,0.0024866601452231407,0.023683052510023117
71,CC(C)(C)OC(=O)Nc1ccc(Cl)cc1-c1cc2n(c(=O)c1)C(C=O)CC2,49,15,c,0.513146162033081,0.3790832459926605
71,CC(C)(C)OC(=O)Nc1ccc(Cl)cc1-c1cc2n(c(=O)c1)C(C=O)CC2,50,20,1,0.0034412560053169727,0.032626014202833176
71,CC(C)(C)OC(=O)Nc1ccc(Cl)cc1-c1cc2n(c(=O)c1)C(C=O)CC2,51,31,-,1.2777223587036133,1.6940306425094604
71,CC(C)(C)OC(=O)Nc1ccc(Cl)cc1-c1cc2n(c(=O)c1)C(C=O)CC2,52,21,2,0.004814584739506245,0.049242548644542694
71,CC(C)(C)OC(=O)Nc1ccc(Cl)cc1-c1cc2n(c(=O)c1)C(C=O)CC2,53,13,[SEP],0.001447146525606513,0.017111603170633316
72,CSC1=Nc2ccccc2N(C)c2cscc21,0,16,C,0.0025220075622200966,0.026208719238638878
72,CSC1=Nc2ccccc2N(C)c2cscc21,1,34,S,0.4234527349472046,1.2087337970733643
72,CSC1=Nc2ccccc2N(C)c2cscc21,2,16,C,0.46975287795066833,0.9947283864021301
72,CSC1=Nc2ccccc2N(C)c2cscc21,3,20,1,0.7623273730278015,0.3816990554332733
72,CSC1=Nc2ccccc2N(C)c2cscc21,4,22,=,0.011580941267311573,0.08307535946369171
72,CSC1=Nc2ccccc2N(C)c2cscc21,5,23,N,0.0317535363137722,0.2006414532661438
72,CSC1=Nc2ccccc2N(C)c2cscc21,6,15,c,0.12792281806468964,0.5901674628257751
72,CSC1=Nc2ccccc2N(C)c2cscc21,7,21,2,0.001636310713365674,0.019130421802401543
72,CSC1=Nc2ccccc2N(C)c2cscc21,8,15,c,0.007714580278843641,0.057553719729185104
72,CSC1=Nc2ccccc2N(C)c2cscc21,9,15,c,0.04025915265083313,0.23022393882274628
72,CSC1=Nc2ccccc2N(C)c2cscc21,10,15,c,0.15039338171482086,0.48725759983062744
72,CSC1=Nc2ccccc2N(C)c2cscc21,11,15,c,0.028604580089449883,0.15832196176052094
72,CSC1=Nc2ccccc2N(C)c2cscc21,12,15,c,0.012686984613537788,0.08232947438955307
72,CSC1=Nc2ccccc2N(C)c2cscc21,13,21,2,0.004597150720655918,0.045655690133571625
72,CSC1=Nc2ccccc2N(C)c2cscc21,14,23,N,0.20799286663532257,0.7911542654037476
72,CSC1=Nc2ccccc2N(C)c2cscc21,15,17,(,0.2598502039909363,0.8216540813446045
72,CSC1=Nc2ccccc2N(C)c2cscc21,16,16,C,0.0032009994611144066,0.0332590751349926
72,CSC1=Nc2ccccc2N(C)c2cscc21,17,18,),0.002340899780392647,0.025345318019390106
72,CSC1=Nc2ccccc2N(C)c2cscc21,18,16,C,1.4283370971679688,1.8774923086166382
72,CSC1=Nc2ccccc2N(C)c2cscc21,19,20,1,0.07866287976503372,0.4401246905326843
72,CSC1=Nc2ccccc2N(C)c2cscc21,20,13,[SEP],0.7539247870445251,0.5734933614730835
73,CN(C)CCN1C(=O)N2C(c3cccc(O)c3)c3[nH]c4ccc(O)cc4c3CC2(C)C1=O,0,16,C,0.0010719940764829516,0.012675137259066105
73,CN(C)CCN1C(=O)N2C(c3cccc(O)c3)c3[nH]c4ccc(O)cc4c3CC2(C)C1=O,1,23,N,0.395845502614975,0.8907963633537292
73,CN(C)CCN1C(=O)N2C(c3cccc(O)c3)c3[nH]c4ccc(O)cc4c3CC2(C)C1=O,2,17,(,0.02548976242542267,0.1569899171590805
73,CN(C)CCN1C(=O)N2C(c3cccc(O)c3)c3[nH]c4ccc(O)cc4c3CC2(C)C1=O,3,16,C,0.0019371984526515007,0.02101857401430607
73,CN(C)CCN1C(=O)N2C(c3cccc(O)c3)c3[nH]c4ccc(O)cc4c3CC2(C)C1=O,4,18,),0.03406393900513649,0.20392481982707977
73,CN(C)CCN1C(=O)N2C(c3cccc(O)c3)c3[nH]c4ccc(O)cc4c3CC2(C)C1=O,5,16,C,0.005732272751629353,0.05479970946907997
73,CN(C)CCN1C(=O)N2C(c3cccc(O)c3)c3[nH]c4ccc(O)cc4c3CC2(C)C1=O,6,16,C,0.3222050964832306,0.9240376949310303
73,CN(C)CCN1C(=O)N2C(c3cccc(O)c3)c3[nH]c4ccc(O)cc4c3CC2(C)C1=O,7,16,C,1.0633516311645508,1.1775792837142944
73,CN(C)CCN1C(=O)N2C(c3cccc(O)c3)c3[nH]c4ccc(O)cc4c3CC2(C)C1=O,8,17,(,0.03688734024763107,0.2114044576883316
73,CN(C)CCN1C(=O)N2C(c3cccc(O)c3)c3[nH]c4ccc(O)cc4c3CC2(C)C1=O,9,22,=,0.0107648940756917,0.08367408812046051
73,CN(C)CCN1C(=O)N2C(c3cccc(O)c3)c3[nH]c4ccc(O)cc4c3CC2(C)C1=O,10,19,O,0.002112395130097866,0.021175682544708252
73,CN(C)CCN1C(=O)N2C(c3cccc(O)c3)c3[nH]c4ccc(O)cc4c3CC2(C)C1=O,11,18,),0.0005925509030930698,0.007778262719511986
73,CN(C)CCN1C(=O)N2C(c3cccc(O)c3)c3[nH]c4ccc(O)cc4c3CC2(C)C1=O,12,23,N,0.06465817242860794,0.3537715673446655
73,CN(C)CCN1C(=O)N2C(c3cccc(O)c3)c3[nH]c4ccc(O)cc4c3CC2(C)C1=O,13,20,1,0.9535945653915405,1.9681873321533203
73,CN(C)CCN1C(=O)N2C(c3cccc(O)c3)c3[nH]c4ccc(O)cc4c3CC2(C)C1=O,14,16,C,0.9218146800994873,0.6961881518363953
73,CN(C)CCN1C(=O)N2C(c3cccc(O)c3)c3[nH]c4ccc(O)cc4c3CC2(C)C1=O,15,16,C,0.8349026441574097,1.2126147747039795
73,CN(C)CCN1C(=O)N2C(c3cccc(O)c3)c3[nH]c4ccc(O)cc4c3CC2(C)C1=O,16,21,2,1.0531164407730103,1.034704327583313
73,CN(C)CCN1C(=O)N2C(c3cccc(O)c3)c3[nH]c4ccc(O)cc4c3CC2(C)C1=O,17,17,(,0.3687717020511627,0.7365451455116272
73,CN(C)CCN1C(=O)N2C(c3cccc(O)c3)c3[nH]c4ccc(O)cc4c3CC2(C)C1=O,18,16,C,0.430799275636673,0.9242002367973328
73,CN(C)CCN1C(=O)N2C(c3cccc(O)c3)c3[nH]c4ccc(O)cc4c3CC2(C)C1=O,19,15,c,1.8669261932373047,0.9555919766426086
73,CN(C)CCN1C(=O)N2C(c3cccc(O)c3)c3[nH]c4ccc(O)cc4c3CC2(C)C1=O,20,26,3,0.0015643594088032842,0.01905229315161705
73,CN(C)CCN1C(=O)N2C(c3cccc(O)c3)c3[nH]c4ccc(O)cc4c3CC2(C)C1=O,21,15,c,0.007928643375635147,0.06453995406627655
73,CN(C)CCN1C(=O)N2C(c3cccc(O)c3)c3[nH]c4ccc(O)cc4c3CC2(C)C1=O,22,15,c,0.05822861194610596,0.29806891083717346
73,CN(C)CCN1C(=O)N2C(c3cccc(O)c3)c3[nH]c4ccc(O)cc4c3CC2(C)C1=O,23,15,c,0.6476861834526062,0.4696207046508789
73,CN(C)CCN1C(=O)N2C(c3cccc(O)c3)c3[nH]c4ccc(O)cc4c3CC2(C)C1=O,24,15,c,0.18377968668937683,0.46374160051345825
73,CN(C)CCN1C(=O)N2C(c3cccc(O)c3)c3[nH]c4ccc(O)cc4c3CC2(C)C1=O,25,17,(,0.07131712883710861,0.2888915538787842
73,CN(C)CCN1C(=O)N2C(c3cccc(O)c3)c3[nH]c4ccc(O)cc4c3CC2(C)C1=O,26,19,O,0.012474069371819496,0.10281021893024445
73,CN(C)CCN1C(=O)N2C(c3cccc(O)c3)c3[nH]c4ccc(O)cc4c3CC2(C)C1=O,27,18,),0.012077385559678078,0.09461718797683716
73,CN(C)CCN1C(=O)N2C(c3cccc(O)c3)c3[nH]c4ccc(O)cc4c3CC2(C)C1=O,28,15,c,0.0014469556044787169,0.014774545095860958
73,CN(C)CCN1C(=O)N2C(c3cccc(O)c3)c3[nH]c4ccc(O)cc4c3CC2(C)C1=O,29,26,3,0.0016900593182072043,0.019284233450889587
73,CN(C)CCN1C(=O)N2C(c3cccc(O)c3)c3[nH]c4ccc(O)cc4c3CC2(C)C1=O,30,18,),0.07872454077005386,0.4620745778083801
73,CN(C)CCN1C(=O)N2C(c3cccc(O)c3)c3[nH]c4ccc(O)cc4c3CC2(C)C1=O,31,15,c,1.08466637134552,0.6400711536407471
73,CN(C)CCN1C(=O)N2C(c3cccc(O)c3)c3[nH]c4ccc(O)cc4c3CC2(C)C1=O,32,26,3,0.035079050809144974,0.2290329486131668
73,CN(C)CCN1C(=O)N2C(c3cccc(O)c3)c3[nH]c4ccc(O)cc4c3CC2(C)C1=O,33,15,c,0.658719539642334,0.4866931736469269
73,CN(C)CCN1C(=O)N2C(c3cccc(O)c3)c3[nH]c4ccc(O)cc4c3CC2(C)C1=O,34,15,c,0.21158282458782196,0.480546236038208
73,CN(C)CCN1C(=O)N2C(c3cccc(O)c3)c3[nH]c4ccc(O)cc4c3CC2(C)C1=O,35,17,(,0.4989719092845917,0.47405925393104553
73,CN(C)CCN1C(=O)N2C(c3cccc(O)c3)c3[nH]c4ccc(O)cc4c3CC2(C)C1=O,36,19,O,0.8274289965629578,1.2462472915649414
73,CN(C)CCN1C(=O)N2C(c3cccc(O)c3)c3[nH]c4ccc(O)cc4c3CC2(C)C1=O,37,18,),0.045234110206365585,0.2759302258491516
73,CN(C)CCN1C(=O)N2C(c3cccc(O)c3)c3[nH]c4ccc(O)cc4c3CC2(C)C1=O,38,15,c,0.006751758977770805,0.05345573276281357
73,CN(C)CCN1C(=O)N2C(c3cccc(O)c3)c3[nH]c4ccc(O)cc4c3CC2(C)C1=O,39,15,c,0.004309490323066711,0.03522458299994469
73,CN(C)CCN1C(=O)N2C(c3cccc(O)c3)c3[nH]c4ccc(O)cc4c3CC2(C)C1=O,40,15,c,0.007097910158336163,0.054555587470531464
73,CN(C)CCN1C(=O)N2C(c3cccc(O)c3)c3[nH]c4ccc(O)cc4c3CC2(C)C1=O,41,26,3,0.010903343558311462,0.09037208557128906
73,CN(C)CCN1C(=O)N2C(c3cccc(O)c3)c3[nH]c4ccc(O)cc4c3CC2(C)C1=O,42,23,N,0.8605403304100037,2.0819103717803955
73,CN(C)CCN1C(=O)N2C(c3cccc(O)c3)c3[nH]c4ccc(O)cc4c3CC2(C)C1=O,43,21,2,1.0656471252441406,0.9676461815834045
73,CN(C)CCN1C(=O)N2C(c3cccc(O)c3)c3[nH]c4ccc(O)cc4c3CC2(C)C1=O,44,16,C,0.15579389035701752,0.5233017802238464
73,CN(C)CCN1C(=O)N2C(c3cccc(O)c3)c3[nH]c4ccc(O)cc4c3CC2(C)C1=O,45,20,1,0.2994895875453949,0.6781853437423706
73,CN(C)CCN1C(=O)N2C(c3cccc(O)c3)c3[nH]c4ccc(O)cc4c3CC2(C)C1=O,46,22,=,0.009283396415412426,0.07769665867090225
73,CN(C)CCN1C(=O)N2C(c3cccc(O)c3)c3[nH]c4ccc(O)cc4c3CC2(C)C1=O,47,19,O,0.024985305964946747,0.145767942070961
73,CN(C)CCN1C(=O)N2C(c3cccc(O)c3)c3[nH]c4ccc(O)cc4c3CC2(C)C1=O,48,18,),0.5391611456871033,0.31883174180984497
73,CN(C)CCN1C(=O)N2C(c3cccc(O)c3)c3[nH]c4ccc(O)cc4c3CC2(C)C1=O,49,23,N,0.022885316982865334,0.14889724552631378
73,CN(C)CCN1C(=O)N2C(c3cccc(O)c3)c3[nH]c4ccc(O)cc4c3CC2(C)C1=O,50,23,N,1.3370397090911865,2.1704564094543457
73,CN(C)CCN1C(=O)N2C(c3cccc(O)c3)c3[nH]c4ccc(O)cc4c3CC2(C)C1=O,51,22,=,0.49185794591903687,1.1932567358016968
73,CN(C)CCN1C(=O)N2C(c3cccc(O)c3)c3[nH]c4ccc(O)cc4c3CC2(C)C1=O,52,16,C,0.003177893115207553,0.03314400091767311
73,CN(C)CCN1C(=O)N2C(c3cccc(O)c3)c3[nH]c4ccc(O)cc4c3CC2(C)C1=O,53,26,3,0.7334980964660645,1.4373142719268799
73,CN(C)CCN1C(=O)N2C(c3cccc(O)c3)c3[nH]c4ccc(O)cc4c3CC2(C)C1=O,54,13,[SEP],0.1804541051387787,0.864924430847168
74,CCC1CNCCc2ccc(I)cc21,0,16,C,0.0013164463452994823,0.015582654625177383
74,CCC1CNCCc2ccc(I)cc21,1,16,C,0.006446946877986193,0.05752857029438019
74,CCC1CNCCc2ccc(I)cc21,2,16,C,1.071553349494934,0.23855209350585938
74,CCC1CNCCc2ccc(I)cc21,3,20,1,0.2077181041240692,0.4998908042907715
74,CCC1CNCCc2ccc(I)cc21,4,16,C,0.10798102617263794,0.4787003993988037
74,CCC1CNCCc2ccc(I)cc21,5,15,c,0.7546042799949646,0.6667375564575195
74,CCC1CNCCc2ccc(I)cc21,6,21,2,0.0015667518600821495,0.01888081431388855
74,CCC1CNCCc2ccc(I)cc21,7,15,c,0.0008635636186227202,0.009540513157844543
74,CCC1CNCCc2ccc(I)cc21,8,15,c,0.0034747894387692213,0.03028593584895134
74,CCC1CNCCc2ccc(I)cc21,9,15,c,0.015231100842356682,0.08878418058156967
74,CCC1CNCCc2ccc(I)cc21,10,17,(,0.0010494706220924854,0.012217148207128048
74,CCC1CNCCc2ccc(I)cc21,11,48,I,0.007411282975226641,0.07186626642942429
74,CCC1CNCCc2ccc(I)cc21,12,18,),0.001763860578648746,0.020518990233540535
74,CCC1CNCCc2ccc(I)cc21,13,15,c,0.0008457001531496644,0.009666643105447292
74,CCC1CNCCc2ccc(I)cc21,14,15,c,0.0016379546141251922,0.0169574823230505
74,CCC1CNCCc2ccc(I)cc21,15,21,2,0.0011982227442786098,0.014656547456979752
74,CCC1CNCCc2ccc(I)cc21,16,23,N,0.6935989260673523,0.422888845205307
74,CCC1CNCCc2ccc(I)cc21,17,16,C,0.5029533505439758,0.5721348524093628
74,CCC1CNCCc2ccc(I)cc21,18,16,C,0.7256779670715332,0.3287217319011688
74,CCC1CNCCc2ccc(I)cc21,19,23,N,0.27388742566108704,0.6611446142196655
74,CCC1CNCCc2ccc(I)cc21,20,20,1,0.005115953274071217,0.04694057255983353
74,CCC1CNCCc2ccc(I)cc21,21,13,[SEP],0.0013322127051651478,0.015472456812858582
75,CC(C)(C)c1cc(OC(=O)/C=C\C(=O)O)cc(C(C)(C)C)c1O,0,16,C,0.00837071891874075,0.07232540100812912
75,CC(C)(C)c1cc(OC(=O)/C=C\C(=O)O)cc(C(C)(C)C)c1O,1,16,C,0.03616355359554291,0.23237821459770203
75,CC(C)(C)c1cc(OC(=O)/C=C\C(=O)O)cc(C(C)(C)C)c1O,2,17,(,0.008662902750074863,0.07078199088573456
75,CC(C)(C)c1cc(OC(=O)/C=C\C(=O)O)cc(C(C)(C)C)c1O,3,16,C,0.009759088978171349,0.07894212007522583
75,CC(C)(C)c1cc(OC(=O)/C=C\C(=O)O)cc(C(C)(C)C)c1O,4,18,),0.001638194196857512,0.01843816041946411
75,CC(C)(C)c1cc(OC(=O)/C=C\C(=O)O)cc(C(C)(C)C)c1O,5,17,(,0.0016404554480686784,0.017264029011130333
75,CC(C)(C)c1cc(OC(=O)/C=C\C(=O)O)cc(C(C)(C)C)c1O,6,16,C,0.002247095573693514,0.02318919450044632
75,CC(C)(C)c1cc(OC(=O)/C=C\C(=O)O)cc(C(C)(C)C)c1O,7,18,),0.001472213538363576,0.016815269365906715
75,CC(C)(C)c1cc(OC(=O)/C=C\C(=O)O)cc(C(C)(C)C)c1O,8,15,c,0.19619683921337128,0.6042975187301636
75,CC(C)(C)c1cc(OC(=O)/C=C\C(=O)O)cc(C(C)(C)C)c1O,9,20,1,0.0010683200089260936,0.012549763545393944
75,CC(C)(C)c1cc(OC(=O)/C=C\C(=O)O)cc(C(C)(C)C)c1O,10,15,c,0.03737502172589302,0.22620125114917755
75,CC(C)(C)c1cc(OC(=O)/C=C\C(=O)O)cc(C(C)(C)C)c1O,11,15,c,0.12339440733194351,0.3894365727901459
75,CC(C)(C)c1cc(OC(=O)/C=C\C(=O)O)cc(C(C)(C)C)c1O,12,17,(,0.22845235466957092,0.6098868250846863
75,CC(C)(C)c1cc(OC(=O)/C=C\C(=O)O)cc(C(C)(C)C)c1O,13,19,O,0.8009499311447144,0.7076579928398132
75,CC(C)(C)c1cc(OC(=O)/C=C\C(=O)O)cc(C(C)(C)C)c1O,14,18,),0.04956729710102081,0.2504935562610626
75,CC(C)(C)c1cc(OC(=O)/C=C\C(=O)O)cc(C(C)(C)C)c1O,15,15,c,0.0016152099706232548,0.017771324142813683
75,CC(C)(C)c1cc(OC(=O)/C=C\C(=O)O)cc(C(C)(C)C)c1O,16,17,(,0.7329031229019165,0.4053654372692108
75,CC(C)(C)c1cc(OC(=O)/C=C\C(=O)O)cc(C(C)(C)C)c1O,17,19,O,0.5786643028259277,0.9524379968643188
75,CC(C)(C)c1cc(OC(=O)/C=C\C(=O)O)cc(C(C)(C)C)c1O,18,18,),0.23281973600387573,0.6033632159233093
75,CC(C)(C)c1cc(OC(=O)/C=C\C(=O)O)cc(C(C)(C)C)c1O,19,15,c,0.002242393558844924,0.021350082010030746
75,CC(C)(C)c1cc(OC(=O)/C=C\C(=O)O)cc(C(C)(C)C)c1O,20,17,(,0.1033763661980629,0.40184128284454346
75,CC(C)(C)c1cc(OC(=O)/C=C\C(=O)O)cc(C(C)(C)C)c1O,21,16,C,0.8744837641716003,1.426817536354065
75,CC(C)(C)c1cc(OC(=O)/C=C\C(=O)O)cc(C(C)(C)C)c1O,22,17,(,0.46748340129852295,0.5818548202514648
75,CC(C)(C)c1cc(OC(=O)/C=C\C(=O)O)cc(C(C)(C)C)c1O,23,22,=,0.4664439260959625,0.478485643863678
75,CC(C)(C)c1cc(OC(=O)/C=C\C(=O)O)cc(C(C)(C)C)c1O,24,19,O,0.00886236596852541,0.06188398599624634
75,CC(C)(C)c1cc(OC(=O)/C=C\C(=O)O)cc(C(C)(C)C)c1O,25,18,),0.0004969246219843626,0.0067164283245801926
75,CC(C)(C)c1cc(OC(=O)/C=C\C(=O)O)cc(C(C)(C)C)c1O,26,16,C,1.138258457183838,0.6274418830871582
75,CC(C)(C)c1cc(OC(=O)/C=C\C(=O)O)cc(C(C)(C)C)c1O,27,22,=,0.01189484167844057,0.09685918688774109
75,CC(C)(C)c1cc(OC(=O)/C=C\C(=O)O)cc(C(C)(C)C)c1O,28,16,C,0.007108975667506456,0.06543819606304169
75,CC(C)(C)c1cc(OC(=O)/C=C\C(=O)O)cc(C(C)(C)C)c1O,29,16,C,0.17846451699733734,0.9321436882019043
75,CC(C)(C)c1cc(OC(=O)/C=C\C(=O)O)cc(C(C)(C)C)c1O,30,17,(,0.04246731102466583,0.2265346795320511
75,CC(C)(C)c1cc(OC(=O)/C=C\C(=O)O)cc(C(C)(C)C)c1O,31,22,=,0.5976621508598328,0.42044395208358765
75,CC(C)(C)c1cc(OC(=O)/C=C\C(=O)O)cc(C(C)(C)C)c1O,32,19,O,0.006168299354612827,0.053197700530290604
75,CC(C)(C)c1cc(OC(=O)/C=C\C(=O)O)cc(C(C)(C)C)c1O,33,18,),0.0005222907057031989,0.007049580104649067
75,CC(C)(C)c1cc(OC(=O)/C=C\C(=O)O)cc(C(C)(C)C)c1O,34,16,C,1.1783597469329834,1.4126100540161133
75,CC(C)(C)c1cc(OC(=O)/C=C\C(=O)O)cc(C(C)(C)C)c1O,35,17,(,0.19428937137126923,0.7817574739456177
75,CC(C)(C)c1cc(OC(=O)/C=C\C(=O)O)cc(C(C)(C)C)c1O,36,16,C,0.007783973589539528,0.06917604058980942
75,CC(C)(C)c1cc(OC(=O)/C=C\C(=O)O)cc(C(C)(C)C)c1O,37,18,),0.0011013316689059138,0.013637162744998932
75,CC(C)(C)c1cc(OC(=O)/C=C\C(=O)O)cc(C(C)(C)C)c1O,38,17,(,0.0013662549899891019,0.01523547526448965
75,CC(C)(C)c1cc(OC(=O)/C=C\C(=O)O)cc(C(C)(C)C)c1O,39,16,C,0.002624037442728877,0.02745017781853676
75,CC(C)(C)c1cc(OC(=O)/C=C\C(=O)O)cc(C(C)(C)C)c1O,40,18,),0.0006988582899793983,0.009186695329844952
75,CC(C)(C)c1cc(OC(=O)/C=C\C(=O)O)cc(C(C)(C)C)c1O,41,16,C,0.0014081854606047273,0.016151441261172295
75,CC(C)(C)c1cc(OC(=O)/C=C\C(=O)O)cc(C(C)(C)C)c1O,42,18,),0.0012670878786593676,0.015715889632701874
75,CC(C)(C)c1cc(OC(=O)/C=C\C(=O)O)cc(C(C)(C)C)c1O,43,15,c,0.043885402381420135,0.24533140659332275
75,CC(C)(C)c1cc(OC(=O)/C=C\C(=O)O)cc(C(C)(C)C)c1O,44,20,1,0.019320154562592506,0.1459370106458664
75,CC(C)(C)c1cc(OC(=O)/C=C\C(=O)O)cc(C(C)(C)C)c1O,45,13,[SEP],0.10616791248321533,0.4181857705116272
76,CCn1cc(-c2cccc(CCOCCC(=O)N(CC(OC)OC)C3CCCC3)c2)cn1,0,16,C,0.0011014827759936452,0.012821275740861893
76,CCn1cc(-c2cccc(CCOCCC(=O)N(CC(OC)OC)C3CCCC3)c2)cn1,1,16,C,0.012906395830214024,0.09899924695491791
76,CCn1cc(-c2cccc(CCOCCC(=O)N(CC(OC)OC)C3CCCC3)c2)cn1,2,25,n,0.13106387853622437,0.46344903111457825
76,CCn1cc(-c2cccc(CCOCCC(=O)N(CC(OC)OC)C3CCCC3)c2)cn1,3,20,1,0.0016274754889309406,0.019045129418373108
76,CCn1cc(-c2cccc(CCOCCC(=O)N(CC(OC)OC)C3CCCC3)c2)cn1,4,15,c,0.0030398122034966946,0.02757510542869568
76,CCn1cc(-c2cccc(CCOCCC(=O)N(CC(OC)OC)C3CCCC3)c2)cn1,5,15,c,0.003100636648014188,0.029574792832136154
76,CCn1cc(-c2cccc(CCOCCC(=O)N(CC(OC)OC)C3CCCC3)c2)cn1,6,17,(,0.011221351101994514,0.08963637053966522
76,CCn1cc(-c2cccc(CCOCCC(=O)N(CC(OC)OC)C3CCCC3)c2)cn1,7,31,-,0.2345755696296692,0.6354836225509644
76,CCn1cc(-c2cccc(CCOCCC(=O)N(CC(OC)OC)C3CCCC3)c2)cn1,8,15,c,0.0012777744559571147,0.013556521385908127
76,CCn1cc(-c2cccc(CCOCCC(=O)N(CC(OC)OC)C3CCCC3)c2)cn1,9,21,2,0.0013130037114024162,0.01578238606452942
76,CCn1cc(-c2cccc(CCOCCC(=O)N(CC(OC)OC)C3CCCC3)c2)cn1,10,15,c,0.001240778830833733,0.01394655555486679
76,CCn1cc(-c2cccc(CCOCCC(=O)N(CC(OC)OC)C3CCCC3)c2)cn1,11,15,c,0.0038183839060366154,0.03397056460380554
76,CCn1cc(-c2cccc(CCOCCC(=O)N(CC(OC)OC)C3CCCC3)c2)cn1,12,15,c,0.018229100853204727,0.11614697426557541
76,CCn1cc(-c2cccc(CCOCCC(=O)N(CC(OC)OC)C3CCCC3)c2)cn1,13,15,c,0.01634545996785164,0.09985672682523727
76,CCn1cc(-c2cccc(CCOCCC(=O)N(CC(OC)OC)C3CCCC3)c2)cn1,14,17,(,0.40369129180908203,0.5105020403862
76,CCn1cc(-c2cccc(CCOCCC(=O)N(CC(OC)OC)C3CCCC3)c2)cn1,15,16,C,0.029620623216032982,0.20665425062179565
76,CCn1cc(-c2cccc(CCOCCC(=O)N(CC(OC)OC)C3CCCC3)c2)cn1,16,16,C,0.21939387917518616,0.7785840034484863
76,CCn1cc(-c2cccc(CCOCCC(=O)N(CC(OC)OC)C3CCCC3)c2)cn1,17,19,O,0.5037577748298645,1.0937166213989258
76,CCn1cc(-c2cccc(CCOCCC(=O)N(CC(OC)OC)C3CCCC3)c2)cn1,18,16,C,0.017602354288101196,0.1324089765548706
76,CCn1cc(-c2cccc(CCOCCC(=O)N(CC(OC)OC)C3CCCC3)c2)cn1,19,16,C,0.8650350570678711,1.6413295269012451
76,CCn1cc(-c2cccc(CCOCCC(=O)N(CC(OC)OC)C3CCCC3)c2)cn1,20,16,C,0.9402891397476196,0.8591845631599426
76,CCn1cc(-c2cccc(CCOCCC(=O)N(CC(OC)OC)C3CCCC3)c2)cn1,21,17,(,0.04561745375394821,0.2546713352203369
76,CCn1cc(-c2cccc(CCOCCC(=O)N(CC(OC)OC)C3CCCC3)c2)cn1,22,22,=,0.0065621123649179935,0.055878255516290665
76,CCn1cc(-c2cccc(CCOCCC(=O)N(CC(OC)OC)C3CCCC3)c2)cn1,23,19,O,0.0016429319512099028,0.017502490431070328
76,CCn1cc(-c2cccc(CCOCCC(=O)N(CC(OC)OC)C3CCCC3)c2)cn1,24,18,),0.0005448381416499615,0.007231996860355139
76,CCn1cc(-c2cccc(CCOCCC(=O)N(CC(OC)OC)C3CCCC3)c2)cn1,25,23,N,0.02804034948348999,0.16384108364582062
76,CCn1cc(-c2cccc(CCOCCC(=O)N(CC(OC)OC)C3CCCC3)c2)cn1,26,17,(,0.48801541328430176,0.6072536110877991
76,CCn1cc(-c2cccc(CCOCCC(=O)N(CC(OC)OC)C3CCCC3)c2)cn1,27,16,C,0.06465350091457367,0.28474175930023193
76,CCn1cc(-c2cccc(CCOCCC(=O)N(CC(OC)OC)C3CCCC3)c2)cn1,28,18,),0.6458816528320312,1.0694282054901123
76,CCn1cc(-c2cccc(CCOCCC(=O)N(CC(OC)OC)C3CCCC3)c2)cn1,29,19,O,0.1562870442867279,0.4617762863636017
76,CCn1cc(-c2cccc(CCOCCC(=O)N(CC(OC)OC)C3CCCC3)c2)cn1,30,16,C,0.0268155075609684,0.1832267791032791
76,CCn1cc(-c2cccc(CCOCCC(=O)N(CC(OC)OC)C3CCCC3)c2)cn1,31,18,),0.2410174012184143,0.8200763463973999
76,CCn1cc(-c2cccc(CCOCCC(=O)N(CC(OC)OC)C3CCCC3)c2)cn1,32,15,c,0.001256271149031818,0.012777585536241531
76,CCn1cc(-c2cccc(CCOCCC(=O)N(CC(OC)OC)C3CCCC3)c2)cn1,33,21,2,0.0009411444189026952,0.011417824774980545
76,CCn1cc(-c2cccc(CCOCCC(=O)N(CC(OC)OC)C3CCCC3)c2)cn1,34,18,),0.004362490959465504,0.042766768485307693
76,CCn1cc(-c2cccc(CCOCCC(=O)N(CC(OC)OC)C3CCCC3)c2)cn1,35,15,c,0.06919430941343307,0.27357763051986694
76,CCn1cc(-c2cccc(CCOCCC(=O)N(CC(OC)OC)C3CCCC3)c2)cn1,36,25,n,0.706565797328949,0.6608425378799438
76,CCn1cc(-c2cccc(CCOCCC(=O)N(CC(OC)OC)C3CCCC3)c2)cn1,37,20,1,0.007916652597486973,0.0675571858882904
76,CCn1cc(-c2cccc(CCOCCC(=O)N(CC(OC)OC)C3CCCC3)c2)cn1,38,16,C,0.49385446310043335,1.2367972135543823
76,CCn1cc(-c2cccc(CCOCCC(=O)N(CC(OC)OC)C3CCCC3)c2)cn1,39,16,C,0.6177605390548706,1.0934752225875854
76,CCn1cc(-c2cccc(CCOCCC(=O)N(CC(OC)OC)C3CCCC3)c2)cn1,40,23,N,0.41755980253219604,1.164891004562378
76,CCn1cc(-c2cccc(CCOCCC(=O)N(CC(OC)OC)C3CCCC3)c2)cn1,41,20,1,0.4999929964542389,0.6129443645477295
76,CCn1cc(-c2cccc(CCOCCC(=O)N(CC(OC)OC)C3CCCC3)c2)cn1,42,16,C,0.02014392614364624,0.12960775196552277
76,CCn1cc(-c2cccc(CCOCCC(=O)N(CC(OC)OC)C3CCCC3)c2)cn1,43,16,C,0.025772903114557266,0.15653948485851288
76,CCn1cc(-c2cccc(CCOCCC(=O)N(CC(OC)OC)C3CCCC3)c2)cn1,44,16,C,0.008236400783061981,0.06885819137096405
76,CCn1cc(-c2cccc(CCOCCC(=O)N(CC(OC)OC)C3CCCC3)c2)cn1,45,16,C,0.07858749479055405,0.39730778336524963
76,CCn1cc(-c2cccc(CCOCCC(=O)N(CC(OC)OC)C3CCCC3)c2)cn1,46,20,1,0.705311119556427,0.7123758792877197
76,CCn1cc(-c2cccc(CCOCCC(=O)N(CC(OC)OC)C3CCCC3)c2)cn1,47,13,[SEP],0.7860324382781982,1.0832650661468506
77,CC(C)(C)OC(=O)N(c1nc(Br)cn2c(C=O)cnc12)C1CC1,0,16,C,0.00163906323723495,0.01817883551120758
77,CC(C)(C)OC(=O)N(c1nc(Br)cn2c(C=O)cnc12)C1CC1,1,16,C,0.005395140033215284,0.04979177191853523
77,CC(C)(C)OC(=O)N(c1nc(Br)cn2c(C=O)cnc12)C1CC1,2,17,(,0.29352426528930664,0.7623075842857361
77,CC(C)(C)OC(=O)N(c1nc(Br)cn2c(C=O)cnc12)C1CC1,3,16,C,0.0016340514412149787,0.017824284732341766
77,CC(C)(C)OC(=O)N(c1nc(Br)cn2c(C=O)cnc12)C1CC1,4,18,),0.0010217243107035756,0.012242505326867104
77,CC(C)(C)OC(=O)N(c1nc(Br)cn2c(C=O)cnc12)C1CC1,5,17,(,0.004638207145035267,0.040931735187768936
77,CC(C)(C)OC(=O)N(c1nc(Br)cn2c(C=O)cnc12)C1CC1,6,16,C,0.0010511289583519101,0.012390301562845707
77,CC(C)(C)OC(=O)N(c1nc(Br)cn2c(C=O)cnc12)C1CC1,7,18,),0.00075926398858428,0.009584207087755203
77,CC(C)(C)OC(=O)N(c1nc(Br)cn2c(C=O)cnc12)C1CC1,8,19,O,0.01726771891117096,0.11002081632614136
77,CC(C)(C)OC(=O)N(c1nc(Br)cn2c(C=O)cnc12)C1CC1,9,16,C,0.005573772359639406,0.05047725513577461
77,CC(C)(C)OC(=O)N(c1nc(Br)cn2c(C=O)cnc12)C1CC1,10,17,(,0.0008896610233932734,0.010305196978151798
77,CC(C)(C)OC(=O)N(c1nc(Br)cn2c(C=O)cnc12)C1CC1,11,22,=,0.0031975070014595985,0.030320536345243454
77,CC(C)(C)OC(=O)N(c1nc(Br)cn2c(C=O)cnc12)C1CC1,12,19,O,0.001030737766996026,0.01174282468855381
77,CC(C)(C)OC(=O)N(c1nc(Br)cn2c(C=O)cnc12)C1CC1,13,18,),0.0005738257896155119,0.007581763900816441
77,CC(C)(C)OC(=O)N(c1nc(Br)cn2c(C=O)cnc12)C1CC1,14,23,N,1.1184295415878296,0.9968795776367188
77,CC(C)(C)OC(=O)N(c1nc(Br)cn2c(C=O)cnc12)C1CC1,15,17,(,0.09241010248661041,0.3867068290710449
77,CC(C)(C)OC(=O)N(c1nc(Br)cn2c(C=O)cnc12)C1CC1,16,15,c,0.08893644064664841,0.32793524861335754
77,CC(C)(C)OC(=O)N(c1nc(Br)cn2c(C=O)cnc12)C1CC1,17,20,1,0.005787840113043785,0.04384702816605568
77,CC(C)(C)OC(=O)N(c1nc(Br)cn2c(C=O)cnc12)C1CC1,18,15,c,0.3514000177383423,0.49903732538223267
77,CC(C)(C)OC(=O)N(c1nc(Br)cn2c(C=O)cnc12)C1CC1,19,25,n,0.6483883857727051,0.8373525738716125
77,CC(C)(C)OC(=O)N(c1nc(Br)cn2c(C=O)cnc12)C1CC1,20,25,n,0.8425696492195129,0.816137969493866
77,CC(C)(C)OC(=O)N(c1nc(Br)cn2c(C=O)cnc12)C1CC1,21,15,c,1.1634966135025024,0.4583902955055237
77,CC(C)(C)OC(=O)N(c1nc(Br)cn2c(C=O)cnc12)C1CC1,22,21,2,0.5964844226837158,1.2893681526184082
77,CC(C)(C)OC(=O)N(c1nc(Br)cn2c(C=O)cnc12)C1CC1,23,15,c,0.029809745028614998,0.21807989478111267
77,CC(C)(C)OC(=O)N(c1nc(Br)cn2c(C=O)cnc12)C1CC1,24,17,(,0.2666727304458618,0.6406317949295044
77,CC(C)(C)OC(=O)N(c1nc(Br)cn2c(C=O)cnc12)C1CC1,25,37,Br,0.2433616816997528,0.7695395350456238
77,CC(C)(C)OC(=O)N(c1nc(Br)cn2c(C=O)cnc12)C1CC1,26,18,),0.0015274683246389031,0.017699167132377625
77,CC(C)(C)OC(=O)N(c1nc(Br)cn2c(C=O)cnc12)C1CC1,27,15,c,0.11905669420957565,0.39807838201522827
77,CC(C)(C)OC(=O)N(c1nc(Br)cn2c(C=O)cnc12)C1CC1,28,44,o,1.4381922483444214,1.1141761541366577
77,CC(C)(C)OC(=O)N(c1nc(Br)cn2c(C=O)cnc12)C1CC1,29,15,c,0.36935168504714966,0.6146273016929626
77,CC(C)(C)OC(=O)N(c1nc(Br)cn2c(C=O)cnc12)C1CC1,30,20,1,0.12712037563323975,0.5695382356643677
77,CC(C)(C)OC(=O)N(c1nc(Br)cn2c(C=O)cnc12)C1CC1,31,21,2,0.004394432995468378,0.04293833300471306
77,CC(C)(C)OC(=O)N(c1nc(Br)cn2c(C=O)cnc12)C1CC1,32,18,),0.0013339311117306352,0.015798524022102356
77,CC(C)(C)OC(=O)N(c1nc(Br)cn2c(C=O)cnc12)C1CC1,33,16,C,0.00462100375443697,0.04539976641535759
77,CC(C)(C)OC(=O)N(c1nc(Br)cn2c(C=O)cnc12)C1CC1,34,20,1,0.0537426583468914,0.2759564220905304
77,CC(C)(C)OC(=O)N(c1nc(Br)cn2c(C=O)cnc12)C1CC1,35,16,C,0.0032348460517823696,0.03306761756539345
77,CC(C)(C)OC(=O)N(c1nc(Br)cn2c(C=O)cnc12)C1CC1,36,16,C,0.0015796743100509048,0.017866382375359535
77,CC(C)(C)OC(=O)N(c1nc(Br)cn2c(C=O)cnc12)C1CC1,37,20,1,0.002118561416864395,0.024275092408061028
77,CC(C)(C)OC(=O)N(c1nc(Br)cn2c(C=O)cnc12)C1CC1,38,13,[SEP],0.0009020469151437283,0.010673006996512413
78,COc1cc(C(=O)c2cc(OC)c(OC)c(OC)c2OC)c(O)c(OC)c1OC,0,16,C,0.00314914807677269,0.032071568071842194
78,COc1cc(C(=O)c2cc(OC)c(OC)c(OC)c2OC)c(O)c(OC)c1OC,1,19,O,0.012879670597612858,0.09547271579504013
78,COc1cc(C(=O)c2cc(OC)c(OC)c(OC)c2OC)c(O)c(OC)c1OC,2,15,c,0.025313332676887512,0.1509973108768463
78,COc1cc(C(=O)c2cc(OC)c(OC)c(OC)c2OC)c(O)c(OC)c1OC,3,20,1,0.0014526781160384417,0.015240603126585484
78,COc1cc(C(=O)c2cc(OC)c(OC)c(OC)c2OC)c(O)c(OC)c1OC,4,15,c,0.004201584495604038,0.03915663808584213
78,COc1cc(C(=O)c2cc(OC)c(OC)c(OC)c2OC)c(O)c(OC)c1OC,5,17,(,0.6580241322517395,0.2202073335647583
78,COc1cc(C(=O)c2cc(OC)c(OC)c(OC)c2OC)c(O)c(OC)c1OC,6,19,O,0.8135307431221008,0.8313341736793518
78,COc1cc(C(=O)c2cc(OC)c(OC)c(OC)c2OC)c(O)c(OC)c1OC,7,18,),0.7180773019790649,0.21008223295211792
78,COc1cc(C(=O)c2cc(OC)c(OC)c(OC)c2OC)c(O)c(OC)c1OC,8,15,c,0.0018086436903104186,0.02028927206993103
78,COc1cc(C(=O)c2cc(OC)c(OC)c(OC)c2OC)c(O)c(OC)c1OC,9,17,(,0.539686381816864,0.43805983662605286
78,COc1cc(C(=O)c2cc(OC)c(OC)c(OC)c2OC)c(O)c(OC)c1OC,10,19,O,0.9862208962440491,1.089963436126709
78,COc1cc(C(=O)c2cc(OC)c(OC)c(OC)c2OC)c(O)c(OC)c1OC,11,16,C,0.12575075030326843,0.4476775527000427
78,COc1cc(C(=O)c2cc(OC)c(OC)c(OC)c2OC)c(O)c(OC)c1OC,12,18,),0.014979233033955097,0.11830898374319077
78,COc1cc(C(=O)c2cc(OC)c(OC)c(OC)c2OC)c(O)c(OC)c1OC,13,15,c,0.0016760567668825388,0.01809302531182766
78,COc1cc(C(=O)c2cc(OC)c(OC)c(OC)c2OC)c(O)c(OC)c1OC,14,15,c,0.7220591306686401,0.3424002528190613
78,COc1cc(C(=O)c2cc(OC)c(OC)c(OC)c2OC)c(O)c(OC)c1OC,15,17,(,0.062284283339977264,0.28906938433647156
78,COc1cc(C(=O)c2cc(OC)c(OC)c(OC)c2OC)c(O)c(OC)c1OC,16,16,C,0.08456719666719437,0.39195942878723145
78,COc1cc(C(=O)c2cc(OC)c(OC)c(OC)c2OC)c(O)c(OC)c1OC,17,22,=,0.6302251815795898,0.7086796164512634
78,COc1cc(C(=O)c2cc(OC)c(OC)c(OC)c2OC)c(O)c(OC)c1OC,18,19,O,0.11875496059656143,0.41615718603134155
78,COc1cc(C(=O)c2cc(OC)c(OC)c(OC)c2OC)c(O)c(OC)c1OC,19,18,),0.0006228734855540097,0.008123967796564102
78,COc1cc(C(=O)c2cc(OC)c(OC)c(OC)c2OC)c(O)c(OC)c1OC,20,15,c,0.01019413024187088,0.08713056147098541
78,COc1cc(C(=O)c2cc(OC)c(OC)c(OC)c2OC)c(O)c(OC)c1OC,21,17,(,0.1925269216299057,0.6543276309967041
78,COc1cc(C(=O)c2cc(OC)c(OC)c(OC)c2OC)c(O)c(OC)c1OC,22,19,O,0.6812924146652222,0.9077058434486389
78,COc1cc(C(=O)c2cc(OC)c(OC)c(OC)c2OC)c(O)c(OC)c1OC,23,16,C,0.024323876947164536,0.14968998730182648
78,COc1cc(C(=O)c2cc(OC)c(OC)c(OC)c2OC)c(O)c(OC)c1OC,24,18,),0.005860009230673313,0.052300915122032166
78,COc1cc(C(=O)c2cc(OC)c(OC)c(OC)c2OC)c(O)c(OC)c1OC,25,15,c,0.004335422068834305,0.0396810881793499
78,COc1cc(C(=O)c2cc(OC)c(OC)c(OC)c2OC)c(O)c(OC)c1OC,26,20,1,0.12452561408281326,0.4698280394077301
78,COc1cc(C(=O)c2cc(OC)c(OC)c(OC)c2OC)c(O)c(OC)c1OC,27,19,O,0.2928970158100128,1.193799376487732
78,COc1cc(C(=O)c2cc(OC)c(OC)c(OC)c2OC)c(O)c(OC)c1OC,28,16,C,0.003953862935304642,0.04066024720668793
78,COc1cc(C(=O)c2cc(OC)c(OC)c(OC)c2OC)c(O)c(OC)c1OC,29,18,),0.5562099814414978,0.9656933546066284
78,COc1cc(C(=O)c2cc(OC)c(OC)c(OC)c2OC)c(O)c(OC)c1OC,30,15,c,0.4544897675514221,1.2735416889190674
78,COc1cc(C(=O)c2cc(OC)c(OC)c(OC)c2OC)c(O)c(OC)c1OC,31,25,n,1.3494997024536133,0.7582523822784424
78,COc1cc(C(=O)c2cc(OC)c(OC)c(OC)c2OC)c(O)c(OC)c1OC,32,15,c,0.20829252898693085,0.6843690872192383
78,COc1cc(C(=O)c2cc(OC)c(OC)c(OC)c2OC)c(O)c(OC)c1OC,33,20,1,0.9193020462989807,0.6956702470779419
78,COc1cc(C(=O)c2cc(OC)c(OC)c(OC)c2OC)c(O)c(OC)c1OC,34,16,C,0.7651864886283875,1.9485816955566406
78,COc1cc(C(=O)c2cc(OC)c(OC)c(OC)c2OC)c(O)c(OC)c1OC,35,17,(,0.6860043406486511,1.9138180017471313
78,COc1cc(C(=O)c2cc(OC)c(OC)c(OC)c2OC)c(O)c(OC)c1OC,36,16,C,0.04143446683883667,0.28028595447540283
78,COc1cc(C(=O)c2cc(OC)c(OC)c(OC)c2OC)c(O)c(OC)c1OC,37,18,),0.0018305379198864102,0.021491875872015953
78,COc1cc(C(=O)c2cc(OC)c(OC)c(OC)c2OC)c(O)c(OC)c1OC,38,17,(,0.21157418191432953,0.9533981084823608
78,COc1cc(C(=O)c2cc(OC)c(OC)c(OC)c2OC)c(O)c(OC)c1OC,39,16,C,0.0034731572959572077,0.03654421865940094
78,COc1cc(C(=O)c2cc(OC)c(OC)c(OC)c2OC)c(O)c(OC)c1OC,40,18,),0.0017566338647156954,0.020168587565422058
78,COc1cc(C(=O)c2cc(OC)c(OC)c(OC)c2OC)c(O)c(OC)c1OC,41,16,C,0.06315892189741135,0.42758482694625854
78,COc1cc(C(=O)c2cc(OC)c(OC)c(OC)c2OC)c(O)c(OC)c1OC,42,13,[SEP],0.002843844471499324,0.031990740448236465
79,CC1(C)[C@@H](CO)C[C@H]1NC(=O)OCc1ccccc1,0,16,C,0.0010676002129912376,0.012656164355576038
79,CC1(C)[C@@H](CO)C[C@H]1NC(=O)OCc1ccccc1,1,16,C,0.8120890855789185,0.6274629831314087
79,CC1(C)[C@@H](CO)C[C@H]1NC(=O)OCc1ccccc1,2,20,1,0.5174068212509155,0.4653416574001312
79,CC1(C)[C@@H](CO)C[C@H]1NC(=O)OCc1ccccc1,3,17,(,0.7145024538040161,0.5165857076644897
79,CC1(C)[C@@H](CO)C[C@H]1NC(=O)OCc1ccccc1,4,16,C,0.0048752762377262115,0.045406024903059006
79,CC1(C)[C@@H](CO)C[C@H]1NC(=O)OCc1ccccc1,5,18,),0.006138962227851152,0.05817520618438721
79,CC1(C)[C@@H](CO)C[C@H]1NC(=O)OCc1ccccc1,6,35,[C@@H],1.0473850965499878,0.24079826474189758
79,CC1(C)[C@@H](CO)C[C@H]1NC(=O)OCc1ccccc1,7,17,(,0.2082446664571762,0.8261678814888
79,CC1(C)[C@@H](CO)C[C@H]1NC(=O)OCc1ccccc1,8,16,C,0.7190279364585876,1.105867862701416
79,CC1(C)[C@@H](CO)C[C@H]1NC(=O)OCc1ccccc1,9,19,O,0.2930329144001007,1.16120445728302
79,CC1(C)[C@@H](CO)C[C@H]1NC(=O)OCc1ccccc1,10,18,),0.007772337645292282,0.07202202081680298
79,CC1(C)[C@@H](CO)C[C@H]1NC(=O)OCc1ccccc1,11,16,C,0.1451048105955124,0.5670910477638245
79,CC1(C)[C@@H](CO)C[C@H]1NC(=O)OCc1ccccc1,12,33,[C@H],0.9639626741409302,0.7008427977561951
79,CC1(C)[C@@H](CO)C[C@H]1NC(=O)OCc1ccccc1,13,20,1,0.05812310427427292,0.26972442865371704
79,CC1(C)[C@@H](CO)C[C@H]1NC(=O)OCc1ccccc1,14,23,N,0.004272869322448969,0.042063817381858826
79,CC1(C)[C@@H](CO)C[C@H]1NC(=O)OCc1ccccc1,15,16,C,0.004809755366295576,0.0469016507267952
79,CC1(C)[C@@H](CO)C[C@H]1NC(=O)OCc1ccccc1,16,17,(,0.0007817252189852297,0.00953059270977974
79,CC1(C)[C@@H](CO)C[C@H]1NC(=O)OCc1ccccc1,17,22,=,0.0016202927799895406,0.017386283725500107
79,CC1(C)[C@@H](CO)C[C@H]1NC(=O)OCc1ccccc1,18,19,O,0.0007228140602819622,0.009192243218421936
79,CC1(C)[C@@H](CO)C[C@H]1NC(=O)OCc1ccccc1,19,18,),0.0005774669698439538,0.007664146833121777
79,CC1(C)[C@@H](CO)C[C@H]1NC(=O)OCc1ccccc1,20,19,O,0.001773907570168376,0.02019422873854637
79,CC1(C)[C@@H](CO)C[C@H]1NC(=O)OCc1ccccc1,21,16,C,0.002179507864639163,0.024322785437107086
79,CC1(C)[C@@H](CO)C[C@H]1NC(=O)OCc1ccccc1,22,15,c,0.005278026685118675,0.051819510757923126
79,CC1(C)[C@@H](CO)C[C@H]1NC(=O)OCc1ccccc1,23,20,1,0.0007995234336704016,0.01006527990102768
79,CC1(C)[C@@H](CO)C[C@H]1NC(=O)OCc1ccccc1,24,15,c,0.0011866581626236439,0.013164487667381763
79,CC1(C)[C@@H](CO)C[C@H]1NC(=O)OCc1ccccc1,25,15,c,0.0013759298017248511,0.014653359539806843
79,CC1(C)[C@@H](CO)C[C@H]1NC(=O)OCc1ccccc1,26,15,c,0.0009974910644814372,0.010975714772939682
79,CC1(C)[C@@H](CO)C[C@H]1NC(=O)OCc1ccccc1,27,15,c,0.0008156132535077631,0.009336447343230247
79,CC1(C)[C@@H](CO)C[C@H]1NC(=O)OCc1ccccc1,28,15,c,0.002345131477341056,0.020897692069411278
79,CC1(C)[C@@H](CO)C[C@H]1NC(=O)OCc1ccccc1,29,20,1,0.000951185415033251,0.011874708347022533
79,CC1(C)[C@@H](CO)C[C@H]1NC(=O)OCc1ccccc1,30,13,[SEP],0.00042251820559613407,0.00550195574760437
80,CSc1nccn1NCc1cc(C(C)(C)C)c(O)c(C(C)(C)C)c1,0,16,C,0.0011591429356485605,0.013473281636834145
80,CSc1nccn1NCc1cc(C(C)(C)C)c(O)c(C(C)(C)C)c1,1,15,c,0.45338600873947144,0.9964756369590759
80,CSc1nccn1NCc1cc(C(C)(C)C)c(O)c(C(C)(C)C)c1,2,20,1,0.0011898856610059738,0.014424066990613937
80,CSc1nccn1NCc1cc(C(C)(C)C)c(O)c(C(C)(C)C)c1,3,25,n,0.6234133839607239,0.4440823495388031
80,CSc1nccn1NCc1cc(C(C)(C)C)c(O)c(C(C)(C)C)c1,4,15,c,0.1249840259552002,0.5623383522033691
80,CSc1nccn1NCc1cc(C(C)(C)C)c(O)c(C(C)(C)C)c1,5,15,c,0.013828608207404613,0.1002267524600029
80,CSc1nccn1NCc1cc(C(C)(C)C)c(O)c(C(C)(C)C)c1,6,25,n,0.38812676072120667,0.7492967247962952
80,CSc1nccn1NCc1cc(C(C)(C)C)c(O)c(C(C)(C)C)c1,7,20,1,0.017881590873003006,0.12461996078491211
80,CSc1nccn1NCc1cc(C(C)(C)C)c(O)c(C(C)(C)C)c1,8,31,-,0.7931679487228394,1.2549939155578613
80,CSc1nccn1NCc1cc(C(C)(C)C)c(O)c(C(C)(C)C)c1,9,15,c,0.0015056028496474028,0.017238499596714973
80,CSc1nccn1NCc1cc(C(C)(C)C)c(O)c(C(C)(C)C)c1,10,20,1,0.0006487313657999039,0.008354265242815018
80,CSc1nccn1NCc1cc(C(C)(C)C)c(O)c(C(C)(C)C)c1,11,15,c,0.05353449285030365,0.2533743977546692
80,CSc1nccn1NCc1cc(C(C)(C)C)c(O)c(C(C)(C)C)c1,12,15,c,0.4661542773246765,0.9535773992538452
80,CSc1nccn1NCc1cc(C(C)(C)C)c(O)c(C(C)(C)C)c1,13,17,(,0.9901034832000732,0.8003189563751221
80,CSc1nccn1NCc1cc(C(C)(C)C)c(O)c(C(C)(C)C)c1,14,16,C,0.0064943041652441025,0.05690402165055275
80,CSc1nccn1NCc1cc(C(C)(C)C)c(O)c(C(C)(C)C)c1,15,17,(,0.25826025009155273,0.8422792553901672
80,CSc1nccn1NCc1cc(C(C)(C)C)c(O)c(C(C)(C)C)c1,16,16,C,0.0031256156507879496,0.031023381277918816
80,CSc1nccn1NCc1cc(C(C)(C)C)c(O)c(C(C)(C)C)c1,17,18,),0.0009686986450105906,0.011915041133761406
80,CSc1nccn1NCc1cc(C(C)(C)C)c(O)c(C(C)(C)C)c1,18,17,(,0.022388555109500885,0.13731157779693604
80,CSc1nccn1NCc1cc(C(C)(C)C)c(O)c(C(C)(C)C)c1,19,16,C,0.0011529459152370691,0.013144228607416153
80,CSc1nccn1NCc1cc(C(C)(C)C)c(O)c(C(C)(C)C)c1,20,18,),0.0006141059566289186,0.007947265170514584
80,CSc1nccn1NCc1cc(C(C)(C)C)c(O)c(C(C)(C)C)c1,21,16,C,0.0012543352786451578,0.014153421856462955
80,CSc1nccn1NCc1cc(C(C)(C)C)c(O)c(C(C)(C)C)c1,22,18,),0.0009173714788630605,0.011110546067357063
80,CSc1nccn1NCc1cc(C(C)(C)C)c(O)c(C(C)(C)C)c1,23,15,c,0.23258058726787567,0.5941990613937378
80,CSc1nccn1NCc1cc(C(C)(C)C)c(O)c(C(C)(C)C)c1,24,17,(,0.6875462532043457,0.11432430148124695
80,CSc1nccn1NCc1cc(C(C)(C)C)c(O)c(C(C)(C)C)c1,25,19,O,0.6349126696586609,0.7206475138664246
80,CSc1nccn1NCc1cc(C(C)(C)C)c(O)c(C(C)(C)C)c1,26,18,),0.006948137655854225,0.05701017007231712
80,CSc1nccn1NCc1cc(C(C)(C)C)c(O)c(C(C)(C)C)c1,27,15,c,0.010735807940363884,0.07934168726205826
80,CSc1nccn1NCc1cc(C(C)(C)C)c(O)c(C(C)(C)C)c1,28,17,(,0.3005678951740265,0.9308770895004272
80,CSc1nccn1NCc1cc(C(C)(C)C)c(O)c(C(C)(C)C)c1,29,16,C,0.01538709457963705,0.10829396545886993
80,CSc1nccn1NCc1cc(C(C)(C)C)c(O)c(C(C)(C)C)c1,30,17,(,0.13840244710445404,0.5381133556365967
80,CSc1nccn1NCc1cc(C(C)(C)C)c(O)c(C(C)(C)C)c1,31,16,C,0.0031826074700802565,0.03157787770032883
80,CSc1nccn1NCc1cc(C(C)(C)C)c(O)c(C(C)(C)C)c1,32,18,),0.0007837956072762609,0.010160956531763077
80,CSc1nccn1NCc1cc(C(C)(C)C)c(O)c(C(C)(C)C)c1,33,17,(,0.06692416965961456,0.2863253653049469
80,CSc1nccn1NCc1cc(C(C)(C)C)c(O)c(C(C)(C)C)c1,34,16,C,0.001368529861792922,0.01546539831906557
80,CSc1nccn1NCc1cc(C(C)(C)C)c(O)c(C(C)(C)C)c1,35,18,),0.0006079153972677886,0.008075881749391556
80,CSc1nccn1NCc1cc(C(C)(C)C)c(O)c(C(C)(C)C)c1,36,16,C,0.0014430037699639797,0.015994776040315628
80,CSc1nccn1NCc1cc(C(C)(C)C)c(O)c(C(C)(C)C)c1,37,18,),0.0007280242862179875,0.009461387991905212
80,CSc1nccn1NCc1cc(C(C)(C)C)c(O)c(C(C)(C)C)c1,38,15,c,0.4539278447628021,1.2133309841156006
80,CSc1nccn1NCc1cc(C(C)(C)C)c(O)c(C(C)(C)C)c1,39,20,1,0.008661393076181412,0.07720652967691422
80,CSc1nccn1NCc1cc(C(C)(C)C)c(O)c(C(C)(C)C)c1,40,13,[SEP],0.10163688659667969,0.5180717706680298
81,C=CCC1(OC(C)=O)CCN(C(=O)OC(C)(C)C)CC1,0,16,C,0.0011291386326774955,0.013286200352013111
81,C=CCC1(OC(C)=O)CCN(C(=O)OC(C)(C)C)CC1,1,22,=,0.003011203370988369,0.028666997328400612
81,C=CCC1(OC(C)=O)CCN(C(=O)OC(C)(C)C)CC1,2,16,C,0.001361252274364233,0.015516741201281548
81,C=CCC1(OC(C)=O)CCN(C(=O)OC(C)(C)C)CC1,3,16,C,0.005684209521859884,0.05531438812613487
81,C=CCC1(OC(C)=O)CCN(C(=O)OC(C)(C)C)CC1,4,16,C,0.01496300008147955,0.12676669657230377
81,C=CCC1(OC(C)=O)CCN(C(=O)OC(C)(C)C)CC1,5,20,1,0.08732633292675018,0.3916139602661133
81,C=CCC1(OC(C)=O)CCN(C(=O)OC(C)(C)C)CC1,6,17,(,0.006494325585663319,0.05478522181510925
81,C=CCC1(OC(C)=O)CCN(C(=O)OC(C)(C)C)CC1,7,19,O,0.12280871719121933,0.4781584143638611
81,C=CCC1(OC(C)=O)CCN(C(=O)OC(C)(C)C)CC1,8,16,C,0.027500253170728683,0.19250071048736572
81,C=CCC1(OC(C)=O)CCN(C(=O)OC(C)(C)C)CC1,9,17,(,0.12972714006900787,0.41966986656188965
81,C=CCC1(OC(C)=O)CCN(C(=O)OC(C)(C)C)CC1,10,16,C,0.22005611658096313,0.5035635232925415
81,C=CCC1(OC(C)=O)CCN(C(=O)OC(C)(C)C)CC1,11,18,),0.0014719644095748663,0.016674712300300598
81,C=CCC1(OC(C)=O)CCN(C(=O)OC(C)(C)C)CC1,12,22,=,0.08883103728294373,0.33014002442359924
81,C=CCC1(OC(C)=O)CCN(C(=O)OC(C)(C)C)CC1,13,19,O,0.0015483452007174492,0.016823694109916687
81,C=CCC1(OC(C)=O)CCN(C(=O)OC(C)(C)C)CC1,14,18,),0.0004823378403671086,0.006521916948258877
81,C=CCC1(OC(C)=O)CCN(C(=O)OC(C)(C)C)CC1,15,16,C,0.0023867590352892876,0.02584460936486721
81,C=CCC1(OC(C)=O)CCN(C(=O)OC(C)(C)C)CC1,16,16,C,0.0021432042121887207,0.02354210987687111
81,C=CCC1(OC(C)=O)CCN(C(=O)OC(C)(C)C)CC1,17,23,N,0.002813052386045456,0.030705461278557777
81,C=CCC1(OC(C)=O)CCN(C(=O)OC(C)(C)C)CC1,18,17,(,0.002865697257220745,0.028431542217731476
81,C=CCC1(OC(C)=O)CCN(C(=O)OC(C)(C)C)CC1,19,16,C,0.003270598128437996,0.03024352341890335
81,C=CCC1(OC(C)=O)CCN(C(=O)OC(C)(C)C)CC1,20,17,(,0.0019914594013243914,0.019885355606675148
81,C=CCC1(OC(C)=O)CCN(C(=O)OC(C)(C)C)CC1,21,22,=,0.2841041386127472,0.4951886236667633
81,C=CCC1(OC(C)=O)CCN(C(=O)OC(C)(C)C)CC1,22,19,O,0.0016030152328312397,0.016098957508802414
81,C=CCC1(OC(C)=O)CCN(C(=O)OC(C)(C)C)CC1,23,18,),0.0004897748585790396,0.006633801385760307
81,C=CCC1(OC(C)=O)CCN(C(=O)OC(C)(C)C)CC1,24,19,O,0.0030493722297251225,0.0294082872569561
81,C=CCC1(OC(C)=O)CCN(C(=O)OC(C)(C)C)CC1,25,16,C,0.001818888820707798,0.02029910869896412
81,C=CCC1(OC(C)=O)CCN(C(=O)OC(C)(C)C)CC1,26,17,(,0.009026830084621906,0.07221046835184097
81,C=CCC1(OC(C)=O)CCN(C(=O)OC(C)(C)C)CC1,27,16,C,0.0024751857854425907,0.025043662637472153
81,C=CCC1(OC(C)=O)CCN(C(=O)OC(C)(C)C)CC1,28,18,),0.0006345006986521184,0.008394940756261349
81,C=CCC1(OC(C)=O)CCN(C(=O)OC(C)(C)C)CC1,29,17,(,0.0023946217261254787,0.023460792377591133
81,C=CCC1(OC(C)=O)CCN(C(=O)OC(C)(C)C)CC1,30,16,C,0.00126919976901263,0.014842759817838669
81,C=CCC1(OC(C)=O)CCN(C(=O)OC(C)(C)C)CC1,31,18,),0.0006418201373890042,0.008448956534266472
81,C=CCC1(OC(C)=O)CCN(C(=O)OC(C)(C)C)CC1,32,16,C,0.0009119862224906683,0.010989672504365444
81,C=CCC1(OC(C)=O)CCN(C(=O)OC(C)(C)C)CC1,33,18,),0.000665477360598743,0.008786546066403389
81,C=CCC1(OC(C)=O)CCN(C(=O)OC(C)(C)C)CC1,34,16,C,0.0012579587055370212,0.014698640443384647
81,C=CCC1(OC(C)=O)CCN(C(=O)OC(C)(C)C)CC1,35,16,C,0.0022510613780468702,0.02365514263510704
81,C=CCC1(OC(C)=O)CCN(C(=O)OC(C)(C)C)CC1,36,20,1,0.001629247097298503,0.019546544179320335
81,C=CCC1(OC(C)=O)CCN(C(=O)OC(C)(C)C)CC1,37,13,[SEP],0.001084803487174213,0.011697688139975071
82,C[C@@H](N)c1ccc(Cl)c(Cl)c1,0,16,C,0.014754078350961208,0.0967695340514183
82,C[C@@H](N)c1ccc(Cl)c(Cl)c1,1,16,C,1.0262891054153442,0.2615411877632141
82,C[C@@H](N)c1ccc(Cl)c(Cl)c1,2,17,(,0.0029051576275378466,0.030877595767378807
82,C[C@@H](N)c1ccc(Cl)c(Cl)c1,3,23,N,0.0073420642875134945,0.06571798026561737
82,C[C@@H](N)c1ccc(Cl)c(Cl)c1,4,18,),0.0015946925850585103,0.018811004236340523
82,C[C@@H](N)c1ccc(Cl)c(Cl)c1,5,15,c,0.0011988646583631635,0.014039094559848309
82,C[C@@H](N)c1ccc(Cl)c(Cl)c1,6,20,1,0.0007347194477915764,0.009505705907940865
82,C[C@@H](N)c1ccc(Cl)c(Cl)c1,7,15,c,0.000994141330011189,0.011564751155674458
82,C[C@@H](N)c1ccc(Cl)c(Cl)c1,8,15,c,0.0018811828922480345,0.01898399367928505
82,C[C@@H](N)c1ccc(Cl)c(Cl)c1,9,15,c,0.007683869916945696,0.06083013862371445
82,C[C@@H](N)c1ccc(Cl)c(Cl)c1,10,17,(,0.0034927392844110727,0.03466326743364334
82,C[C@@H](N)c1ccc(Cl)c(Cl)c1,11,28,Cl,0.002200447954237461,0.0254628024995327
82,C[C@@H](N)c1ccc(Cl)c(Cl)c1,12,18,),0.0006384124862961471,0.00833407323807478
82,C[C@@H](N)c1ccc(Cl)c(Cl)c1,13,15,c,0.012015719898045063,0.0744415670633316
82,C[C@@H](N)c1ccc(Cl)c(Cl)c1,14,17,(,0.023741764947772026,0.13770194351673126
82,C[C@@H](N)c1ccc(Cl)c(Cl)c1,15,28,Cl,0.05438137426972389,0.4071468710899353
82,C[C@@H](N)c1ccc(Cl)c(Cl)c1,16,18,),0.0006928436923772097,0.009088438004255295
82,C[C@@H](N)c1ccc(Cl)c(Cl)c1,17,15,c,0.00942116416990757,0.06780853867530823
82,C[C@@H](N)c1ccc(Cl)c(Cl)c1,18,20,1,0.0029763199854642153,0.03203948587179184
82,C[C@@H](N)c1ccc(Cl)c(Cl)c1,19,13,[SEP],0.028073320165276527,0.1754433959722519
83,Cn1cc(-c2nccc3cnc(O)cc23)cn1,0,16,C,0.408720463514328,0.8721461892127991
83,Cn1cc(-c2nccc3cnc(O)cc23)cn1,1,25,n,0.006852444261312485,0.06618661433458328
83,Cn1cc(-c2nccc3cnc(O)cc23)cn1,2,20,1,0.013713553547859192,0.12159183621406555
83,Cn1cc(-c2nccc3cnc(O)cc23)cn1,3,15,c,0.47553521394729614,0.38966575264930725
83,Cn1cc(-c2nccc3cnc(O)cc23)cn1,4,15,c,0.21707697212696075,0.6394683122634888
83,Cn1cc(-c2nccc3cnc(O)cc23)cn1,5,17,(,0.030585303902626038,0.185054212808609
83,Cn1cc(-c2nccc3cnc(O)cc23)cn1,6,31,-,0.03806710243225098,0.2264876663684845
83,Cn1cc(-c2nccc3cnc(O)cc23)cn1,7,15,c,0.0017009797738865018,0.017633706331253052
83,Cn1cc(-c2nccc3cnc(O)cc23)cn1,8,21,2,0.0016151174204424024,0.018486445769667625
83,Cn1cc(-c2nccc3cnc(O)cc23)cn1,9,15,c,0.04748672991991043,0.20417429506778717
83,Cn1cc(-c2nccc3cnc(O)cc23)cn1,10,15,c,0.007312968373298645,0.05283861234784126
83,Cn1cc(-c2nccc3cnc(O)cc23)cn1,11,25,n,0.02346121519804001,0.14667251706123352
83,Cn1cc(-c2nccc3cnc(O)cc23)cn1,12,15,c,0.08217725902795792,0.2854202687740326
83,Cn1cc(-c2nccc3cnc(O)cc23)cn1,13,26,3,1.20029878616333,0.5848811268806458
83,Cn1cc(-c2nccc3cnc(O)cc23)cn1,14,15,c,0.17515109479427338,0.677712082862854
83,Cn1cc(-c2nccc3cnc(O)cc23)cn1,15,15,c,1.336146354675293,0.8392847776412964
83,Cn1cc(-c2nccc3cnc(O)cc23)cn1,16,25,n,0.5312227606773376,0.9283480048179626
83,Cn1cc(-c2nccc3cnc(O)cc23)cn1,17,15,c,0.45539650321006775,0.42083048820495605
83,Cn1cc(-c2nccc3cnc(O)cc23)cn1,18,15,c,0.41077572107315063,0.587371826171875
83,Cn1cc(-c2nccc3cnc(O)cc23)cn1,19,21,2,0.003911957610398531,0.03897979110479355
83,Cn1cc(-c2nccc3cnc(O)cc23)cn1,20,26,3,0.0013575827470049262,0.015939151868224144
83,Cn1cc(-c2nccc3cnc(O)cc23)cn1,21,18,),0.0009132061386480927,0.011405052617192268
83,Cn1cc(-c2nccc3cnc(O)cc23)cn1,22,15,c,0.08547448366880417,0.3196684420108795
83,Cn1cc(-c2nccc3cnc(O)cc23)cn1,23,25,n,0.1636064648628235,0.5928224921226501
83,Cn1cc(-c2nccc3cnc(O)cc23)cn1,24,20,1,0.03363027796149254,0.19496196508407593
83,Cn1cc(-c2nccc3cnc(O)cc23)cn1,25,13,[SEP],0.21080295741558075,0.7969364523887634
84,OCc1ccc(CNc2ccccc2)o1,0,19,O,0.01736489124596119,0.13313834369182587
84,OCc1ccc(CNc2ccccc2)o1,1,16,C,0.09198283404111862,0.38113537430763245
84,OCc1ccc(CNc2ccccc2)o1,2,15,c,0.003596950089558959,0.03572849556803703
84,OCc1ccc(CNc2ccccc2)o1,3,20,1,0.0007331667584367096,0.009391036815941334
84,OCc1ccc(CNc2ccccc2)o1,4,15,c,0.0013040106277912855,0.014011283405125141
84,OCc1ccc(CNc2ccccc2)o1,5,15,c,0.006203995086252689,0.0514504611492157
84,OCc1ccc(CNc2ccccc2)o1,6,15,c,0.007666899356991053,0.06670525670051575
84,OCc1ccc(CNc2ccccc2)o1,7,17,(,0.020090172067284584,0.13208378851413727
84,OCc1ccc(CNc2ccccc2)o1,8,16,C,0.1562548726797104,0.5163246989250183
84,OCc1ccc(CNc2ccccc2)o1,9,23,N,0.009312182664871216,0.08784747123718262
84,OCc1ccc(CNc2ccccc2)o1,10,15,c,0.04577815532684326,0.31425225734710693
84,OCc1ccc(CNc2ccccc2)o1,11,21,2,0.0018360759131610394,0.021895790472626686
84,OCc1ccc(CNc2ccccc2)o1,12,15,c,0.0011860969243571162,0.013376539573073387
84,OCc1ccc(CNc2ccccc2)o1,13,15,c,0.0015821745619177818,0.01832021214067936
84,OCc1ccc(CNc2ccccc2)o1,14,15,c,0.002299932762980461,0.024931365624070168
84,OCc1ccc(CNc2ccccc2)o1,15,15,c,0.0022186427377164364,0.02279539406299591
84,OCc1ccc(CNc2ccccc2)o1,16,15,c,0.004449896980077028,0.03547770902514458
84,OCc1ccc(CNc2ccccc2)o1,17,21,2,0.0010794312693178654,0.013278652913868427
84,OCc1ccc(CNc2ccccc2)o1,18,18,),0.001860706484876573,0.021904554218053818
84,OCc1ccc(CNc2ccccc2)o1,19,44,o,0.004418510012328625,0.04496825486421585
84,OCc1ccc(CNc2ccccc2)o1,20,20,1,0.001692371559329331,0.018555883318185806
84,OCc1ccc(CNc2ccccc2)o1,21,13,[SEP],0.0006001822184771299,0.007973848842084408
85,CC[C@H]1[C@H](C)[C@@H](Nc2ccc(F)cn2)c2cc(N3CCOCC3)ccc2N1C(C)=O,0,16,C,0.0012326829601079226,0.014709449373185635
85,CC[C@H]1[C@H](C)[C@@H](Nc2ccc(F)cn2)c2cc(N3CCOCC3)ccc2N1C(C)=O,1,16,C,0.00280953012406826,0.02831440605223179
85,CC[C@H]1[C@H](C)[C@@H](Nc2ccc(F)cn2)c2cc(N3CCOCC3)ccc2N1C(C)=O,2,33,[C@H],0.7438099980354309,0.5953025221824646
85,CC[C@H]1[C@H](C)[C@@H](Nc2ccc(F)cn2)c2cc(N3CCOCC3)ccc2N1C(C)=O,3,20,1,0.6794787645339966,0.10625363886356354
85,CC[C@H]1[C@H](C)[C@@H](Nc2ccc(F)cn2)c2cc(N3CCOCC3)ccc2N1C(C)=O,4,33,[C@H],1.2823021411895752,0.5702754259109497
85,CC[C@H]1[C@H](C)[C@@H](Nc2ccc(F)cn2)c2cc(N3CCOCC3)ccc2N1C(C)=O,5,17,(,0.03490430489182472,0.17723087966442108
85,CC[C@H]1[C@H](C)[C@@H](Nc2ccc(F)cn2)c2cc(N3CCOCC3)ccc2N1C(C)=O,6,16,C,0.8352815508842468,1.241144061088562
85,CC[C@H]1[C@H](C)[C@@H](Nc2ccc(F)cn2)c2cc(N3CCOCC3)ccc2N1C(C)=O,7,18,),0.020889203995466232,0.16727223992347717
85,CC[C@H]1[C@H](C)[C@@H](Nc2ccc(F)cn2)c2cc(N3CCOCC3)ccc2N1C(C)=O,8,35,[C@@H],0.22964341938495636,1.018737554550171
85,CC[C@H]1[C@H](C)[C@@H](Nc2ccc(F)cn2)c2cc(N3CCOCC3)ccc2N1C(C)=O,9,17,(,0.24943795800209045,0.7888756394386292
85,CC[C@H]1[C@H](C)[C@@H](Nc2ccc(F)cn2)c2cc(N3CCOCC3)ccc2N1C(C)=O,10,23,N,0.693901538848877,0.9456803202629089
85,CC[C@H]1[C@H](C)[C@@H](Nc2ccc(F)cn2)c2cc(N3CCOCC3)ccc2N1C(C)=O,11,15,c,0.08059386909008026,0.38906100392341614
85,CC[C@H]1[C@H](C)[C@@H](Nc2ccc(F)cn2)c2cc(N3CCOCC3)ccc2N1C(C)=O,12,21,2,0.0011887726141139865,0.013504523783922195
85,CC[C@H]1[C@H](C)[C@@H](Nc2ccc(F)cn2)c2cc(N3CCOCC3)ccc2N1C(C)=O,13,15,c,0.008598498068749905,0.058898795396089554
85,CC[C@H]1[C@H](C)[C@@H](Nc2ccc(F)cn2)c2cc(N3CCOCC3)ccc2N1C(C)=O,14,15,c,0.0015907009365037084,0.016192764043807983
85,CC[C@H]1[C@H](C)[C@@H](Nc2ccc(F)cn2)c2cc(N3CCOCC3)ccc2N1C(C)=O,15,15,c,0.02410322055220604,0.13234366476535797
85,CC[C@H]1[C@H](C)[C@@H](Nc2ccc(F)cn2)c2cc(N3CCOCC3)ccc2N1C(C)=O,16,17,(,0.0056536514312028885,0.04970245435833931
85,CC[C@H]1[C@H](C)[C@@H](Nc2ccc(F)cn2)c2cc(N3CCOCC3)ccc2N1C(C)=O,17,27,F,0.8878266215324402,0.8604282140731812
85,CC[C@H]1[C@H](C)[C@@H](Nc2ccc(F)cn2)c2cc(N3CCOCC3)ccc2N1C(C)=O,18,18,),0.00066617620177567,0.00864862184971571
85,CC[C@H]1[C@H](C)[C@@H](Nc2ccc(F)cn2)c2cc(N3CCOCC3)ccc2N1C(C)=O,19,15,c,0.021351341158151627,0.11591016501188278
85,CC[C@H]1[C@H](C)[C@@H](Nc2ccc(F)cn2)c2cc(N3CCOCC3)ccc2N1C(C)=O,20,25,n,0.007893029600381851,0.05729541555047035
85,CC[C@H]1[C@H](C)[C@@H](Nc2ccc(F)cn2)c2cc(N3CCOCC3)ccc2N1C(C)=O,21,21,2,0.0011345166712999344,0.01415383443236351
85,CC[C@H]1[C@H](C)[C@@H](Nc2ccc(F)cn2)c2cc(N3CCOCC3)ccc2N1C(C)=O,22,18,),0.0006861824076622725,0.008910509757697582
85,CC[C@H]1[C@H](C)[C@@H](Nc2ccc(F)cn2)c2cc(N3CCOCC3)ccc2N1C(C)=O,23,15,c,0.05800127983093262,0.24777083098888397
85,CC[C@H]1[C@H](C)[C@@H](Nc2ccc(F)cn2)c2cc(N3CCOCC3)ccc2N1C(C)=O,24,21,2,0.18119722604751587,0.6220389008522034
85,CC[C@H]1[C@H](C)[C@@H](Nc2ccc(F)cn2)c2cc(N3CCOCC3)ccc2N1C(C)=O,25,15,c,0.26301315426826477,0.4947919249534607
85,CC[C@H]1[C@H](C)[C@@H](Nc2ccc(F)cn2)c2cc(N3CCOCC3)ccc2N1C(C)=O,26,15,c,0.004942040424793959,0.04150150343775749
85,CC[C@H]1[C@H](C)[C@@H](Nc2ccc(F)cn2)c2cc(N3CCOCC3)ccc2N1C(C)=O,27,17,(,0.40141597390174866,0.588911771774292
85,CC[C@H]1[C@H](C)[C@@H](Nc2ccc(F)cn2)c2cc(N3CCOCC3)ccc2N1C(C)=O,28,23,N,0.880910336971283,0.949537992477417
85,CC[C@H]1[C@H](C)[C@@H](Nc2ccc(F)cn2)c2cc(N3CCOCC3)ccc2N1C(C)=O,29,26,3,0.005244951695203781,0.05349340662360191
85,CC[C@H]1[C@H](C)[C@@H](Nc2ccc(F)cn2)c2cc(N3CCOCC3)ccc2N1C(C)=O,30,16,C,0.0030001222621649504,0.029926860705018044
85,CC[C@H]1[C@H](C)[C@@H](Nc2ccc(F)cn2)c2cc(N3CCOCC3)ccc2N1C(C)=O,31,16,C,0.0016063674120232463,0.017821568995714188
85,CC[C@H]1[C@H](C)[C@@H](Nc2ccc(F)cn2)c2cc(N3CCOCC3)ccc2N1C(C)=O,32,19,O,0.005445756949484348,0.04697650298476219
85,CC[C@H]1[C@H](C)[C@@H](Nc2ccc(F)cn2)c2cc(N3CCOCC3)ccc2N1C(C)=O,33,16,C,0.0013056460302323103,0.015190922655165195
85,CC[C@H]1[C@H](C)[C@@H](Nc2ccc(F)cn2)c2cc(N3CCOCC3)ccc2N1C(C)=O,34,16,C,0.0018875263631343842,0.02028387039899826
85,CC[C@H]1[C@H](C)[C@@H](Nc2ccc(F)cn2)c2cc(N3CCOCC3)ccc2N1C(C)=O,35,26,3,0.0027600324247032404,0.02999820001423359
85,CC[C@H]1[C@H](C)[C@@H](Nc2ccc(F)cn2)c2cc(N3CCOCC3)ccc2N1C(C)=O,36,18,),0.0009218025952577591,0.011223557405173779
85,CC[C@H]1[C@H](C)[C@@H](Nc2ccc(F)cn2)c2cc(N3CCOCC3)ccc2N1C(C)=O,37,15,c,0.003606202779337764,0.029930956661701202
85,CC[C@H]1[C@H](C)[C@@H](Nc2ccc(F)cn2)c2cc(N3CCOCC3)ccc2N1C(C)=O,38,15,c,0.001297527807764709,0.013887033797800541
85,CC[C@H]1[C@H](C)[C@@H](Nc2ccc(F)cn2)c2cc(N3CCOCC3)ccc2N1C(C)=O,39,15,c,0.001697629690170288,0.01738402433693409
85,CC[C@H]1[C@H](C)[C@@H](Nc2ccc(F)cn2)c2cc(N3CCOCC3)ccc2N1C(C)=O,40,21,2,0.004019259475171566,0.0351235531270504
85,CC[C@H]1[C@H](C)[C@@H](Nc2ccc(F)cn2)c2cc(N3CCOCC3)ccc2N1C(C)=O,41,23,N,0.3765478730201721,1.4283478260040283
85,CC[C@H]1[C@H](C)[C@@H](Nc2ccc(F)cn2)c2cc(N3CCOCC3)ccc2N1C(C)=O,42,20,1,0.703074038028717,0.9879553318023682
85,CC[C@H]1[C@H](C)[C@@H](Nc2ccc(F)cn2)c2cc(N3CCOCC3)ccc2N1C(C)=O,43,16,C,0.131639763712883,0.5759071707725525
85,CC[C@H]1[C@H](C)[C@@H](Nc2ccc(F)cn2)c2cc(N3CCOCC3)ccc2N1C(C)=O,44,17,(,0.0857292115688324,0.4745221734046936
85,CC[C@H]1[C@H](C)[C@@H](Nc2ccc(F)cn2)c2cc(N3CCOCC3)ccc2N1C(C)=O,45,16,C,0.007778444327414036,0.06336843967437744
85,CC[C@H]1[C@H](C)[C@@H](Nc2ccc(F)cn2)c2cc(N3CCOCC3)ccc2N1C(C)=O,46,18,),0.0006574957515113056,0.008616864681243896
85,CC[C@H]1[C@H](C)[C@@H](Nc2ccc(F)cn2)c2cc(N3CCOCC3)ccc2N1C(C)=O,47,22,=,0.000900066108442843,0.010859477333724499
85,CC[C@H]1[C@H](C)[C@@H](Nc2ccc(F)cn2)c2cc(N3CCOCC3)ccc2N1C(C)=O,48,19,O,0.005375267937779427,0.04640386253595352
85,CC[C@H]1[C@H](C)[C@@H](Nc2ccc(F)cn2)c2cc(N3CCOCC3)ccc2N1C(C)=O,49,13,[SEP],0.05591462925076485,0.22155101597309113
86,CC(C)(C)OC(=O)Nc1ccc2c(c1)C[C@H](CI)C2,0,16,C,0.0011931289918720722,0.01414885651320219
86,CC(C)(C)OC(=O)Nc1ccc2c(c1)C[C@H](CI)C2,1,16,C,0.030079560354351997,0.19449982047080994
86,CC(C)(C)OC(=O)Nc1ccc2c(c1)C[C@H](CI)C2,2,17,(,0.031763918697834015,0.2018527388572693
86,CC(C)(C)OC(=O)Nc1ccc2c(c1)C[C@H](CI)C2,3,16,C,0.0013946278486400843,0.016023734584450722
86,CC(C)(C)OC(=O)Nc1ccc2c(c1)C[C@H](CI)C2,4,18,),0.0011399894719943404,0.013997896574437618
86,CC(C)(C)OC(=O)Nc1ccc2c(c1)C[C@H](CI)C2,5,17,(,0.0011191579978913069,0.01341301016509533
86,CC(C)(C)OC(=O)Nc1ccc2c(c1)C[C@H](CI)C2,6,16,C,0.0011981433490291238,0.014189415611326694
86,CC(C)(C)OC(=O)Nc1ccc2c(c1)C[C@H](CI)C2,7,18,),0.0009906059131026268,0.012371036224067211
86,CC(C)(C)OC(=O)Nc1ccc2c(c1)C[C@H](CI)C2,8,19,O,0.0018290525767952204,0.02062806859612465
86,CC(C)(C)OC(=O)Nc1ccc2c(c1)C[C@H](CI)C2,9,16,C,0.0020356164313852787,0.02228727750480175
86,CC(C)(C)OC(=O)Nc1ccc2c(c1)C[C@H](CI)C2,10,17,(,0.001102750888094306,0.012664194218814373
86,CC(C)(C)OC(=O)Nc1ccc2c(c1)C[C@H](CI)C2,11,22,=,0.0007822783663868904,0.009951750747859478
86,CC(C)(C)OC(=O)Nc1ccc2c(c1)C[C@H](CI)C2,12,19,O,0.000621679937466979,0.007967938669025898
86,CC(C)(C)OC(=O)Nc1ccc2c(c1)C[C@H](CI)C2,13,18,),0.0005751828430220485,0.00766025809571147
86,CC(C)(C)OC(=O)Nc1ccc2c(c1)C[C@H](CI)C2,14,23,N,0.0016733745578676462,0.01956648752093315
86,CC(C)(C)OC(=O)Nc1ccc2c(c1)C[C@H](CI)C2,15,15,c,0.11223533749580383,0.6171790361404419
86,CC(C)(C)OC(=O)Nc1ccc2c(c1)C[C@H](CI)C2,16,20,1,0.00141135195735842,0.016032665967941284
86,CC(C)(C)OC(=O)Nc1ccc2c(c1)C[C@H](CI)C2,17,15,c,0.001056106062605977,0.012157412245869637
86,CC(C)(C)OC(=O)Nc1ccc2c(c1)C[C@H](CI)C2,18,15,c,0.0013842168264091015,0.016021598130464554
86,CC(C)(C)OC(=O)Nc1ccc2c(c1)C[C@H](CI)C2,19,15,c,0.0026504029519855976,0.025714416056871414
86,CC(C)(C)OC(=O)Nc1ccc2c(c1)C[C@H](CI)C2,20,21,2,0.011369353160262108,0.08930492401123047
86,CC(C)(C)OC(=O)Nc1ccc2c(c1)C[C@H](CI)C2,21,15,c,0.001438549836166203,0.01563975214958191
86,CC(C)(C)OC(=O)Nc1ccc2c(c1)C[C@H](CI)C2,22,17,(,0.010400412604212761,0.0810905173420906
86,CC(C)(C)OC(=O)Nc1ccc2c(c1)C[C@H](CI)C2,23,15,c,0.0019884875509887934,0.019683770835399628
86,CC(C)(C)OC(=O)Nc1ccc2c(c1)C[C@H](CI)C2,24,20,1,0.001528782770037651,0.017806734889745712
86,CC(C)(C)OC(=O)Nc1ccc2c(c1)C[C@H](CI)C2,25,18,),0.0010783039033412933,0.01336832344532013
86,CC(C)(C)OC(=O)Nc1ccc2c(c1)C[C@H](CI)C2,26,16,C,0.00707979965955019,0.06425416469573975
86,CC(C)(C)OC(=O)Nc1ccc2c(c1)C[C@H](CI)C2,27,16,C,0.45345228910446167,1.010772705078125
86,CC(C)(C)OC(=O)Nc1ccc2c(c1)C[C@H](CI)C2,28,17,(,0.5690237879753113,1.2969520092010498
86,CC(C)(C)OC(=O)Nc1ccc2c(c1)C[C@H](CI)C2,29,48,I,0.7658830285072327,0.48395872116088867
86,CC(C)(C)OC(=O)Nc1ccc2c(c1)C[C@H](CI)C2,30,18,),0.0008577283006161451,0.01107243075966835
86,CC(C)(C)OC(=O)Nc1ccc2c(c1)C[C@H](CI)C2,31,16,C,0.003308022627606988,0.03482862189412117
86,CC(C)(C)OC(=O)Nc1ccc2c(c1)C[C@H](CI)C2,32,21,2,0.014459210447967052,0.11916888505220413
86,CC(C)(C)OC(=O)Nc1ccc2c(c1)C[C@H](CI)C2,33,13,[SEP],0.08286117017269135,0.3144632577896118
87,COc1c(C)c(C)c(S(=O)(=O)Cl)c(C)c1C,0,16,C,0.0029272292740643024,0.02984662353992462
87,COc1c(C)c(C)c(S(=O)(=O)Cl)c(C)c1C,1,19,O,0.5765597820281982,0.7934482097625732
87,COc1c(C)c(C)c(S(=O)(=O)Cl)c(C)c1C,2,15,c,0.444202184677124,1.0446906089782715
87,COc1c(C)c(C)c(S(=O)(=O)Cl)c(C)c1C,3,20,1,0.0012113989796489477,0.014335056766867638
87,COc1c(C)c(C)c(S(=O)(=O)Cl)c(C)c1C,4,15,c,0.013358468189835548,0.1014048382639885
87,COc1c(C)c(C)c(S(=O)(=O)Cl)c(C)c1C,5,17,(,0.003915541805326939,0.035436078906059265
87,COc1c(C)c(C)c(S(=O)(=O)Cl)c(C)c1C,6,16,C,0.04964995011687279,0.2719004452228546
87,COc1c(C)c(C)c(S(=O)(=O)Cl)c(C)c1C,7,18,),0.008408709429204464,0.07213511317968369
87,COc1c(C)c(C)c(S(=O)(=O)Cl)c(C)c1C,8,15,c,0.11731747537851334,0.6927518248558044
87,COc1c(C)c(C)c(S(=O)(=O)Cl)c(C)c1C,9,17,(,0.6783686876296997,0.39443689584732056
87,COc1c(C)c(C)c(S(=O)(=O)Cl)c(C)c1C,10,34,S,0.9437084794044495,0.8094170093536377
87,COc1c(C)c(C)c(S(=O)(=O)Cl)c(C)c1C,11,17,(,0.02233843319118023,0.13452789187431335
87,COc1c(C)c(C)c(S(=O)(=O)Cl)c(C)c1C,12,22,=,0.2484486699104309,0.6121898293495178
87,COc1c(C)c(C)c(S(=O)(=O)Cl)c(C)c1C,13,19,O,0.002346891677007079,0.024530187249183655
87,COc1c(C)c(C)c(S(=O)(=O)Cl)c(C)c1C,14,18,),0.0005506589659489691,0.007331006694585085
87,COc1c(C)c(C)c(S(=O)(=O)Cl)c(C)c1C,15,16,C,0.23147344589233398,0.7333222031593323
87,COc1c(C)c(C)c(S(=O)(=O)Cl)c(C)c1C,16,17,(,0.7162030935287476,1.7787861824035645
87,COc1c(C)c(C)c(S(=O)(=O)Cl)c(C)c1C,17,16,C,0.03854619711637497,0.24487510323524475
87,COc1c(C)c(C)c(S(=O)(=O)Cl)c(C)c1C,18,18,),0.0008101541898213327,0.01019281055778265
87,COc1c(C)c(C)c(S(=O)(=O)Cl)c(C)c1C,19,28,Cl,0.9669839143753052,1.103472352027893
87,COc1c(C)c(C)c(S(=O)(=O)Cl)c(C)c1C,20,18,),0.0005959153058938682,0.007906988263130188
87,COc1c(C)c(C)c(S(=O)(=O)Cl)c(C)c1C,21,15,c,0.47399747371673584,0.736042320728302
87,COc1c(C)c(C)c(S(=O)(=O)Cl)c(C)c1C,22,17,(,0.8228472471237183,1.0375462770462036
87,COc1c(C)c(C)c(S(=O)(=O)Cl)c(C)c1C,23,16,C,0.007538415025919676,0.07043184340000153
87,COc1c(C)c(C)c(S(=O)(=O)Cl)c(C)c1C,24,18,),0.0017827764386311173,0.020909655839204788
87,COc1c(C)c(C)c(S(=O)(=O)Cl)c(C)c1C,25,15,c,1.0330004692077637,1.0952703952789307
87,COc1c(C)c(C)c(S(=O)(=O)Cl)c(C)c1C,26,20,1,1.1120339632034302,1.669542670249939
87,COc1c(C)c(C)c(S(=O)(=O)Cl)c(C)c1C,27,16,C,1.5877152681350708,2.9835431575775146
87,COc1c(C)c(C)c(S(=O)(=O)Cl)c(C)c1C,28,13,[SEP],0.05378745496273041,0.3811165690422058
88,CC(=O)c1cc(-c2ccccc2)no1,0,16,C,0.003012777306139469,0.03117198683321476
88,CC(=O)c1cc(-c2ccccc2)no1,1,16,C,0.004056890495121479,0.037901390343904495
88,CC(=O)c1cc(-c2ccccc2)no1,2,17,(,0.0023327975068241358,0.02102436125278473
88,CC(=O)c1cc(-c2ccccc2)no1,3,22,=,0.0021698512136936188,0.022621147334575653
88,CC(=O)c1cc(-c2ccccc2)no1,4,19,O,0.0018856509122997522,0.02006249502301216
88,CC(=O)c1cc(-c2ccccc2)no1,5,18,),0.0005528957117348909,0.0074243140406906605
88,CC(=O)c1cc(-c2ccccc2)no1,6,15,c,0.0959615483880043,0.44101500511169434
88,CC(=O)c1cc(-c2ccccc2)no1,7,20,1,0.0010371572570875287,0.012798598036170006
88,CC(=O)c1cc(-c2ccccc2)no1,8,15,c,0.005819442681968212,0.042790476232767105
88,CC(=O)c1cc(-c2ccccc2)no1,9,15,c,0.005730889271944761,0.049268823117017746
88,CC(=O)c1cc(-c2ccccc2)no1,10,17,(,0.04979338496923447,0.27657851576805115
88,CC(=O)c1cc(-c2ccccc2)no1,11,31,-,0.016611352562904358,0.11127013713121414
88,CC(=O)c1cc(-c2ccccc2)no1,12,15,c,0.004976023454219103,0.04790087044239044
88,CC(=O)c1cc(-c2ccccc2)no1,13,21,2,0.005222024861723185,0.05282343924045563
88,CC(=O)c1cc(-c2ccccc2)no1,14,15,c,0.0016447186935693026,0.01783607341349125
88,CC(=O)c1cc(-c2ccccc2)no1,15,15,c,0.0011837363708764315,0.013699665665626526
88,CC(=O)c1cc(-c2ccccc2)no1,16,15,c,0.004764658864587545,0.04210817441344261
88,CC(=O)c1cc(-c2ccccc2)no1,17,15,c,0.0008908854215405881,0.010048598982393742
88,CC(=O)c1cc(-c2ccccc2)no1,18,15,c,0.002247716300189495,0.019749287515878677
88,CC(=O)c1cc(-c2ccccc2)no1,19,21,2,0.001065150718204677,0.012845996767282486
88,CC(=O)c1cc(-c2ccccc2)no1,20,18,),0.0007395280990749598,0.009538519196212292
88,CC(=O)c1cc(-c2ccccc2)no1,21,25,n,0.288438618183136,0.7402898073196411
88,CC(=O)c1cc(-c2ccccc2)no1,22,44,o,0.10803274810314178,0.5982857942581177
88,CC(=O)c1cc(-c2ccccc2)no1,23,20,1,0.005387560464441776,0.04862753674387932
88,CC(=O)c1cc(-c2ccccc2)no1,24,13,[SEP],0.001957744127139449,0.021539874374866486
89,C=CCN(C)C/C=C/COc1cc2c(cc1F)c(-c1ccc(Br)cc1)nn2C,0,16,C,0.0012573248241096735,0.014456849545240402
89,C=CCN(C)C/C=C/COc1cc2c(cc1F)c(-c1ccc(Br)cc1)nn2C,1,22,=,0.006155828945338726,0.05684072896838188
89,C=CCN(C)C/C=C/COc1cc2c(cc1F)c(-c1ccc(Br)cc1)nn2C,2,16,C,0.0013097339542582631,0.014831587672233582
89,C=CCN(C)C/C=C/COc1cc2c(cc1F)c(-c1ccc(Br)cc1)nn2C,3,16,C,0.006358793005347252,0.05674324929714203
89,C=CCN(C)C/C=C/COc1cc2c(cc1F)c(-c1ccc(Br)cc1)nn2C,4,23,N,0.09201095253229141,0.4641781747341156
89,C=CCN(C)C/C=C/COc1cc2c(cc1F)c(-c1ccc(Br)cc1)nn2C,5,17,(,0.07652752846479416,0.36096489429473877
89,C=CCN(C)C/C=C/COc1cc2c(cc1F)c(-c1ccc(Br)cc1)nn2C,6,16,C,0.059610895812511444,0.32072189450263977
89,C=CCN(C)C/C=C/COc1cc2c(cc1F)c(-c1ccc(Br)cc1)nn2C,7,18,),0.4963775873184204,1.367193341255188
89,C=CCN(C)C/C=C/COc1cc2c(cc1F)c(-c1ccc(Br)cc1)nn2C,8,16,C,0.10379435867071152,0.393324613571167
89,C=CCN(C)C/C=C/COc1cc2c(cc1F)c(-c1ccc(Br)cc1)nn2C,9,39,/,0.5308948755264282,1.0483543872833252
89,C=CCN(C)C/C=C/COc1cc2c(cc1F)c(-c1ccc(Br)cc1)nn2C,10,16,C,0.009383335709571838,0.06970013678073883
89,C=CCN(C)C/C=C/COc1cc2c(cc1F)c(-c1ccc(Br)cc1)nn2C,11,22,=,0.013778320513665676,0.09176348149776459
89,C=CCN(C)C/C=C/COc1cc2c(cc1F)c(-c1ccc(Br)cc1)nn2C,12,16,C,0.0023436807096004486,0.023454025387763977
89,C=CCN(C)C/C=C/COc1cc2c(cc1F)c(-c1ccc(Br)cc1)nn2C,13,39,/,0.10671938955783844,0.5191698670387268
89,C=CCN(C)C/C=C/COc1cc2c(cc1F)c(-c1ccc(Br)cc1)nn2C,14,16,C,0.0800660103559494,0.43207281827926636
89,C=CCN(C)C/C=C/COc1cc2c(cc1F)c(-c1ccc(Br)cc1)nn2C,15,19,O,0.14293642342090607,0.7843385934829712
89,C=CCN(C)C/C=C/COc1cc2c(cc1F)c(-c1ccc(Br)cc1)nn2C,16,16,C,0.7367412447929382,1.3041932582855225
89,C=CCN(C)C/C=C/COc1cc2c(cc1F)c(-c1ccc(Br)cc1)nn2C,17,15,c,0.9909133315086365,0.8950682878494263
89,C=CCN(C)C/C=C/COc1cc2c(cc1F)c(-c1ccc(Br)cc1)nn2C,18,20,1,0.001043754629790783,0.01163412258028984
89,C=CCN(C)C/C=C/COc1cc2c(cc1F)c(-c1ccc(Br)cc1)nn2C,19,15,c,0.4903259873390198,0.4548145532608032
89,C=CCN(C)C/C=C/COc1cc2c(cc1F)c(-c1ccc(Br)cc1)nn2C,20,17,(,0.21602217853069305,0.592663586139679
89,C=CCN(C)C/C=C/COc1cc2c(cc1F)c(-c1ccc(Br)cc1)nn2C,21,37,Br,1.082733154296875,1.439847469329834
89,C=CCN(C)C/C=C/COc1cc2c(cc1F)c(-c1ccc(Br)cc1)nn2C,22,18,),0.0011646546190604568,0.01402486301958561
89,C=CCN(C)C/C=C/COc1cc2c(cc1F)c(-c1ccc(Br)cc1)nn2C,23,15,c,0.023982930928468704,0.1305992603302002
89,C=CCN(C)C/C=C/COc1cc2c(cc1F)c(-c1ccc(Br)cc1)nn2C,24,15,c,0.7676016092300415,0.9268073439598083
89,C=CCN(C)C/C=C/COc1cc2c(cc1F)c(-c1ccc(Br)cc1)nn2C,25,17,(,0.37322998046875,0.8689470887184143
89,C=CCN(C)C/C=C/COc1cc2c(cc1F)c(-c1ccc(Br)cc1)nn2C,26,27,F,0.014807440340518951,0.1100843995809555
89,C=CCN(C)C/C=C/COc1cc2c(cc1F)c(-c1ccc(Br)cc1)nn2C,27,18,),0.0009404561715200543,0.011620352044701576
89,C=CCN(C)C/C=C/COc1cc2c(cc1F)c(-c1ccc(Br)cc1)nn2C,28,15,c,0.5370219349861145,0.3361976444721222
89,C=CCN(C)C/C=C/COc1cc2c(cc1F)c(-c1ccc(Br)cc1)nn2C,29,15,c,0.8472166061401367,0.5547237396240234
89,C=CCN(C)C/C=C/COc1cc2c(cc1F)c(-c1ccc(Br)cc1)nn2C,30,20,1,0.0395905077457428,0.23043373227119446
89,C=CCN(C)C/C=C/COc1cc2c(cc1F)c(-c1ccc(Br)cc1)nn2C,31,31,-,0.005448198411613703,0.05367601662874222
89,C=CCN(C)C/C=C/COc1cc2c(cc1F)c(-c1ccc(Br)cc1)nn2C,32,15,c,0.11544415354728699,0.3474038243293762
89,C=CCN(C)C/C=C/COc1cc2c(cc1F)c(-c1ccc(Br)cc1)nn2C,33,20,1,0.0007297307020053267,0.009399514645338058
89,C=CCN(C)C/C=C/COc1cc2c(cc1F)c(-c1ccc(Br)cc1)nn2C,34,15,c,0.03029852733016014,0.15213574469089508
89,C=CCN(C)C/C=C/COc1cc2c(cc1F)c(-c1ccc(Br)cc1)nn2C,35,15,c,0.02385200746357441,0.15539893507957458
89,C=CCN(C)C/C=C/COc1cc2c(cc1F)c(-c1ccc(Br)cc1)nn2C,36,15,c,0.1739378273487091,0.44405171275138855
89,C=CCN(C)C/C=C/COc1cc2c(cc1F)c(-c1ccc(Br)cc1)nn2C,37,17,(,0.020202061161398888,0.12355098873376846
89,C=CCN(C)C/C=C/COc1cc2c(cc1F)c(-c1ccc(Br)cc1)nn2C,38,16,C,0.43540892004966736,0.9533844590187073
89,C=CCN(C)C/C=C/COc1cc2c(cc1F)c(-c1ccc(Br)cc1)nn2C,39,38,#,0.11127177625894547,0.593999981880188
89,C=CCN(C)C/C=C/COc1cc2c(cc1F)c(-c1ccc(Br)cc1)nn2C,40,23,N,0.009458393789827824,0.08449088037014008
89,C=CCN(C)C/C=C/COc1cc2c(cc1F)c(-c1ccc(Br)cc1)nn2C,41,18,),0.005176553502678871,0.04635220021009445
89,C=CCN(C)C/C=C/COc1cc2c(cc1F)c(-c1ccc(Br)cc1)nn2C,42,15,c,0.04339158162474632,0.18996228277683258
89,C=CCN(C)C/C=C/COc1cc2c(cc1F)c(-c1ccc(Br)cc1)nn2C,43,15,c,0.004698565695434809,0.03550175577402115
89,C=CCN(C)C/C=C/COc1cc2c(cc1F)c(-c1ccc(Br)cc1)nn2C,44,20,1,0.003680585650727153,0.03721116483211517
89,C=CCN(C)C/C=C/COc1cc2c(cc1F)c(-c1ccc(Br)cc1)nn2C,45,18,),0.6056396961212158,0.3244105577468872
89,C=CCN(C)C/C=C/COc1cc2c(cc1F)c(-c1ccc(Br)cc1)nn2C,46,25,n,1.0981049537658691,1.1395028829574585
89,C=CCN(C)C/C=C/COc1cc2c(cc1F)c(-c1ccc(Br)cc1)nn2C,47,25,n,1.166243314743042,1.7928261756896973
89,C=CCN(C)C/C=C/COc1cc2c(cc1F)c(-c1ccc(Br)cc1)nn2C,48,16,C,0.9852374792098999,1.137977957725525
89,C=CCN(C)C/C=C/COc1cc2c(cc1F)c(-c1ccc(Br)cc1)nn2C,49,13,[SEP],0.011090656742453575,0.09270590543746948
90,O=Cc1cnn2c(NC3CC3)cc(-c3ccnc(F)c3)nc12,0,19,O,0.05497966706752777,0.3124712407588959
90,O=Cc1cnn2c(NC3CC3)cc(-c3ccnc(F)c3)nc12,1,22,=,0.004044096451252699,0.03815567120909691
90,O=Cc1cnn2c(NC3CC3)cc(-c3ccnc(F)c3)nc12,2,16,C,0.01142929121851921,0.07931920140981674
90,O=Cc1cnn2c(NC3CC3)cc(-c3ccnc(F)c3)nc12,3,15,c,0.6093247532844543,1.2731597423553467
90,O=Cc1cnn2c(NC3CC3)cc(-c3ccnc(F)c3)nc12,4,20,1,0.0008064151043072343,0.009681103751063347
90,O=Cc1cnn2c(NC3CC3)cc(-c3ccnc(F)c3)nc12,5,15,c,0.2837529182434082,0.479737251996994
90,O=Cc1cnn2c(NC3CC3)cc(-c3ccnc(F)c3)nc12,6,15,c,0.21761173009872437,0.5635221600532532
90,O=Cc1cnn2c(NC3CC3)cc(-c3ccnc(F)c3)nc12,7,25,n,0.6040279269218445,0.8299646377563477
90,O=Cc1cnn2c(NC3CC3)cc(-c3ccnc(F)c3)nc12,8,15,c,0.009810680523514748,0.06834488362073898
90,O=Cc1cnn2c(NC3CC3)cc(-c3ccnc(F)c3)nc12,9,17,(,0.6334772706031799,0.33536460995674133
90,O=Cc1cnn2c(NC3CC3)cc(-c3ccnc(F)c3)nc12,10,23,N,0.5503329634666443,1.1691877841949463
90,O=Cc1cnn2c(NC3CC3)cc(-c3ccnc(F)c3)nc12,11,16,C,0.7112213969230652,0.8125446438789368
90,O=Cc1cnn2c(NC3CC3)cc(-c3ccnc(F)c3)nc12,12,21,2,0.13961294293403625,0.7733322381973267
90,O=Cc1cnn2c(NC3CC3)cc(-c3ccnc(F)c3)nc12,13,16,C,0.006184805650264025,0.05482345446944237
90,O=Cc1cnn2c(NC3CC3)cc(-c3ccnc(F)c3)nc12,14,16,C,0.0019857282750308514,0.021227052435278893
90,O=Cc1cnn2c(NC3CC3)cc(-c3ccnc(F)c3)nc12,15,21,2,0.0024170635733753443,0.026000559329986572
90,O=Cc1cnn2c(NC3CC3)cc(-c3ccnc(F)c3)nc12,16,18,),0.0011135576060041785,0.013485542498528957
90,O=Cc1cnn2c(NC3CC3)cc(-c3ccnc(F)c3)nc12,17,15,c,0.3246878683567047,0.4910650849342346
90,O=Cc1cnn2c(NC3CC3)cc(-c3ccnc(F)c3)nc12,18,20,1,0.06257107108831406,0.31277117133140564
90,O=Cc1cnn2c(NC3CC3)cc(-c3ccnc(F)c3)nc12,19,18,),0.7647070288658142,1.5198817253112793
90,O=Cc1cnn2c(NC3CC3)cc(-c3ccnc(F)c3)nc12,20,15,c,0.6318262815475464,0.7326471209526062
90,O=Cc1cnn2c(NC3CC3)cc(-c3ccnc(F)c3)nc12,21,20,1,0.4109019339084625,0.8045822978019714
90,O=Cc1cnn2c(NC3CC3)cc(-c3ccnc(F)c3)nc12,22,15,c,0.4076342284679413,0.4579973816871643
90,O=Cc1cnn2c(NC3CC3)cc(-c3ccnc(F)c3)nc12,23,15,c,0.024394147098064423,0.15255790948867798
90,O=Cc1cnn2c(NC3CC3)cc(-c3ccnc(F)c3)nc12,24,17,(,0.46811577677726746,0.5948315262794495
90,O=Cc1cnn2c(NC3CC3)cc(-c3ccnc(F)c3)nc12,25,27,F,0.10416620969772339,0.5137680172920227
90,O=Cc1cnn2c(NC3CC3)cc(-c3ccnc(F)c3)nc12,26,18,),0.0009618798503652215,0.011904533952474594
90,O=Cc1cnn2c(NC3CC3)cc(-c3ccnc(F)c3)nc12,27,25,n,0.009909294545650482,0.06917060166597366
90,O=Cc1cnn2c(NC3CC3)cc(-c3ccnc(F)c3)nc12,28,15,c,0.0679408460855484,0.3644876182079315
90,O=Cc1cnn2c(NC3CC3)cc(-c3ccnc(F)c3)nc12,29,25,n,0.6838204264640808,0.7702738046646118
90,O=Cc1cnn2c(NC3CC3)cc(-c3ccnc(F)c3)nc12,30,20,1,0.0029015149921178818,0.0270162895321846
90,O=Cc1cnn2c(NC3CC3)cc(-c3ccnc(F)c3)nc12,31,13,[SEP],0.01936068758368492,0.14322800934314728
91,CC(C)(C)OC(=O)C[C@H]1C[C@@H](CCN)OC(C)(C)O1,0,16,C,0.0019320750143378973,0.02095239795744419
91,CC(C)(C)OC(=O)C[C@H]1C[C@@H](CCN)OC(C)(C)O1,1,16,C,0.0061578829772770405,0.05420170724391937
91,CC(C)(C)OC(=O)C[C@H]1C[C@@H](CCN)OC(C)(C)O1,2,17,(,0.8892381191253662,0.7280138731002808
91,CC(C)(C)OC(=O)C[C@H]1C[C@@H](CCN)OC(C)(C)O1,3,16,C,0.002808394143357873,0.027448158711194992
91,CC(C)(C)OC(=O)C[C@H]1C[C@@H](CCN)OC(C)(C)O1,4,18,),0.0066168708726763725,0.05727440118789673
91,CC(C)(C)OC(=O)C[C@H]1C[C@@H](CCN)OC(C)(C)O1,5,17,(,0.004619928076863289,0.041024427860975266
91,CC(C)(C)OC(=O)C[C@H]1C[C@@H](CCN)OC(C)(C)O1,6,16,C,0.01475436333566904,0.10190688818693161
91,CC(C)(C)OC(=O)C[C@H]1C[C@@H](CCN)OC(C)(C)O1,7,18,),0.1652708798646927,0.6173144578933716
91,CC(C)(C)OC(=O)C[C@H]1C[C@@H](CCN)OC(C)(C)O1,8,19,O,0.026465654373168945,0.16176266968250275
91,CC(C)(C)OC(=O)C[C@H]1C[C@@H](CCN)OC(C)(C)O1,9,16,C,0.012230293825268745,0.09683915227651596
91,CC(C)(C)OC(=O)C[C@H]1C[C@@H](CCN)OC(C)(C)O1,10,17,(,0.48045653104782104,0.9991443157196045
91,CC(C)(C)OC(=O)C[C@H]1C[C@@H](CCN)OC(C)(C)O1,11,22,=,0.024326635524630547,0.13088811933994293
91,CC(C)(C)OC(=O)C[C@H]1C[C@@H](CCN)OC(C)(C)O1,12,19,O,0.001471616793423891,0.015172189101576805
91,CC(C)(C)OC(=O)C[C@H]1C[C@@H](CCN)OC(C)(C)O1,13,18,),0.0005454689962789416,0.007268618326634169
91,CC(C)(C)OC(=O)C[C@H]1C[C@@H](CCN)OC(C)(C)O1,14,16,C,0.032472312450408936,0.18958482146263123
91,CC(C)(C)OC(=O)C[C@H]1C[C@@H](CCN)OC(C)(C)O1,15,16,C,1.0557401180267334,0.41326233744621277
91,CC(C)(C)OC(=O)C[C@H]1C[C@@H](CCN)OC(C)(C)O1,16,20,1,0.9296874403953552,1.360552430152893
91,CC(C)(C)OC(=O)C[C@H]1C[C@@H](CCN)OC(C)(C)O1,17,16,C,0.07817457616329193,0.3902299404144287
91,CC(C)(C)OC(=O)C[C@H]1C[C@@H](CCN)OC(C)(C)O1,18,16,C,0.3397628962993622,0.8965400457382202
91,CC(C)(C)OC(=O)C[C@H]1C[C@@H](CCN)OC(C)(C)O1,19,17,(,1.248314619064331,0.7880935668945312
91,CC(C)(C)OC(=O)C[C@H]1C[C@@H](CCN)OC(C)(C)O1,20,16,C,0.282448410987854,0.7138977646827698
91,CC(C)(C)OC(=O)C[C@H]1C[C@@H](CCN)OC(C)(C)O1,21,23,N,0.6823856830596924,1.0026670694351196
91,CC(C)(C)OC(=O)C[C@H]1C[C@@H](CCN)OC(C)(C)O1,22,18,),0.0075975703075528145,0.06776074320077896
91,CC(C)(C)OC(=O)C[C@H]1C[C@@H](CCN)OC(C)(C)O1,23,19,O,0.7027002573013306,0.1879488229751587
91,CC(C)(C)OC(=O)C[C@H]1C[C@@H](CCN)OC(C)(C)O1,24,16,C,0.05790219455957413,0.29261672496795654
91,CC(C)(C)OC(=O)C[C@H]1C[C@@H](CCN)OC(C)(C)O1,25,17,(,1.0067516565322876,0.3952431380748749
91,CC(C)(C)OC(=O)C[C@H]1C[C@@H](CCN)OC(C)(C)O1,26,16,C,0.004973680712282658,0.04642237722873688
91,CC(C)(C)OC(=O)C[C@H]1C[C@@H](CCN)OC(C)(C)O1,27,18,),0.001917595393024385,0.021251561120152473
91,CC(C)(C)OC(=O)C[C@H]1C[C@@H](CCN)OC(C)(C)O1,28,17,(,0.016172485426068306,0.10270893573760986
91,CC(C)(C)OC(=O)C[C@H]1C[C@@H](CCN)OC(C)(C)O1,29,16,C,0.0022270847111940384,0.02303348109126091
91,CC(C)(C)OC(=O)C[C@H]1C[C@@H](CCN)OC(C)(C)O1,30,18,),0.0009571809787303209,0.011892080307006836
91,CC(C)(C)OC(=O)C[C@H]1C[C@@H](CCN)OC(C)(C)O1,31,16,C,0.23623141646385193,0.5480355024337769
91,CC(C)(C)OC(=O)C[C@H]1C[C@@H](CCN)OC(C)(C)O1,32,20,1,1.1282947063446045,0.972000777721405
91,CC(C)(C)OC(=O)C[C@H]1C[C@@H](CCN)OC(C)(C)O1,33,13,[SEP],0.47613322734832764,0.4865264296531677
92,COc1nccc(N2CCn3nc(OCc4ccccc4)cc3C2=O)n1,0,16,C,0.5637539029121399,0.6606663465499878
92,COc1nccc(N2CCn3nc(OCc4ccccc4)cc3C2=O)n1,1,19,O,0.5693293809890747,0.9482124447822571
92,COc1nccc(N2CCn3nc(OCc4ccccc4)cc3C2=O)n1,2,15,c,0.034195560961961746,0.20129135251045227
92,COc1nccc(N2CCn3nc(OCc4ccccc4)cc3C2=O)n1,3,20,1,0.001647289260290563,0.016823891550302505
92,COc1nccc(N2CCn3nc(OCc4ccccc4)cc3C2=O)n1,4,25,n,0.6671058535575867,0.10599996149539948
92,COc1nccc(N2CCn3nc(OCc4ccccc4)cc3C2=O)n1,5,15,c,0.00420154444873333,0.03511570394039154
92,COc1nccc(N2CCn3nc(OCc4ccccc4)cc3C2=O)n1,6,15,c,0.003697700332850218,0.03435957804322243
92,COc1nccc(N2CCn3nc(OCc4ccccc4)cc3C2=O)n1,7,15,c,0.005396348889917135,0.0447995625436306
92,COc1nccc(N2CCn3nc(OCc4ccccc4)cc3C2=O)n1,8,17,(,0.022042514756321907,0.15642377734184265
92,COc1nccc(N2CCn3nc(OCc4ccccc4)cc3C2=O)n1,9,23,N,0.23528340458869934,0.7781025171279907
92,COc1nccc(N2CCn3nc(OCc4ccccc4)cc3C2=O)n1,10,21,2,0.028056155890226364,0.19281025230884552
92,COc1nccc(N2CCn3nc(OCc4ccccc4)cc3C2=O)n1,11,16,C,0.020955489948391914,0.14423835277557373
92,COc1nccc(N2CCn3nc(OCc4ccccc4)cc3C2=O)n1,12,16,C,0.05237659066915512,0.2919429540634155
92,COc1nccc(N2CCn3nc(OCc4ccccc4)cc3C2=O)n1,13,25,n,0.49448850750923157,1.0706439018249512
92,COc1nccc(N2CCn3nc(OCc4ccccc4)cc3C2=O)n1,14,26,3,0.0010387601796537638,0.01279984787106514
92,COc1nccc(N2CCn3nc(OCc4ccccc4)cc3C2=O)n1,15,15,c,0.6802247762680054,0.14896665513515472
92,COc1nccc(N2CCn3nc(OCc4ccccc4)cc3C2=O)n1,16,15,c,0.6736959218978882,0.42246928811073303
92,COc1nccc(N2CCn3nc(OCc4ccccc4)cc3C2=O)n1,17,25,n,0.32202237844467163,0.7595023512840271
92,COc1nccc(N2CCn3nc(OCc4ccccc4)cc3C2=O)n1,18,15,c,0.07989081740379333,0.33897578716278076
92,COc1nccc(N2CCn3nc(OCc4ccccc4)cc3C2=O)n1,19,26,3,0.08346965163946152,0.31151726841926575
92,COc1nccc(N2CCn3nc(OCc4ccccc4)cc3C2=O)n1,20,16,C,1.039901614189148,1.2583692073822021
92,COc1nccc(N2CCn3nc(OCc4ccccc4)cc3C2=O)n1,21,21,2,0.010932358913123608,0.08771777153015137
92,COc1nccc(N2CCn3nc(OCc4ccccc4)cc3C2=O)n1,22,22,=,0.1481441706418991,0.6610828638076782
92,COc1nccc(N2CCn3nc(OCc4ccccc4)cc3C2=O)n1,23,19,O,0.007740665692836046,0.06046184152364731
92,COc1nccc(N2CCn3nc(OCc4ccccc4)cc3C2=O)n1,24,18,),0.0005358454072847962,0.007135818246752024
92,COc1nccc(N2CCn3nc(OCc4ccccc4)cc3C2=O)n1,25,25,n,0.1256067156791687,0.36818552017211914
92,COc1nccc(N2CCn3nc(OCc4ccccc4)cc3C2=O)n1,26,20,1,0.3398127257823944,0.5682169198989868
92,COc1nccc(N2CCn3nc(OCc4ccccc4)cc3C2=O)n1,27,16,C,0.9587417244911194,0.7656311988830566
92,COc1nccc(N2CCn3nc(OCc4ccccc4)cc3C2=O)n1,28,15,c,0.005880254786461592,0.05274040624499321
92,COc1nccc(N2CCn3nc(OCc4ccccc4)cc3C2=O)n1,29,20,1,0.0007974265608936548,0.01019113976508379
92,COc1nccc(N2CCn3nc(OCc4ccccc4)cc3C2=O)n1,30,15,c,0.0007995620835572481,0.009037366136908531
92,COc1nccc(N2CCn3nc(OCc4ccccc4)cc3C2=O)n1,31,15,c,0.0007703567389398813,0.008912499994039536
92,COc1nccc(N2CCn3nc(OCc4ccccc4)cc3C2=O)n1,32,15,c,0.0009576696902513504,0.010414527729153633
92,COc1nccc(N2CCn3nc(OCc4ccccc4)cc3C2=O)n1,33,15,c,0.0016455097356811166,0.015900513157248497
92,COc1nccc(N2CCn3nc(OCc4ccccc4)cc3C2=O)n1,34,15,c,0.0022833766415715218,0.01974054053425789
92,COc1nccc(N2CCn3nc(OCc4ccccc4)cc3C2=O)n1,35,20,1,0.0011661662720143795,0.01427400205284357
92,COc1nccc(N2CCn3nc(OCc4ccccc4)cc3C2=O)n1,36,13,[SEP],0.0019735130481421947,0.022255586460232735
93,CCOc1n[nH]c2nc(-c3ccco3)c(-c3ccncn3)cc12,0,16,C,0.002921115839853883,0.030503705143928528
93,CCOc1n[nH]c2nc(-c3ccco3)c(-c3ccncn3)cc12,1,16,C,0.002625327091664076,0.027816539630293846
93,CCOc1n[nH]c2nc(-c3ccco3)c(-c3ccncn3)cc12,2,19,O,0.0022139805369079113,0.024219535291194916
93,CCOc1n[nH]c2nc(-c3ccco3)c(-c3ccncn3)cc12,3,15,c,0.0030214921571314335,0.028424469754099846
93,CCOc1n[nH]c2nc(-c3ccco3)c(-c3ccncn3)cc12,4,20,1,0.0013095950707793236,0.014224338345229626
93,CCOc1n[nH]c2nc(-c3ccco3)c(-c3ccncn3)cc12,5,25,n,0.0436541773378849,0.20707759261131287
93,CCOc1n[nH]c2nc(-c3ccco3)c(-c3ccncn3)cc12,6,15,c,0.017011050134897232,0.10937704145908356
93,CCOc1n[nH]c2nc(-c3ccco3)c(-c3ccncn3)cc12,7,25,n,0.4111618101596832,1.0563875436782837
93,CCOc1n[nH]c2nc(-c3ccco3)c(-c3ccncn3)cc12,8,15,c,0.011503459885716438,0.0804557353258133
93,CCOc1n[nH]c2nc(-c3ccco3)c(-c3ccncn3)cc12,9,21,2,0.10670357197523117,0.4287092387676239
93,CCOc1n[nH]c2nc(-c3ccco3)c(-c3ccncn3)cc12,10,25,n,0.9862490296363831,0.375116765499115
93,CCOc1n[nH]c2nc(-c3ccco3)c(-c3ccncn3)cc12,11,15,c,0.029650846496224403,0.1826234757900238
93,CCOc1n[nH]c2nc(-c3ccco3)c(-c3ccncn3)cc12,12,17,(,0.27221858501434326,0.6472350358963013
93,CCOc1n[nH]c2nc(-c3ccco3)c(-c3ccncn3)cc12,13,31,-,0.010104695335030556,0.0786581039428711
93,CCOc1n[nH]c2nc(-c3ccco3)c(-c3ccncn3)cc12,14,15,c,0.0013063186779618263,0.014072516933083534
93,CCOc1n[nH]c2nc(-c3ccco3)c(-c3ccncn3)cc12,15,26,3,0.0049532693810760975,0.05147670581936836
93,CCOc1n[nH]c2nc(-c3ccco3)c(-c3ccncn3)cc12,16,15,c,0.001753373653627932,0.018084902316331863
93,CCOc1n[nH]c2nc(-c3ccco3)c(-c3ccncn3)cc12,17,15,c,0.013402699492871761,0.08747811615467072
93,CCOc1n[nH]c2nc(-c3ccco3)c(-c3ccncn3)cc12,18,15,c,0.14082734286785126,0.4319448471069336
93,CCOc1n[nH]c2nc(-c3ccco3)c(-c3ccncn3)cc12,19,44,o,0.2300001084804535,0.5739008784294128
93,CCOc1n[nH]c2nc(-c3ccco3)c(-c3ccncn3)cc12,20,26,3,0.004077129997313023,0.03741438686847687
93,CCOc1n[nH]c2nc(-c3ccco3)c(-c3ccncn3)cc12,21,18,),0.0009502633474767208,0.012021848931908607
93,CCOc1n[nH]c2nc(-c3ccco3)c(-c3ccncn3)cc12,22,15,c,1.0976581573486328,0.20624974370002747
93,CCOc1n[nH]c2nc(-c3ccco3)c(-c3ccncn3)cc12,23,15,c,1.1517531871795654,0.5641379356384277
93,CCOc1n[nH]c2nc(-c3ccco3)c(-c3ccncn3)cc12,24,17,(,0.17286761105060577,0.7306803464889526
93,CCOc1n[nH]c2nc(-c3ccco3)c(-c3ccncn3)cc12,25,31,-,0.00558354239910841,0.05795443058013916
93,CCOc1n[nH]c2nc(-c3ccco3)c(-c3ccncn3)cc12,26,15,c,0.019845498725771904,0.13118091225624084
93,CCOc1n[nH]c2nc(-c3ccco3)c(-c3ccncn3)cc12,27,26,3,0.0028529539704322815,0.03253112733364105
93,CCOc1n[nH]c2nc(-c3ccco3)c(-c3ccncn3)cc12,28,15,c,0.0035797946620732546,0.03442364186048508
93,CCOc1n[nH]c2nc(-c3ccco3)c(-c3ccncn3)cc12,29,15,c,0.00480479933321476,0.04173706844449043
93,CCOc1n[nH]c2nc(-c3ccco3)c(-c3ccncn3)cc12,30,25,n,0.5984435081481934,0.46458327770233154
93,CCOc1n[nH]c2nc(-c3ccco3)c(-c3ccncn3)cc12,31,15,c,0.035908281803131104,0.19367830455303192
93,CCOc1n[nH]c2nc(-c3ccco3)c(-c3ccncn3)cc12,32,25,n,0.004343878012150526,0.04030030965805054
93,CCOc1n[nH]c2nc(-c3ccco3)c(-c3ccncn3)cc12,33,26,3,0.0010453845607116818,0.013186510652303696
93,CCOc1n[nH]c2nc(-c3ccco3)c(-c3ccncn3)cc12,34,18,),0.0007170403841882944,0.009386332705616951
93,CCOc1n[nH]c2nc(-c3ccco3)c(-c3ccncn3)cc12,35,15,c,0.38077977299690247,0.950593888759613
93,CCOc1n[nH]c2nc(-c3ccco3)c(-c3ccncn3)cc12,36,20,1,0.02261713147163391,0.17269939184188843
93,CCOc1n[nH]c2nc(-c3ccco3)c(-c3ccncn3)cc12,37,21,2,0.0027460139244794846,0.02938484027981758
93,CCOc1n[nH]c2nc(-c3ccco3)c(-c3ccncn3)cc12,38,13,[SEP],0.0023266940843313932,0.02339879423379898
94,CN1CC=C(c2ccc(F)cc2)C(CO)C1,0,16,C,0.0014620502479374409,0.01636330410838127
94,CN1CC=C(c2ccc(F)cc2)C(CO)C1,1,23,N,0.013536810874938965,0.10628675669431686
94,CN1CC=C(c2ccc(F)cc2)C(CO)C1,2,20,1,0.24888640642166138,0.5395854115486145
94,CN1CC=C(c2ccc(F)cc2)C(CO)C1,3,16,C,0.001777436351403594,0.019534356892108917
94,CN1CC=C(c2ccc(F)cc2)C(CO)C1,4,16,C,0.1804855465888977,0.5934215188026428
94,CN1CC=C(c2ccc(F)cc2)C(CO)C1,5,22,=,0.04002024233341217,0.24338503181934357
94,CN1CC=C(c2ccc(F)cc2)C(CO)C1,6,16,C,0.0026088079903274775,0.026770666241645813
94,CN1CC=C(c2ccc(F)cc2)C(CO)C1,7,17,(,0.06269519031047821,0.30894017219543457
94,CN1CC=C(c2ccc(F)cc2)C(CO)C1,8,15,c,0.03966392204165459,0.21763156354427338
94,CN1CC=C(c2ccc(F)cc2)C(CO)C1,9,21,2,0.0008811668958514929,0.01109270378947258
94,CN1CC=C(c2ccc(F)cc2)C(CO)C1,10,15,c,0.0008201835444197059,0.009892073459923267
94,CN1CC=C(c2ccc(F)cc2)C(CO)C1,11,15,c,0.0006726647261530161,0.008203859440982342
94,CN1CC=C(c2ccc(F)cc2)C(CO)C1,12,15,c,0.0009039294091053307,0.010543747805058956
94,CN1CC=C(c2ccc(F)cc2)C(CO)C1,13,17,(,0.004820773843675852,0.039930589497089386
94,CN1CC=C(c2ccc(F)cc2)C(CO)C1,14,27,F,0.003356287954375148,0.03477513790130615
94,CN1CC=C(c2ccc(F)cc2)C(CO)C1,15,18,),0.0005836605560034513,0.007726185955107212
94,CN1CC=C(c2ccc(F)cc2)C(CO)C1,16,15,c,0.0005287217209115624,0.006672224495559931
94,CN1CC=C(c2ccc(F)cc2)C(CO)C1,17,15,c,0.0008251875988207757,0.009759571403265
94,CN1CC=C(c2ccc(F)cc2)C(CO)C1,18,21,2,0.0011863131076097488,0.013943984173238277
94,CN1CC=C(c2ccc(F)cc2)C(CO)C1,19,18,),0.001119931461289525,0.01353045180439949
94,CN1CC=C(c2ccc(F)cc2)C(CO)C1,20,16,C,0.045106954872608185,0.24192602932453156
94,CN1CC=C(c2ccc(F)cc2)C(CO)C1,21,17,(,0.6313579678535461,0.9227334260940552
94,CN1CC=C(c2ccc(F)cc2)C(CO)C1,22,16,C,0.02028084732592106,0.13887789845466614
94,CN1CC=C(c2ccc(F)cc2)C(CO)C1,23,19,O,0.018297072499990463,0.12671592831611633
94,CN1CC=C(c2ccc(F)cc2)C(CO)C1,24,18,),0.0010352565441280603,0.01317712850868702
94,CN1CC=C(c2ccc(F)cc2)C(CO)C1,25,16,C,0.0016250668559223413,0.018427615985274315
94,CN1CC=C(c2ccc(F)cc2)C(CO)C1,26,20,1,0.003214094089344144,0.03575213626027107
94,CN1CC=C(c2ccc(F)cc2)C(CO)C1,27,13,[SEP],0.0013029110850766301,0.014376264996826649
95,COc1ccc2c(c1)C(O)=C(C(=O)NCC(=O)O)C(=O)C21CCOCC1,0,16,C,0.42973485589027405,0.47327426075935364
95,COc1ccc2c(c1)C(O)=C(C(=O)NCC(=O)O)C(=O)C21CCOCC1,1,19,O,0.038475897163152695,0.23355254530906677
95,COc1ccc2c(c1)C(O)=C(C(=O)NCC(=O)O)C(=O)C21CCOCC1,2,15,c,0.016018280759453773,0.11008693277835846
95,COc1ccc2c(c1)C(O)=C(C(=O)NCC(=O)O)C(=O)C21CCOCC1,3,20,1,0.0007509469287469983,0.009141399525105953
95,COc1ccc2c(c1)C(O)=C(C(=O)NCC(=O)O)C(=O)C21CCOCC1,4,15,c,0.0012212918372824788,0.013906961306929588
95,COc1ccc2c(c1)C(O)=C(C(=O)NCC(=O)O)C(=O)C21CCOCC1,5,15,c,0.0009507923969067633,0.010896272957324982
95,COc1ccc2c(c1)C(O)=C(C(=O)NCC(=O)O)C(=O)C21CCOCC1,6,15,c,0.004950585309416056,0.04584512114524841
95,COc1ccc2c(c1)C(O)=C(C(=O)NCC(=O)O)C(=O)C21CCOCC1,7,21,2,0.7121332287788391,0.22571653127670288
95,COc1ccc2c(c1)C(O)=C(C(=O)NCC(=O)O)C(=O)C21CCOCC1,8,15,c,0.03258686140179634,0.21296624839305878
95,COc1ccc2c(c1)C(O)=C(C(=O)NCC(=O)O)C(=O)C21CCOCC1,9,17,(,0.148972749710083,0.4480055868625641
95,COc1ccc2c(c1)C(O)=C(C(=O)NCC(=O)O)C(=O)C21CCOCC1,10,15,c,0.005430232267826796,0.045780591666698456
95,COc1ccc2c(c1)C(O)=C(C(=O)NCC(=O)O)C(=O)C21CCOCC1,11,20,1,0.005911500193178654,0.05225282162427902
95,COc1ccc2c(c1)C(O)=C(C(=O)NCC(=O)O)C(=O)C21CCOCC1,12,18,),0.017283430323004723,0.10954946279525757
95,COc1ccc2c(c1)C(O)=C(C(=O)NCC(=O)O)C(=O)C21CCOCC1,13,16,C,0.011002972722053528,0.08534859120845795
95,COc1ccc2c(c1)C(O)=C(C(=O)NCC(=O)O)C(=O)C21CCOCC1,14,17,(,0.30648091435432434,0.6654913425445557
95,COc1ccc2c(c1)C(O)=C(C(=O)NCC(=O)O)C(=O)C21CCOCC1,15,22,=,0.338242769241333,0.8532975316047668
95,COc1ccc2c(c1)C(O)=C(C(=O)NCC(=O)O)C(=O)C21CCOCC1,16,19,O,0.19057811796665192,0.4564206302165985
95,COc1ccc2c(c1)C(O)=C(C(=O)NCC(=O)O)C(=O)C21CCOCC1,17,18,),0.0009319112286902964,0.011283207684755325
95,COc1ccc2c(c1)C(O)=C(C(=O)NCC(=O)O)C(=O)C21CCOCC1,18,16,C,0.6449272036552429,1.1811721324920654
95,COc1ccc2c(c1)C(O)=C(C(=O)NCC(=O)O)C(=O)C21CCOCC1,19,20,1,0.43833640217781067,0.9393094778060913
95,COc1ccc2c(c1)C(O)=C(C(=O)NCC(=O)O)C(=O)C21CCOCC1,20,17,(,0.4350872039794922,0.5398769974708557
95,COc1ccc2c(c1)C(O)=C(C(=O)NCC(=O)O)C(=O)C21CCOCC1,21,16,C,0.3070068955421448,0.6644695401191711
95,COc1ccc2c(c1)C(O)=C(C(=O)NCC(=O)O)C(=O)C21CCOCC1,22,16,C,0.08728049695491791,0.43841978907585144
95,COc1ccc2c(c1)C(O)=C(C(=O)NCC(=O)O)C(=O)C21CCOCC1,23,19,O,1.023140549659729,1.0817875862121582
95,COc1ccc2c(c1)C(O)=C(C(=O)NCC(=O)O)C(=O)C21CCOCC1,24,16,C,0.4533070921897888,1.1321278810501099
95,COc1ccc2c(c1)C(O)=C(C(=O)NCC(=O)O)C(=O)C21CCOCC1,25,16,C,0.015285092405974865,0.11994355916976929
95,COc1ccc2c(c1)C(O)=C(C(=O)NCC(=O)O)C(=O)C21CCOCC1,26,20,1,0.0038997861556708813,0.03788786754012108
95,COc1ccc2c(c1)C(O)=C(C(=O)NCC(=O)O)C(=O)C21CCOCC1,27,18,),0.003797303419560194,0.036937978118658066
95,COc1ccc2c(c1)C(O)=C(C(=O)NCC(=O)O)C(=O)C21CCOCC1,28,16,C,0.7389741539955139,0.5092969536781311
95,COc1ccc2c(c1)C(O)=C(C(=O)NCC(=O)O)C(=O)C21CCOCC1,29,16,C,0.7086824774742126,1.2126444578170776
95,COc1ccc2c(c1)C(O)=C(C(=O)NCC(=O)O)C(=O)C21CCOCC1,30,17,(,1.311795949935913,0.7867892980575562
95,COc1ccc2c(c1)C(O)=C(C(=O)NCC(=O)O)C(=O)C21CCOCC1,31,22,=,0.7834738492965698,0.8646894693374634
95,COc1ccc2c(c1)C(O)=C(C(=O)NCC(=O)O)C(=O)C21CCOCC1,32,19,O,0.007234519347548485,0.05695316195487976
95,COc1ccc2c(c1)C(O)=C(C(=O)NCC(=O)O)C(=O)C21CCOCC1,33,18,),0.0006511652609333396,0.008346104994416237
95,COc1ccc2c(c1)C(O)=C(C(=O)NCC(=O)O)C(=O)C21CCOCC1,34,23,N,0.064689040184021,0.33942359685897827
95,COc1ccc2c(c1)C(O)=C(C(=O)NCC(=O)O)C(=O)C21CCOCC1,35,21,2,0.39547210931777954,0.7851006388664246
95,COc1ccc2c(c1)C(O)=C(C(=O)NCC(=O)O)C(=O)C21CCOCC1,36,16,C,0.6304400563240051,1.4073318243026733
95,COc1ccc2c(c1)C(O)=C(C(=O)NCC(=O)O)C(=O)C21CCOCC1,37,16,C,0.07253281772136688,0.4234866499900818
95,COc1ccc2c(c1)C(O)=C(C(=O)NCC(=O)O)C(=O)C21CCOCC1,38,17,(,0.8635120391845703,1.2197329998016357
95,COc1ccc2c(c1)C(O)=C(C(=O)NCC(=O)O)C(=O)C21CCOCC1,39,22,=,0.013295483775436878,0.09637334942817688
95,COc1ccc2c(c1)C(O)=C(C(=O)NCC(=O)O)C(=O)C21CCOCC1,40,19,O,0.0035245942417532206,0.03097979538142681
95,COc1ccc2c(c1)C(O)=C(C(=O)NCC(=O)O)C(=O)C21CCOCC1,41,18,),0.0005930986371822655,0.007834892719984055
95,COc1ccc2c(c1)C(O)=C(C(=O)NCC(=O)O)C(=O)C21CCOCC1,42,19,O,0.7799116969108582,0.7037140727043152
95,COc1ccc2c(c1)C(O)=C(C(=O)NCC(=O)O)C(=O)C21CCOCC1,43,13,[SEP],0.03630899265408516,0.18458247184753418
96,CC1(c2[nH]c3ccccc3c2C2=C(O)C(=O)C=C(O)C2=O)CC1,0,16,C,0.014059816487133503,0.09310849010944366
96,CC1(c2[nH]c3ccccc3c2C2=C(O)C(=O)C=C(O)C2=O)CC1,1,16,C,0.05981824919581413,0.38245004415512085
96,CC1(c2[nH]c3ccccc3c2C2=C(O)C(=O)C=C(O)C2=O)CC1,2,20,1,0.09204602241516113,0.32280218601226807
96,CC1(c2[nH]c3ccccc3c2C2=C(O)C(=O)C=C(O)C2=O)CC1,3,17,(,0.02752917818725109,0.15503622591495514
96,CC1(c2[nH]c3ccccc3c2C2=C(O)C(=O)C=C(O)C2=O)CC1,4,16,C,0.2636415362358093,0.7190958857536316
96,CC1(c2[nH]c3ccccc3c2C2=C(O)C(=O)C=C(O)C2=O)CC1,5,17,(,0.33286917209625244,1.2104741334915161
96,CC1(c2[nH]c3ccccc3c2C2=C(O)C(=O)C=C(O)C2=O)CC1,6,22,=,0.02092416025698185,0.1369214951992035
96,CC1(c2[nH]c3ccccc3c2C2=C(O)C(=O)C=C(O)C2=O)CC1,7,19,O,0.0026040379889309406,0.025448136031627655
96,CC1(c2[nH]c3ccccc3c2C2=C(O)C(=O)C=C(O)C2=O)CC1,8,18,),0.0006783291464671493,0.008775534108281136
96,CC1(c2[nH]c3ccccc3c2C2=C(O)C(=O)C=C(O)C2=O)CC1,9,19,O,1.070551872253418,1.0335705280303955
96,CC1(c2[nH]c3ccccc3c2C2=C(O)C(=O)C=C(O)C2=O)CC1,10,18,),0.11005909740924835,0.5033026337623596
96,CC1(c2[nH]c3ccccc3c2C2=C(O)C(=O)C=C(O)C2=O)CC1,11,15,c,0.3054737150669098,0.9316316843032837
96,CC1(c2[nH]c3ccccc3c2C2=C(O)C(=O)C=C(O)C2=O)CC1,12,21,2,0.03197406604886055,0.1904788464307785
96,CC1(c2[nH]c3ccccc3c2C2=C(O)C(=O)C=C(O)C2=O)CC1,13,15,c,0.7456721067428589,0.330035001039505
96,CC1(c2[nH]c3ccccc3c2C2=C(O)C(=O)C=C(O)C2=O)CC1,14,15,c,0.6601995229721069,0.3081773817539215
96,CC1(c2[nH]c3ccccc3c2C2=C(O)C(=O)C=C(O)C2=O)CC1,15,15,c,0.6611767411231995,0.3063492178916931
96,CC1(c2[nH]c3ccccc3c2C2=C(O)C(=O)C=C(O)C2=O)CC1,16,15,c,0.025757446885108948,0.1477927267551422
96,CC1(c2[nH]c3ccccc3c2C2=C(O)C(=O)C=C(O)C2=O)CC1,17,15,c,0.016232557594776154,0.11213117092847824
96,CC1(c2[nH]c3ccccc3c2C2=C(O)C(=O)C=C(O)C2=O)CC1,18,21,2,0.002459385199472308,0.027364322915673256
96,CC1(c2[nH]c3ccccc3c2C2=C(O)C(=O)C=C(O)C2=O)CC1,19,16,C,2.1386125087738037,1.0714143514633179
96,CC1(c2[nH]c3ccccc3c2C2=C(O)C(=O)C=C(O)C2=O)CC1,20,20,1,0.05960606411099434,0.2843175232410431
96,CC1(c2[nH]c3ccccc3c2C2=C(O)C(=O)C=C(O)C2=O)CC1,21,22,=,0.9512456655502319,1.1394453048706055
96,CC1(c2[nH]c3ccccc3c2C2=C(O)C(=O)C=C(O)C2=O)CC1,22,16,C,0.06290923058986664,0.34734225273132324
96,CC1(c2[nH]c3ccccc3c2C2=C(O)C(=O)C=C(O)C2=O)CC1,23,15,c,1.1643182039260864,1.3126111030578613
96,CC1(c2[nH]c3ccccc3c2C2=C(O)C(=O)C=C(O)C2=O)CC1,24,20,1,0.001299554598517716,0.015754710882902145
96,CC1(c2[nH]c3ccccc3c2C2=C(O)C(=O)C=C(O)C2=O)CC1,25,40,[nH],0.07449141889810562,0.37300699949264526
96,CC1(c2[nH]c3ccccc3c2C2=C(O)C(=O)C=C(O)C2=O)CC1,26,15,c,0.016678432002663612,0.11897865682840347
96,CC1(c2[nH]c3ccccc3c2C2=C(O)C(=O)C=C(O)C2=O)CC1,27,17,(,0.8448496460914612,0.520795464515686
96,CC1(c2[nH]c3ccccc3c2C2=C(O)C(=O)C=C(O)C2=O)CC1,28,16,C,0.03623910993337631,0.2521061897277832
96,CC1(c2[nH]c3ccccc3c2C2=C(O)C(=O)C=C(O)C2=O)CC1,29,22,=,0.1278124749660492,0.6283034086227417
96,CC1(c2[nH]c3ccccc3c2C2=C(O)C(=O)C=C(O)C2=O)CC1,30,19,O,0.013762216083705425,0.10977693647146225
96,CC1(c2[nH]c3ccccc3c2C2=C(O)C(=O)C=C(O)C2=O)CC1,31,18,),0.0006222957163117826,0.008168245665729046
96,CC1(c2[nH]c3ccccc3c2C2=C(O)C(=O)C=C(O)C2=O)CC1,32,15,c,0.17665483057498932,0.4824252426624298
96,CC1(c2[nH]c3ccccc3c2C2=C(O)C(=O)C=C(O)C2=O)CC1,33,17,(,0.23142877221107483,0.5882059335708618
96,CC1(c2[nH]c3ccccc3c2C2=C(O)C(=O)C=C(O)C2=O)CC1,34,19,O,0.3151944577693939,0.8182263970375061
96,CC1(c2[nH]c3ccccc3c2C2=C(O)C(=O)C=C(O)C2=O)CC1,35,18,),0.001156422309577465,0.014421464875340462
96,CC1(c2[nH]c3ccccc3c2C2=C(O)C(=O)C=C(O)C2=O)CC1,36,15,c,0.367994487285614,0.6037354469299316
96,CC1(c2[nH]c3ccccc3c2C2=C(O)C(=O)C=C(O)C2=O)CC1,37,20,1,0.03960185870528221,0.22084243595600128
96,CC1(c2[nH]c3ccccc3c2C2=C(O)C(=O)C=C(O)C2=O)CC1,38,20,1,1.88760507106781,1.8436813354492188
96,CC1(c2[nH]c3ccccc3c2C2=C(O)C(=O)C=C(O)C2=O)CC1,39,13,[SEP],0.1558966189622879,0.590419590473175
97,CN(C)C(=O)C(=O)NC12CCC(CC1)Cn1c2nc(C(=O)NCc2ccccc2)c(O)c1=O,0,16,C,0.0035527374129742384,0.03293352201581001
97,CN(C)C(=O)C(=O)NC12CCC(CC1)Cn1c2nc(C(=O)NCc2ccccc2)c(O)c1=O,1,23,N,0.03203830495476723,0.20099416375160217
97,CN(C)C(=O)C(=O)NC12CCC(CC1)Cn1c2nc(C(=O)NCc2ccccc2)c(O)c1=O,2,17,(,0.026855219155550003,0.17029784619808197
97,CN(C)C(=O)C(=O)NC12CCC(CC1)Cn1c2nc(C(=O)NCc2ccccc2)c(O)c1=O,3,16,C,0.003231772454455495,0.03145124018192291
97,CN(C)C(=O)C(=O)NC12CCC(CC1)Cn1c2nc(C(=O)NCc2ccccc2)c(O)c1=O,4,18,),0.002130430657416582,0.0230224821716547
97,CN(C)C(=O)C(=O)NC12CCC(CC1)Cn1c2nc(C(=O)NCc2ccccc2)c(O)c1=O,5,16,C,0.013221271336078644,0.09983668476343155
97,CN(C)C(=O)C(=O)NC12CCC(CC1)Cn1c2nc(C(=O)NCc2ccccc2)c(O)c1=O,6,17,(,0.004707924090325832,0.043340325355529785
97,CN(C)C(=O)C(=O)NC12CCC(CC1)Cn1c2nc(C(=O)NCc2ccccc2)c(O)c1=O,7,22,=,0.0012337404768913984,0.0136752650141716
97,CN(C)C(=O)C(=O)NC12CCC(CC1)Cn1c2nc(C(=O)NCc2ccccc2)c(O)c1=O,8,19,O,0.00113613810390234,0.012690660543739796
97,CN(C)C(=O)C(=O)NC12CCC(CC1)Cn1c2nc(C(=O)NCc2ccccc2)c(O)c1=O,9,18,),0.0006551815895363688,0.008475377224385738
97,CN(C)C(=O)C(=O)NC12CCC(CC1)Cn1c2nc(C(=O)NCc2ccccc2)c(O)c1=O,10,15,c,0.9972971081733704,0.6356425881385803
97,CN(C)C(=O)C(=O)NC12CCC(CC1)Cn1c2nc(C(=O)NCc2ccccc2)c(O)c1=O,11,20,1,0.0011574685340747237,0.014026050455868244
97,CN(C)C(=O)C(=O)NC12CCC(CC1)Cn1c2nc(C(=O)NCc2ccccc2)c(O)c1=O,12,15,c,0.6760873198509216,0.28074589371681213
97,CN(C)C(=O)C(=O)NC12CCC(CC1)Cn1c2nc(C(=O)NCc2ccccc2)c(O)c1=O,13,25,n,0.6012982130050659,1.120363712310791
97,CN(C)C(=O)C(=O)NC12CCC(CC1)Cn1c2nc(C(=O)NCc2ccccc2)c(O)c1=O,14,15,c,0.028397683054208755,0.19777528941631317
97,CN(C)C(=O)C(=O)NC12CCC(CC1)Cn1c2nc(C(=O)NCc2ccccc2)c(O)c1=O,15,17,(,0.034534282982349396,0.1889892816543579
97,CN(C)C(=O)C(=O)NC12CCC(CC1)Cn1c2nc(C(=O)NCc2ccccc2)c(O)c1=O,16,16,C,0.2889549434185028,0.8593043684959412
97,CN(C)C(=O)C(=O)NC12CCC(CC1)Cn1c2nc(C(=O)NCc2ccccc2)c(O)c1=O,17,17,(,0.0820857584476471,0.42976608872413635
97,CN(C)C(=O)C(=O)NC12CCC(CC1)Cn1c2nc(C(=O)NCc2ccccc2)c(O)c1=O,18,22,=,0.005210698116570711,0.0451706163585186
97,CN(C)C(=O)C(=O)NC12CCC(CC1)Cn1c2nc(C(=O)NCc2ccccc2)c(O)c1=O,19,19,O,0.003442133078351617,0.030987989157438278
97,CN(C)C(=O)C(=O)NC12CCC(CC1)Cn1c2nc(C(=O)NCc2ccccc2)c(O)c1=O,20,18,),0.0006050282390788198,0.007848241366446018
97,CN(C)C(=O)C(=O)NC12CCC(CC1)Cn1c2nc(C(=O)NCc2ccccc2)c(O)c1=O,21,23,N,0.0425407737493515,0.25891730189323425
97,CN(C)C(=O)C(=O)NC12CCC(CC1)Cn1c2nc(C(=O)NCc2ccccc2)c(O)c1=O,22,16,C,0.11229030042886734,0.5420416593551636
97,CN(C)C(=O)C(=O)NC12CCC(CC1)Cn1c2nc(C(=O)NCc2ccccc2)c(O)c1=O,23,15,c,0.2848161458969116,0.7336602210998535
97,CN(C)C(=O)C(=O)NC12CCC(CC1)Cn1c2nc(C(=O)NCc2ccccc2)c(O)c1=O,24,21,2,0.01311506237834692,0.11032641679048538
97,CN(C)C(=O)C(=O)NC12CCC(CC1)Cn1c2nc(C(=O)NCc2ccccc2)c(O)c1=O,25,15,c,0.0021403783466666937,0.020844247192144394
97,CN(C)C(=O)C(=O)NC12CCC(CC1)Cn1c2nc(C(=O)NCc2ccccc2)c(O)c1=O,26,15,c,0.0027191750705242157,0.025944072753190994
97,CN(C)C(=O)C(=O)NC12CCC(CC1)Cn1c2nc(C(=O)NCc2ccccc2)c(O)c1=O,27,15,c,0.0018730784067884088,0.018988532945513725
97,CN(C)C(=O)C(=O)NC12CCC(CC1)Cn1c2nc(C(=O)NCc2ccccc2)c(O)c1=O,28,15,c,0.0065431962721049786,0.047201406210660934
97,CN(C)C(=O)C(=O)NC12CCC(CC1)Cn1c2nc(C(=O)NCc2ccccc2)c(O)c1=O,29,15,c,0.022841066122055054,0.12248052656650543
97,CN(C)C(=O)C(=O)NC12CCC(CC1)Cn1c2nc(C(=O)NCc2ccccc2)c(O)c1=O,30,21,2,0.0011137921828776598,0.013203103095293045
97,CN(C)C(=O)C(=O)NC12CCC(CC1)Cn1c2nc(C(=O)NCc2ccccc2)c(O)c1=O,31,18,),0.004270040430128574,0.039596077054739
97,CN(C)C(=O)C(=O)NC12CCC(CC1)Cn1c2nc(C(=O)NCc2ccccc2)c(O)c1=O,32,15,c,0.2858183681964874,0.6482944488525391
97,CN(C)C(=O)C(=O)NC12CCC(CC1)Cn1c2nc(C(=O)NCc2ccccc2)c(O)c1=O,33,17,(,0.10033239424228668,0.44552120566368103
97,CN(C)C(=O)C(=O)NC12CCC(CC1)Cn1c2nc(C(=O)NCc2ccccc2)c(O)c1=O,34,19,O,0.4401630759239197,0.936944842338562
97,CN(C)C(=O)C(=O)NC12CCC(CC1)Cn1c2nc(C(=O)NCc2ccccc2)c(O)c1=O,35,18,),0.029772350564599037,0.16155873239040375
97,CN(C)C(=O)C(=O)NC12CCC(CC1)Cn1c2nc(C(=O)NCc2ccccc2)c(O)c1=O,36,15,c,0.7316142320632935,0.265727162361145
97,CN(C)C(=O)C(=O)NC12CCC(CC1)Cn1c2nc(C(=O)NCc2ccccc2)c(O)c1=O,37,20,1,0.08369185775518417,0.355265349149704
97,CN(C)C(=O)C(=O)NC12CCC(CC1)Cn1c2nc(C(=O)NCc2ccccc2)c(O)c1=O,38,16,C,0.9425861239433289,1.5297482013702393
97,CN(C)C(=O)C(=O)NC12CCC(CC1)Cn1c2nc(C(=O)NCc2ccccc2)c(O)c1=O,39,17,(,0.012344799004495144,0.09455394744873047
97,CN(C)C(=O)C(=O)NC12CCC(CC1)Cn1c2nc(C(=O)NCc2ccccc2)c(O)c1=O,40,22,=,0.0009571865084581077,0.01135764829814434
97,CN(C)C(=O)C(=O)NC12CCC(CC1)Cn1c2nc(C(=O)NCc2ccccc2)c(O)c1=O,41,19,O,0.0016550676664337516,0.017857905477285385
97,CN(C)C(=O)C(=O)NC12CCC(CC1)Cn1c2nc(C(=O)NCc2ccccc2)c(O)c1=O,42,18,),0.0005062924465164542,0.006804470904171467
97,CN(C)C(=O)C(=O)NC12CCC(CC1)Cn1c2nc(C(=O)NCc2ccccc2)c(O)c1=O,43,23,N,0.021072205156087875,0.1523609310388565
97,CN(C)C(=O)C(=O)NC12CCC(CC1)Cn1c2nc(C(=O)NCc2ccccc2)c(O)c1=O,44,16,C,0.41202935576438904,1.0258214473724365
97,CN(C)C(=O)C(=O)NC12CCC(CC1)Cn1c2nc(C(=O)NCc2ccccc2)c(O)c1=O,45,20,1,0.47520193457603455,0.8296497464179993
97,CN(C)C(=O)C(=O)NC12CCC(CC1)Cn1c2nc(C(=O)NCc2ccccc2)c(O)c1=O,46,17,(,0.6875605583190918,0.3052001893520355
97,CN(C)C(=O)C(=O)NC12CCC(CC1)Cn1c2nc(C(=O)NCc2ccccc2)c(O)c1=O,47,16,C,0.5968786478042603,0.7922124266624451
97,CN(C)C(=O)C(=O)NC12CCC(CC1)Cn1c2nc(C(=O)NCc2ccccc2)c(O)c1=O,48,22,=,1.7339078187942505,1.5765793323516846
97,CN(C)C(=O)C(=O)NC12CCC(CC1)Cn1c2nc(C(=O)NCc2ccccc2)c(O)c1=O,49,23,N,0.77637779712677,0.4753681421279907
97,CN(C)C(=O)C(=O)NC12CCC(CC1)Cn1c2nc(C(=O)NCc2ccccc2)c(O)c1=O,50,19,O,0.3358054459095001,0.7706175446510315
97,CN(C)C(=O)C(=O)NC12CCC(CC1)Cn1c2nc(C(=O)NCc2ccccc2)c(O)c1=O,51,18,),0.07409527897834778,0.3222142457962036
97,CN(C)C(=O)C(=O)NC12CCC(CC1)Cn1c2nc(C(=O)NCc2ccccc2)c(O)c1=O,52,16,C,0.001805787906050682,0.020525630563497543
97,CN(C)C(=O)C(=O)NC12CCC(CC1)Cn1c2nc(C(=O)NCc2ccccc2)c(O)c1=O,53,16,C,0.002757645444944501,0.029265066608786583
97,CN(C)C(=O)C(=O)NC12CCC(CC1)Cn1c2nc(C(=O)NCc2ccccc2)c(O)c1=O,54,16,C,0.0077676959335803986,0.06941328942775726
97,CN(C)C(=O)C(=O)NC12CCC(CC1)Cn1c2nc(C(=O)NCc2ccccc2)c(O)c1=O,55,16,C,0.038756467401981354,0.2242724448442459
97,CN(C)C(=O)C(=O)NC12CCC(CC1)Cn1c2nc(C(=O)NCc2ccccc2)c(O)c1=O,56,20,1,0.12301918864250183,0.43133580684661865
97,CN(C)C(=O)C(=O)NC12CCC(CC1)Cn1c2nc(C(=O)NCc2ccccc2)c(O)c1=O,57,13,[SEP],0.002445806981995702,0.024907125160098076
98,C[C@H](NC(=O)OC(C)(C)C)c1nc2cccc(C#N)c2c(=O)n1-c1cccnc1,0,16,C,0.0016392274992540479,0.018489543348550797
98,C[C@H](NC(=O)OC(C)(C)C)c1nc2cccc(C#N)c2c(=O)n1-c1cccnc1,1,33,[C@H],0.6470885276794434,0.7997651100158691
98,C[C@H](NC(=O)OC(C)(C)C)c1nc2cccc(C#N)c2c(=O)n1-c1cccnc1,2,17,(,0.023998739197850227,0.15018314123153687
98,C[C@H](NC(=O)OC(C)(C)C)c1nc2cccc(C#N)c2c(=O)n1-c1cccnc1,3,23,N,0.03695913404226303,0.22787173092365265
98,C[C@H](NC(=O)OC(C)(C)C)c1nc2cccc(C#N)c2c(=O)n1-c1cccnc1,4,16,C,0.0080979373306036,0.06782715767621994
98,C[C@H](NC(=O)OC(C)(C)C)c1nc2cccc(C#N)c2c(=O)n1-c1cccnc1,5,17,(,0.001686249510385096,0.017820924520492554
98,C[C@H](NC(=O)OC(C)(C)C)c1nc2cccc(C#N)c2c(=O)n1-c1cccnc1,6,22,=,0.0011449992889538407,0.013127090409398079
98,C[C@H](NC(=O)OC(C)(C)C)c1nc2cccc(C#N)c2c(=O)n1-c1cccnc1,7,19,O,0.001296146190725267,0.014423615299165249
98,C[C@H](NC(=O)OC(C)(C)C)c1nc2cccc(C#N)c2c(=O)n1-c1cccnc1,8,18,),0.0005342924268916249,0.0071202609688043594
98,C[C@H](NC(=O)OC(C)(C)C)c1nc2cccc(C#N)c2c(=O)n1-c1cccnc1,9,19,O,0.07931572198867798,0.3271346688270569
98,C[C@H](NC(=O)OC(C)(C)C)c1nc2cccc(C#N)c2c(=O)n1-c1cccnc1,10,16,C,0.004987835418432951,0.04712672531604767
98,C[C@H](NC(=O)OC(C)(C)C)c1nc2cccc(C#N)c2c(=O)n1-c1cccnc1,11,17,(,0.00377834914252162,0.03451961278915405
98,C[C@H](NC(=O)OC(C)(C)C)c1nc2cccc(C#N)c2c(=O)n1-c1cccnc1,12,16,C,0.0019763889722526073,0.02094057947397232
98,C[C@H](NC(=O)OC(C)(C)C)c1nc2cccc(C#N)c2c(=O)n1-c1cccnc1,13,18,),0.0006699428195133805,0.00867919810116291
98,C[C@H](NC(=O)OC(C)(C)C)c1nc2cccc(C#N)c2c(=O)n1-c1cccnc1,14,17,(,0.0012686889385804534,0.014015973545610905
98,C[C@H](NC(=O)OC(C)(C)C)c1nc2cccc(C#N)c2c(=O)n1-c1cccnc1,15,16,C,0.0009240955114364624,0.011000299826264381
98,C[C@H](NC(=O)OC(C)(C)C)c1nc2cccc(C#N)c2c(=O)n1-c1cccnc1,16,18,),0.0006190701387822628,0.00808442011475563
98,C[C@H](NC(=O)OC(C)(C)C)c1nc2cccc(C#N)c2c(=O)n1-c1cccnc1,17,16,C,0.0010390612296760082,0.012213420122861862
98,C[C@H](NC(=O)OC(C)(C)C)c1nc2cccc(C#N)c2c(=O)n1-c1cccnc1,18,18,),0.0007235954399220645,0.009308841079473495
98,C[C@H](NC(=O)OC(C)(C)C)c1nc2cccc(C#N)c2c(=O)n1-c1cccnc1,19,15,c,0.01340856309980154,0.09458434581756592
98,C[C@H](NC(=O)OC(C)(C)C)c1nc2cccc(C#N)c2c(=O)n1-c1cccnc1,20,20,1,0.000991260283626616,0.011928184889256954
98,C[C@H](NC(=O)OC(C)(C)C)c1nc2cccc(C#N)c2c(=O)n1-c1cccnc1,21,25,n,0.44080469012260437,0.5252293348312378
98,C[C@H](NC(=O)OC(C)(C)C)c1nc2cccc(C#N)c2c(=O)n1-c1cccnc1,22,15,c,0.48133593797683716,0.5061089396476746
98,C[C@H](NC(=O)OC(C)(C)C)c1nc2cccc(C#N)c2c(=O)n1-c1cccnc1,23,21,2,0.02885875105857849,0.1758321076631546
98,C[C@H](NC(=O)OC(C)(C)C)c1nc2cccc(C#N)c2c(=O)n1-c1cccnc1,24,15,c,0.004125584848225117,0.03601553291082382
98,C[C@H](NC(=O)OC(C)(C)C)c1nc2cccc(C#N)c2c(=O)n1-c1cccnc1,25,15,c,0.014215542934834957,0.10301239788532257
98,C[C@H](NC(=O)OC(C)(C)C)c1nc2cccc(C#N)c2c(=O)n1-c1cccnc1,26,15,c,0.002505436772480607,0.024882415309548378
98,C[C@H](NC(=O)OC(C)(C)C)c1nc2cccc(C#N)c2c(=O)n1-c1cccnc1,27,15,c,0.032559435814619064,0.1759507656097412
98,C[C@H](NC(=O)OC(C)(C)C)c1nc2cccc(C#N)c2c(=O)n1-c1cccnc1,28,17,(,0.016025740653276443,0.1190868616104126
98,C[C@H](NC(=O)OC(C)(C)C)c1nc2cccc(C#N)c2c(=O)n1-c1cccnc1,29,16,C,0.7359044551849365,0.3394465446472168
98,C[C@H](NC(=O)OC(C)(C)C)c1nc2cccc(C#N)c2c(=O)n1-c1cccnc1,30,38,#,0.45275235176086426,0.7475847005844116
98,C[C@H](NC(=O)OC(C)(C)C)c1nc2cccc(C#N)c2c(=O)n1-c1cccnc1,31,23,N,0.00556948920711875,0.05278652161359787
98,C[C@H](NC(=O)OC(C)(C)C)c1nc2cccc(C#N)c2c(=O)n1-c1cccnc1,32,18,),0.021118421107530594,0.16917358338832855
98,C[C@H](NC(=O)OC(C)(C)C)c1nc2cccc(C#N)c2c(=O)n1-c1cccnc1,33,25,n,0.22159790992736816,0.48061221837997437
98,C[C@H](NC(=O)OC(C)(C)C)c1nc2cccc(C#N)c2c(=O)n1-c1cccnc1,34,21,2,0.3060624897480011,0.8318436741828918
98,C[C@H](NC(=O)OC(C)(C)C)c1nc2cccc(C#N)c2c(=O)n1-c1cccnc1,35,25,n,0.6804782748222351,0.09011708945035934
98,C[C@H](NC(=O)OC(C)(C)C)c1nc2cccc(C#N)c2c(=O)n1-c1cccnc1,36,15,c,0.6743467450141907,0.6805727481842041
98,C[C@H](NC(=O)OC(C)(C)C)c1nc2cccc(C#N)c2c(=O)n1-c1cccnc1,37,20,1,0.008283039554953575,0.06252384185791016
98,C[C@H](NC(=O)OC(C)(C)C)c1nc2cccc(C#N)c2c(=O)n1-c1cccnc1,38,31,-,0.09927158802747726,0.49186092615127563
98,C[C@H](NC(=O)OC(C)(C)C)c1nc2cccc(C#N)c2c(=O)n1-c1cccnc1,39,15,c,0.002237483859062195,0.02298237383365631
98,C[C@H](NC(=O)OC(C)(C)C)c1nc2cccc(C#N)c2c(=O)n1-c1cccnc1,40,20,1,0.0010889110853895545,0.013513397425413132
98,C[C@H](NC(=O)OC(C)(C)C)c1nc2cccc(C#N)c2c(=O)n1-c1cccnc1,41,15,c,0.001068423967808485,0.011490835808217525
98,C[C@H](NC(=O)OC(C)(C)C)c1nc2cccc(C#N)c2c(=O)n1-c1cccnc1,42,15,c,0.0006671229493804276,0.008172173984348774
98,C[C@H](NC(=O)OC(C)(C)C)c1nc2cccc(C#N)c2c(=O)n1-c1cccnc1,43,15,c,0.009086833335459232,0.06121552735567093
98,C[C@H](NC(=O)OC(C)(C)C)c1nc2cccc(C#N)c2c(=O)n1-c1cccnc1,44,25,n,0.025524957105517387,0.13480699062347412
98,C[C@H](NC(=O)OC(C)(C)C)c1nc2cccc(C#N)c2c(=O)n1-c1cccnc1,45,15,c,0.0026630875654518604,0.025681044906377792
98,C[C@H](NC(=O)OC(C)(C)C)c1nc2cccc(C#N)c2c(=O)n1-c1cccnc1,46,20,1,0.0011447040596976876,0.014121945016086102
98,C[C@H](NC(=O)OC(C)(C)C)c1nc2cccc(C#N)c2c(=O)n1-c1cccnc1,47,13,[SEP],0.0032936586067080498,0.029147131368517876
99,CCN(CC)C(=O)NCCCO,0,16,C,0.0015998106682673097,0.018199002370238304
99,CCN(CC)C(=O)NCCCO,1,16,C,0.0017397444462403655,0.019672434777021408
99,CCN(CC)C(=O)NCCCO,2,23,N,0.05902526527643204,0.44043487310409546
99,CCN(CC)C(=O)NCCCO,3,17,(,0.026174135506153107,0.15143650770187378
99,CCN(CC)C(=O)NCCCO,4,16,C,0.2798391580581665,0.5422966480255127
99,CCN(CC)C(=O)NCCCO,5,16,C,0.04693961516022682,0.2748488783836365
99,CCN(CC)C(=O)NCCCO,6,18,),0.08722751587629318,0.4334150552749634
99,CCN(CC)C(=O)NCCCO,7,16,C,0.009523858316242695,0.0824088305234909
99,CCN(CC)C(=O)NCCCO,8,17,(,0.004122904967516661,0.037751566618680954
99,CCN(CC)C(=O)NCCCO,9,22,=,0.0022891387343406677,0.023972610011696815
99,CCN(CC)C(=O)NCCCO,10,19,O,0.0011067319428548217,0.013357378542423248
99,CCN(CC)C(=O)NCCCO,11,18,),0.0005381284863688052,0.007235255092382431
99,CCN(CC)C(=O)NCCCO,12,23,N,0.001866913982667029,0.021315257996320724
99,CCN(CC)C(=O)NCCCO,13,16,C,0.0040613943710923195,0.04304279386997223
99,CCN(CC)C(=O)NCCCO,14,16,C,0.004750004503875971,0.049283772706985474
99,CCN(CC)C(=O)NCCCO,15,16,C,0.0032703722827136517,0.03260800242424011
99,CCN(CC)C(=O)NCCCO,16,19,O,0.004728775005787611,0.05053573101758957
99,CCN(CC)C(=O)NCCCO,17,13,[SEP],0.0021785935387015343,0.02220458909869194
